# Terrain OBJ generated dynamically
v -50.0 -50.0 3.1490111038785518
v -49.0 -50.0 3.390956203228545
v -48.0 -50.0 3.6395953958450624
v -47.0 -50.0 3.893162511948316
v -46.0 -50.0 4.149699575120101
v -45.0 -50.0 4.407099944319024
v -44.0 -50.0 4.66316049644428
v -43.0 -50.0 4.915641159634966
v -42.0 -50.0 5.162329582575755
v -41.0 -50.0 5.40110829721779
v -40.0 -50.0 5.630021437639391
v -39.0 -50.0 5.84733794469561
v -38.0 -50.0 6.051608232527599
v -37.0 -50.0 6.241711524192712
v -36.0 -50.0 6.416891471230271
v -35.0 -50.0 6.576778233935801
v -34.0 -50.0 6.72139588129842
v -33.0 -50.0 6.851154728032575
v -32.0 -50.0 6.966829010631716
v -31.0 -50.0 7.069521062300944
v -30.0 -50.0 7.1606138273740445
v -29.0 -50.0 7.241714114877471
v -28.0 -50.0 7.3145893934420405
v -27.0 -50.0 7.381101153324038
v -26.0 -50.0 7.443137897340206
v -25.0 -50.0 7.502550676702389
v -24.0 -50.0 7.561093778929025
v -23.0 -50.0 7.62037273318811
v -22.0 -50.0 7.681801261671726
v -21.0 -50.0 7.746568216549149
v -20.0 -50.0 7.815614944128659
v -19.0 -50.0 7.889622951738785
v -18.0 -50.0 7.969011253331425
v -17.0 -50.0 8.053942363557516
v -16.0 -50.0 8.144335614140504
v -15.0 -50.0 8.23988628782632
v -14.0 -50.0 8.34008900152988
v -13.0 -50.0 8.444263810749835
v -12.0 -50.0 8.551583634653927
v -11.0 -50.0 8.661101793943335
v -10.0 -50.0 8.771778688188206
v -9.0 -50.0 8.88250689245563
v -8.0 -50.0 8.992134203413464
v -7.0 -50.0 9.099484394820637
v -6.0 -50.0 9.203375637910764
v -5.0 -50.0 9.302636694937624
v -4.0 -50.0 9.39612110012464
v -3.0 -50.0 9.48271960181099
v -2.0 -50.0 9.561371156685588
v -1.0 -50.0 9.631072748334484
v 0.0 -50.0 9.690888256344524
v 1.0 -50.0 9.73995653817992
v 2.0 -50.0 9.777498813239376
v 3.0 -50.0 9.80282536546273
v 4.0 -50.0 9.815341514908738
v 5.0 -50.0 9.814552755608059
v 6.0 -50.0 9.800068920685483
v 7.0 -50.0 9.771607218420357
v 8.0 -50.0 9.728993985042882
v 9.0 -50.0 9.672165020582002
v 10.0 -50.0 9.601164410637415
v 11.0 -50.0 9.51614178619259
v 12.0 -50.0 9.417348031472757
v 13.0 -50.0 9.305129511953552
v 14.0 -50.0 9.179920956431381
v 15.0 -50.0 9.042237184261534
v 16.0 -50.0 8.892663917586479
v 17.0 -50.0 8.731847955404048
v 18.0 -50.0 8.56048700927703
v 19.0 -50.0 8.379319507916566
v 20.0 -50.0 8.189114669337886
v 21.0 -50.0 7.99066311535108
v 22.0 -50.0 7.784768265326377
v 23.0 -50.0 7.572238696821749
v 24.0 -50.0 7.353881602823798
v 25.0 -50.0 7.130497412560935
v 26.0 -50.0 6.9028755788889
v 27.0 -50.0 6.671791473926122
v 28.0 -50.0 6.438004279507113
v 29.0 -50.0 6.202255713250544
v 30.0 -50.0 5.965269397083162
v 31.0 -50.0 5.727750654605157
v 32.0 -50.0 5.490386517521327
v 33.0 -50.0 5.253845729369304
v 34.0 -50.0 5.018778555932982
v 35.0 -50.0 4.785816244217335
v 36.0 -50.0 4.5555700132021135
v 37.0 -50.0 4.32862950683381
v 38.0 -50.0 4.105560689640556
v 39.0 -50.0 3.8869032147038123
v 40.0 -50.0 3.673167339408331
v 41.0 -50.0 3.464830503702696
v 42.0 -50.0 3.2623337163537043
v 43.0 -50.0 3.066077915335519
v 44.0 -50.0 2.8764204782424856
v 45.0 -50.0 2.693672057367159
v 46.0 -50.0 2.5180939024506555
v 47.0 -50.0 2.3498958133106966
v 48.0 -50.0 2.189234836295912
v 49.0 -50.0 2.036214784863078
v -50.0 -49.0 3.350573091944997
v -49.0 -49.0 3.611538913648462
v -48.0 -49.0 3.879504328124429
v -47.0 -49.0 4.152454815043162
v -46.0 -49.0 4.428162367201366
v -45.0 -49.0 4.704235263465912
v -44.0 -49.0 4.978177990871833
v -43.0 -49.0 5.247459351620181
v -42.0 -49.0 5.509586201911359
v -41.0 -49.0 5.762179794108598
v -40.0 -49.0 6.003051371996496
v -39.0 -49.0 6.230273532241311
v -38.0 -49.0 6.44224393279663
v -37.0 -49.0 6.637738205759714
v -36.0 -49.0 6.815949407413851
v -35.0 -49.0 6.976511985990342
v -34.0 -49.0 7.1195090285125175
v -33.0 -49.0 7.245462411640828
v -32.0 -49.0 7.355306370553011
v -31.0 -49.0 7.450345855108724
v -30.0 -49.0 7.5322018069478
v -29.0 -49.0 7.602746115006294
v -28.0 -49.0 7.664029451601417
v -27.0 -49.0 7.718205432231556
v -26.0 -49.0 7.767454570819254
v -25.0 -49.0 7.813911325547556
v -24.0 -49.0 7.859597170772246
v -23.0 -49.0 7.90636212218039
v -22.0 -49.0 7.955836528815849
v -21.0 -49.0 8.009394275147683
v -20.0 -49.0 8.068127858073368
v -19.0 -49.0 8.132835163386112
v -18.0 -49.0 8.204017202827629
v -17.0 -49.0 8.28188561612723
v -16.0 -49.0 8.366378411282883
v -15.0 -49.0 8.457182218357168
v -14.0 -49.0 8.55375926409433
v -13.0 -49.0 8.655377324277175
v -12.0 -49.0 8.761141058287484
v -11.0 -49.0 8.87002335142029
v -10.0 -49.0 8.980895558558888
v -9.0 -49.0 9.092555831518244
v -8.0 -49.0 9.203754997703404
v -7.0 -49.0 9.313219719611807
v -6.0 -49.0 9.419672887978193
v -5.0 -49.0 9.521851376260857
v -4.0 -49.0 9.618521406280092
v -3.0 -49.0 9.708491844570142
v -2.0 -49.0 9.790625770858338
v -1.0 -49.0 9.863850641536427
v 0.0 -49.0 9.927167321495258
v 1.0 -49.0 9.979658187621881
v 2.0 -49.0 10.020494426948359
v 3.0 -49.0 10.048942571433749
v 4.0 -49.0 10.064370237809408
v 5.0 -49.0 10.066250981210148
v 6.0 -49.0 10.054168129869115
v 7.0 -49.0 10.027817447394318
v 8.0 -49.0 9.98700846959248
v 9.0 -49.0 9.931664383291377
v 10.0 -49.0 9.861820352548426
v 11.0 -49.0 9.777620249336648
v 12.0 -49.0 9.679311806832198
v 13.0 -49.0 9.567240278941156
v 14.0 -49.0 9.441840754771698
v 15.0 -49.0 9.303629336683219
v 16.0 -49.0 9.153193441131952
v 17.0 -49.0 8.991181519320236
v 18.0 -49.0 8.81829251709484
v 19.0 -49.0 8.635265399116285
v 20.0 -49.0 8.442869050626015
v 21.0 -49.0 8.241892841862473
v 22.0 -49.0 8.033138097053216
v 23.0 -49.0 7.8174106545846636
v 24.0 -49.0 7.595514640813347
v 25.0 -49.0 7.368247510937483
v 26.0 -49.0 7.136396340569193
v 27.0 -49.0 6.900735285305797
v 28.0 -49.0 6.662024066596394
v 29.0 -49.0 6.421007293924382
v 30.0 -49.0 6.178414398436964
v 31.0 -49.0 5.934959933420278
v 32.0 -49.0 5.691343993224607
v 33.0 -49.0 5.448252514148495
v 34.0 -49.0 5.20635724716905
v 35.0 -49.0 4.9663152311528025
v 36.0 -49.0 4.728767643472118
v 37.0 -49.0 4.49433795944735
v 38.0 -49.0 4.263629409118118
v 39.0 -49.0 4.037221775870988
v 40.0 -49.0 3.815667632978334
v 41.0 -49.0 3.5994881581247893
v 42.0 -49.0 3.389168700109745
v 43.0 -49.0 3.1851542944484765
v 44.0 -49.0 2.987845334689301
v 45.0 -49.0 2.7975936038786786
v 46.0 -49.0 2.6146988564755045
v 47.0 -49.0 2.439406116557044
v 48.0 -49.0 2.2719038253359427
v 49.0 -49.0 2.112322932167943
v -50.0 -48.0 3.5624611301776654
v -49.0 -48.0 3.8434699347570236
v -48.0 -48.0 4.131770955678678
v -47.0 -48.0 4.425082373686426
v -46.0 -48.0 4.72088642816484
v -45.0 -48.0 5.016486389529981
v -44.0 -48.0 5.309074833415025
v -43.0 -48.0 5.59581095182859
v -42.0 -48.0 5.873903981481711
v -41.0 -48.0 6.1406993058280195
v -40.0 -48.0 6.393763439704516
v -39.0 -48.0 6.630963968061801
v -38.0 -48.0 6.850540603535488
v -37.0 -48.0 7.05116385564786
v -36.0 -48.0 7.231978353960551
v -35.0 -48.0 7.3926286082437445
v -34.0 -48.0 7.533265875319221
v -33.0 -48.0 7.654535777531525
v -32.0 -48.0 7.757547317317226
v -31.0 -48.0 7.8438248894000875
v -30.0 -48.0 7.915245743272922
v -29.0 -48.0 7.973966038712859
v -28.0 -48.0 8.022339123720435
v -27.0 -48.0 8.06282992102344
v -26.0 -48.0 8.097929327398996
v -25.0 -48.0 8.130072318668875
v -24.0 -48.0 8.161563037907424
v -23.0 -48.0 8.194509564436144
v -22.0 -48.0 8.230770365642435
v -21.0 -48.0 8.271913676922237
v -20.0 -48.0 8.319190292052813
v -19.0 -48.0 8.373519528116896
v -18.0 -48.0 8.43548749910856
v -17.0 -48.0 8.505356323432245
v -16.0 -48.0 8.58308252335521
v -15.0 -48.0 8.668342657139025
v -14.0 -48.0 8.760564153137514
v -13.0 -48.0 8.858959375357065
v -12.0 -48.0 8.962561119598655
v -11.0 -48.0 9.070257990887212
v -10.0 -48.0 9.180828416634027
v -9.0 -48.0 9.292972376408136
v -8.0 -48.0 9.405340251496774
v -7.0 -48.0 9.516558493205354
v -6.0 -48.0 9.625252061213802
v -5.0 -48.0 9.730063781434973
v -4.0 -48.0 9.829670911831213
v -3.0 -48.0 9.92279928505024
v -2.0 -48.0 10.008235423536753
v -1.0 -48.0 10.084837004319068
v 0.0 -48.0 10.151541997478594
v 1.0 -48.0 10.207376725899033
v 2.0 -48.0 10.251463005731077
v 3.0 -48.0 10.283024437664707
v 4.0 -48.0 10.30139183759759
v 5.0 -48.0 10.306007728681024
v 6.0 -48.0 10.29642976989196
v 7.0 -48.0 10.272332971889076
v 8.0 -48.0 10.233510549538636
v 9.0 -48.0 10.17987328085779
v 10.0 -48.0 10.111447281382492
v 11.0 -48.0 10.028370157092834
v 12.0 -48.0 9.930885563172343
v 13.0 -48.0 9.819336264755684
v 14.0 -48.0 9.69415586407404
v 15.0 -48.0 9.555859420947886
v 16.0 -48.0 9.405033245872541
v 17.0 -48.0 9.242324183274388
v 18.0 -48.0 9.068428724172646
v 19.0 -48.0 8.884082290890152
v 20.0 -48.0 8.690049021248063
v 21.0 -48.0 8.487112346688122
v 22.0 -48.0 8.27606660995602
v 23.0 -48.0 8.05770990630662
v 24.0 -48.0 7.832838261408009
v 25.0 -48.0 7.602241183529246
v 26.0 -48.0 7.366698551771932
v 27.0 -48.0 7.126978730602793
v 28.0 -48.0 6.88383773800424
v 29.0 -48.0 6.638019243839815
v 30.0 -48.0 6.390255139374892
v 31.0 -48.0 6.141266400154676
v 32.0 -48.0 5.891763963381107
v 33.0 -48.0 5.642449357179836
v 34.0 -48.0 5.3940148512584205
v 35.0 -48.0 5.147142944012603
v 36.0 -48.0 4.902505056941606
v 37.0 -48.0 4.660759369534436
v 38.0 -48.0 4.4225477925457675
v 39.0 -48.0 4.1884921407334055
v 40.0 -48.0 3.959189623870718
v 41.0 -48.0 3.7352078238573463
v 42.0 -48.0 3.5170793633953057
v 43.0 -48.0 3.305296496167423
v 44.0 -48.0 3.100305858845947
v 45.0 -48.0 2.9025036215817157
v 46.0 -48.0 2.7122312567525557
v 47.0 -48.0 2.529772117314014
v 48.0 -48.0 2.355348978330828
v 49.0 -48.0 2.1891226508293093
v -50.0 -47.0 3.7833901966310255
v -49.0 -47.0 4.085312815404303
v -48.0 -47.0 4.394801359842152
v -47.0 -47.0 4.709289635418063
v -46.0 -47.0 5.025952581061213
v -45.0 -47.0 5.341770968838739
v -44.0 -47.0 5.65360858698512
v -43.0 -47.0 5.958299316033832
v -42.0 -47.0 6.252740785293906
v -41.0 -47.0 6.533990725278704
v -40.0 -47.0 6.79936175995739
v -39.0 -47.0 7.046510247939687
v -38.0 -47.0 7.273514905295458
v -37.0 -47.0 7.478941327737819
v -36.0 -47.0 7.661889160069382
v -35.0 -47.0 7.822019501012092
v -34.0 -47.0 7.959561130176292
v -33.0 -47.0 8.07529523658145
v -32.0 -47.0 8.170519442663805
v -31.0 -47.0 8.24699297993484
v -30.0 -47.0 8.306865812209239
v -29.0 -47.0 8.352595259057031
v -28.0 -47.0 8.38685419972289
v -27.0 -47.0 8.4124352079548
v -26.0 -47.0 8.432154972479724
v -25.0 -47.0 8.44876310754499
v -24.0 -47.0 8.464858982445481
v -23.0 -47.0 8.48281954268631
v -22.0 -47.0 8.504740313434601
v -21.0 -47.0 8.532390928844045
v -20.0 -47.0 8.567185679725792
v -19.0 -47.0 8.610168773390335
v -18.0 -47.0 8.662013301103444
v -17.0 -47.0 8.723032346512035
v -16.0 -47.0 8.793200265055713
v -15.0 -47.0 8.872181928202387
v -14.0 -47.0 8.959367652510377
v -13.0 -47.0 9.053911605817934
v -12.0 -47.0 9.154771676326972
v -11.0 -47.0 9.260749074323245
v -10.0 -47.0 9.370526277585771
v -9.0 -47.0 9.482702297474587
v -8.0 -47.0 9.59582460354055
v -7.0 -47.0 9.708417375498458
v -6.0 -47.0 9.819006033932475
v -5.0 -47.0 9.926138223244864
v -4.0 -47.0 10.028401576786843
v -3.0 -47.0 10.124438685451558
v -2.0 -47.0 10.212959722830755
v -1.0 -47.0 10.292753161599217
v 0.0 -47.0 10.36269495872041
v 1.0 -47.0 10.421756504066526
v 2.0 -47.0 10.469011530752582
v 3.0 -47.0 10.503642087522527
v 4.0 -47.0 10.524943583808518
v 5.0 -47.0 10.532328844353874
v 6.0 -47.0 10.525331057888076
v 7.0 -47.0 10.503605476184312
v 8.0 -47.0 10.46692971654076
v 9.0 -47.0 10.415202540898406
v 10.0 -47.0 10.34844102534283
v 11.0 -47.0 10.26677609024265
v 12.0 -47.0 10.170446428482103
v 13.0 -47.0 10.05979094141583
v 14.0 -47.0 9.935239863513472
v 15.0 -47.0 9.79730482167459
v 16.0 -47.0 9.64656812901079
v 17.0 -47.0 9.483671651535609
v 18.0 -47.0 9.309305606800729
v 19.0 -47.0 9.124197654441215
v 20.0 -47.0 8.929102619525889
v 21.0 -47.0 8.72479315154118
v 22.0 -47.0 8.512051566979473
v 23.0 -47.0 8.291663055137914
v 24.0 -47.0 8.06441034899353
v 25.0 -47.0 7.831069880622879
v 26.0 -47.0 7.5924093585732075
v 27.0 -47.0 7.349186627819924
v 28.0 -47.0 7.1021496060509595
v 29.0 -47.0 6.852037036936571
v 30.0 -47.0 6.599579764801342
v 31.0 -47.0 6.34550221764876
v 32.0 -47.0 6.090523787525762
v 33.0 -47.0 5.8353598182458075
v 34.0 -47.0 5.580721948821291
v 35.0 -47.0 5.327317613844071
v 36.0 -47.0 5.075848565903563
v 37.0 -47.0 4.827008355757406
v 38.0 -47.0 4.581478778880269
v 39.0 -47.0 4.339925367720255
v 40.0 -47.0 4.1029920732910545
v 41.0 -47.0 3.8712953339775726
v 42.0 -47.0 3.645417770759192
v 43.0 -47.0 3.4259017745066056
v 44.0 -47.0 3.213243261638777
v 45.0 -47.0 3.0078858693053347
v 46.0 -47.0 2.8102158414107485
v 47.0 -47.0 2.620557824079474
v 48.0 -47.0 2.4391717460989932
v 49.0 -47.0 2.26625090945381
v -50.0 -46.0 4.011643318907777
v -49.0 -46.0 4.335155806993593
v -48.0 -46.0 4.666482807722077
v -47.0 -46.0 5.002759235002076
v -46.0 -46.0 5.34083808934457
v -45.0 -46.0 5.677363352590447
v -44.0 -46.0 6.0088565589090805
v -43.0 -46.0 6.331814103662032
v -42.0 -46.0 6.642811561378152
v -41.0 -46.0 6.938610665636171
v -40.0 -46.0 7.216264210435115
v -39.0 -46.0 7.4732140043878275
v -38.0 -46.0 7.7073771678818055
v -37.0 -46.0 7.9172165109306345
v -36.0 -46.0 8.101791446088836
v -35.0 -46.0 8.260786836205172
v -34.0 -46.0 8.394518292646241
v -33.0 -46.0 8.50391365394694
v -32.0 -46.0 8.590471607549757
v -31.0 -46.0 8.656199586569185
v -30.0 -46.0 8.703534102409439
v -29.0 -46.0 8.735247496648999
v -28.0 -46.0 8.754345662162391
v -27.0 -46.0 8.763961564160462
v -26.0 -46.0 8.767249378680356
v -25.0 -46.0 8.767283772791805
v -24.0 -46.0 8.766968310978633
v -23.0 -46.0 8.768956235624929
v -22.0 -46.0 8.77558599752934
v -21.0 -46.0 8.78883297199854
v -20.0 -46.0 8.810277854568511
v -19.0 -46.0 8.841091349761315
v -18.0 -46.0 8.882033998725158
v -17.0 -46.0 8.933469376249128
v -16.0 -46.0 8.995388448605684
v -15.0 -46.0 9.067442629618684
v -14.0 -46.0 9.148982997428138
v -13.0 -46.0 9.239103220328019
v -12.0 -46.0 9.336683958965258
v -11.0 -46.0 9.440436830134882
v -10.0 -46.0 9.54894639776213
v -9.0 -46.0 9.660709063408962
v -8.0 -46.0 9.774168129141469
v -7.0 -46.0 9.887744672684125
v -6.0 -46.0 9.99986418811307
v -5.0 -46.0 10.108979191919364
v -4.0 -46.0 10.213588168354946
v -3.0 -46.0 10.312251330333764
v -2.0 -46.0 10.403603708971294
v -1.0 -46.0 10.486366066307351
v 0.0 -46.0 10.559354064635194
v 1.0 -46.0 10.621486036075252
v 2.0 -46.0 10.671789591409825
v 3.0 -46.0 10.709407200434638
v 4.0 -46.0 10.733600777998925
v 5.0 -46.0 10.743755228927457
v 6.0 -46.0 10.739380846953594
v 7.0 -46.0 10.72011443080089
v 8.0 -46.0 10.685718975297904
v 9.0 -46.0 10.636081815355892
v 10.0 -46.0 10.571211142413327
v 11.0 -46.0 10.491230871790679
v 12.0 -46.0 10.39637390959896
v 13.0 -46.0 10.286973943215862
v 14.0 -46.0 10.163455953638364
v 15.0 -46.0 10.026325715338649
v 16.0 -46.0 9.876158604378091
v 17.0 -46.0 9.713588074240276
v 18.0 -46.0 9.539294178098952
v 19.0 -46.0 9.353992514363929
v 20.0 -46.0 9.158423949092409
v 21.0 -46.0 8.953345425371841
v 22.0 -46.0 8.739522108546689
v 23.0 -46.0 8.517721040797777
v 24.0 -46.0 8.28870639361913
v 25.0 -46.0 8.053236317319136
v 26.0 -46.0 7.812061298228199
v 27.0 -46.0 7.5659238521833005
v 28.0 -46.0 7.315559312027716
v 29.0 -46.0 7.061697411525288
v 30.0 -46.0 6.805064331456206
v 31.0 -46.0 6.546384857745476
v 32.0 -46.0 6.286384306963496
v 33.0 -46.0 6.0257899007665126
v 34.0 -46.0 5.765331315858941
v 35.0 -46.0 5.50574019676517
v 36.0 -46.0 5.247748491084662
v 37.0 -46.0 4.992085546325916
v 38.0 -46.0 4.739473988912502
v 39.0 -46.0 4.490624484584962
v 40.0 -46.0 4.24622955058151
v 41.0 -46.0 4.006956649688252
v 42.0 -46.0 3.773440841384828
v 43.0 -46.0 3.546277293776636
v 44.0 -46.0 3.326013970814135
v 45.0 -46.0 3.113144802587589
v 46.0 -46.0 2.9081036234378232
v 47.0 -46.0 2.711259125341879
v 48.0 -46.0 2.522911025345321
v 49.0 -46.0 2.3432875890490332
v -50.0 -45.0 4.245070387258198
v -49.0 -45.0 4.590611723275518
v -48.0 -45.0 4.944184893133012
v -47.0 -45.0 5.302614652691752
v -46.0 -45.0 5.662421062599307
v -45.0 -45.0 6.019900965726825
v -44.0 -45.0 6.371224325584295
v -43.0 -45.0 6.712542119416748
v -42.0 -45.0 7.04010162236162
v -41.0 -45.0 7.350364255949934
v -40.0 -45.0 7.640120762888863
v -39.0 -45.0 7.906598352637777
v -38.0 -45.0 8.147554661266799
v -37.0 -45.0 8.361353884445892
v -36.0 -45.0 8.547021250658503
v -35.0 -45.0 8.704273056947564
v -34.0 -45.0 8.833520726392587
v -33.0 -45.0 8.935848685250079
v -32.0 -45.0 9.012967210085714
v -31.0 -45.0 9.067142671770656
v -30.0 -45.0 9.101108720234382
v -29.0 -45.0 9.11796284020732
v -28.0 -45.0 9.121053310756958
v -27.0 -45.0 9.11386188910236
v -26.0 -45.0 9.099887504767372
v -25.0 -45.0 9.08253591009825
v -24.0 -45.0 9.065019625500513
v -23.0 -45.0 9.050271697891288
v -22.0 -45.0 9.040875826415771
v -21.0 -45.0 9.039014374093307
v -20.0 -45.0 9.0464347511996
v -19.0 -45.0 9.064433693298144
v -18.0 -45.0 9.093858120454078
v -17.0 -45.0 9.135120596393833
v -16.0 -45.0 9.188226932855232
v -15.0 -45.0 9.252813213876651
v -14.0 -45.0 9.328189440281108
v -13.0 -45.0 9.4133870956208
v -12.0 -45.0 9.507208180584419
v -11.0 -45.0 9.608273615985823
v -10.0 -45.0 9.71506933483218
v -9.0 -45.0 9.825988832273067
v -8.0 -45.0 9.939371382896487
v -7.0 -45.0 10.053535538337778
v -6.0 -45.0 10.166807862439459
v -5.0 -45.0 10.277547132230188
v -4.0 -45.0 10.384164424646505
v -3.0 -45.0 10.485139622159332
v -2.0 -45.0 10.579034912100058
v -1.0 -45.0 10.664505835671106
v 0.0 -45.0 10.740310377297252
v 1.0 -45.0 10.80531648827696
v 2.0 -45.0 10.858508325646104
v 3.0 -45.0 10.898991371545835
v 4.0 -45.0 10.925996491901728
v 5.0 -45.0 10.938882904987654
v 6.0 -45.0 10.937139966728681
v 7.0 -45.0 10.920387643786313
v 8.0 -45.0 10.888375538264249
v 9.0 -45.0 10.840980347591188
v 10.0 -45.0 10.778201686130828
v 11.0 -45.0 10.700156256195505
v 12.0 -45.0 10.607070429255868
v 13.0 -45.0 10.499271376592532
v 14.0 -45.0 10.3771769657323
v 15.0 -45.0 10.241284708441658
v 16.0 -45.0 10.092160102261362
v 17.0 -45.0 9.930424746074456
v 18.0 -45.0 9.756744627826285
v 19.0 -45.0 9.571818977542677
v 20.0 -45.0 9.376370051038624
v 21.0 -45.0 9.171134160509625
v 22.0 -45.0 8.956854200299963
v 23.0 -45.0 8.734273833521188
v 24.0 -45.0 8.50413341279049
v 25.0 -45.0 8.26716761175796
v 26.0 -45.0 8.02410464916479
v 27.0 -45.0 7.775666899696704
v 28.0 -45.0 7.522572611176262
v 29.0 -45.0 7.265538390170113
v 30.0 -45.0 7.005282081268224
v 31.0 -45.0 6.742525651201443
v 32.0 -45.0 6.477997698239142
v 33.0 -45.0 6.212435239118157
v 34.0 -45.0 5.946584477868306
v 35.0 -45.0 5.681200329856551
v 36.0 -45.0 5.417044555725314
v 37.0 -45.0 5.154882448529467
v 38.0 -45.0 4.895478107834566
v 39.0 -45.0 4.639588421416207
v 40.0 -45.0 4.387955953473717
v 41.0 -45.0 4.141301003615701
v 42.0 -45.0 3.9003131499162107
v 43.0 -45.0 3.6656426198337515
v 44.0 -45.0 3.4378918437083783
v 45.0 -45.0 3.2176075371108785
v 46.0 -45.0 3.005273631869379
v 47.0 -45.0 2.8013053334994815
v 48.0 -45.0 2.606044528162092
v 49.0 -45.0 2.4197566988573476
v -50.0 -44.0 4.481106069856968
v -49.0 -44.0 4.848838881298192
v -48.0 -44.0 5.224783762456149
v -47.0 -44.0 5.605447956210881
v -46.0 -44.0 5.987011907499949
v -45.0 -44.0 6.365419611261182
v -44.0 -44.0 6.736484976709086
v -43.0 -44.0 7.096010517936292
v -42.0 -44.0 7.439913758641362
v -41.0 -44.0 7.7643560342287214
v -40.0 -44.0 8.065867949113517
v -39.0 -44.0 8.341465645095797
v -38.0 -44.0 8.588752280672365
v -37.0 -44.0 8.805999708993065
v -36.0 -44.0 8.992206246178474
v -35.0 -44.0 9.147127590051683
v -34.0 -44.0 9.271279309463312
v -33.0 -44.0 9.365910788472284
v -32.0 -44.0 9.432951981372266
v -31.0 -44.0 9.474935716779163
v -30.0 -44.0 9.494899491500094
v -29.0 -44.0 9.496271641558431
v -28.0 -44.0 9.482747412400927
v -27.0 -44.0 9.458160740872497
v -26.0 -44.0 9.42635750191518
v -25.0 -44.0 9.391075582658154
v -24.0 -44.0 9.355836468211807
v -23.0 -44.0 9.323852118283495
v -22.0 -44.0 9.297949855709069
v -21.0 -44.0 9.280516857325804
v -20.0 -44.0 9.273464713895125
v -19.0 -44.0 9.278213481772918
v -18.0 -44.0 9.295693745423854
v -17.0 -44.0 9.326364491570565
v -16.0 -44.0 9.370244089743267
v -15.0 -44.0 9.426951388968638
v -14.0 -44.0 9.495753867993947
v -13.0 -44.0 9.575619893986396
v -12.0 -44.0 9.66527241830218
v -11.0 -44.0 9.763241826945471
v -10.0 -44.0 9.867916124146337
v -9.0 -44.0 9.977587117460045
v -8.0 -44.0 10.09049175349888
v -7.0 -44.0 10.204848193028791
v -6.0 -44.0 10.318886588989436
v -5.0 -44.0 10.430874826044434
v -4.0 -44.0 10.539139689073297
v -3.0 -44.0 10.642084051756534
v -2.0 -44.0 10.73820072255547
v -1.0 -44.0 10.82608356608812
v 0.0 -44.0 10.90443644823572
v 1.0 -44.0 10.972080449654792
v 2.0 -44.0 11.027959670916607
v 3.0 -44.0 11.071145828084815
v 4.0 -44.0 11.100841722761446
v 5.0 -44.0 11.116383575261697
v 6.0 -44.0 11.117242140322396
v 7.0 -44.0 11.10302248522156
v 8.0 -44.0 11.073462301104502
v 9.0 -44.0 11.028428637842891
v 10.0 -44.0 10.967912996963543
v 11.0 -44.0 10.892024780548937
v 12.0 -44.0 10.800983169949587
v 13.0 -44.0 10.695107589546751
v 14.0 -44.0 10.574806990523017
v 15.0 -44.0 10.44056826092461
v 16.0 -44.0 10.292944125348422
v 17.0 -44.0 10.1325409356293
v 18.0 -44.0 9.96000676961941
v 19.0 -44.0 9.776020246793527
v 20.0 -44.0 9.581280436881718
v 21.0 -44.0 9.376498182547984
v 22.0 -44.0 9.162389082333254
v 23.0 -44.0 8.939668290001594
v 24.0 -44.0 8.709047186428764
v 25.0 -44.0 8.471231876286282
v 26.0 -44.0 8.22692336032159
v 27.0 -44.0 7.976819141211419
v 28.0 -44.0 7.72161594244215
v 29.0 -44.0 7.462013160224444
v 30.0 -44.0 7.198716631654505
v 31.0 -44.0 6.932442290333307
v 32.0 -44.0 6.663919294027023
v 33.0 -44.0 6.393892246685557
v 34.0 -44.0 6.123122196713218
v 35.0 -44.0 5.8523861709629506
v 36.0 -44.0 5.582475094606803
v 37.0 -44.0 5.314190045209171
v 38.0 -44.0 5.04833688904878
v 39.0 -44.0 4.7857194431121
v 40.0 -44.0 4.5271313917637315
v 41.0 -44.0 4.273347258211286
v 42.0 -44.0 4.0251127838936105
v 43.0 -44.0 3.783135101439219
v 44.0 -44.0 3.548073097810624
v 45.0 -44.0 3.320528353953584
v 46.0 -44.0 3.101037017244408
v 47.0 -44.0 2.8900629158960083
v 48.0 -44.0 2.6879921637228184
v 49.0 -44.0 2.4951294333380605
v -50.0 -43.0 4.716808462423277
v -49.0 -43.0 5.106584849934492
v -48.0 -43.0 5.504711233633273
v -47.0 -43.0 5.907374501509194
v -46.0 -43.0 6.310413748779737
v -45.0 -43.0 6.7094196656189204
v -44.0 -43.0 7.0998510451586965
v -43.0 -43.0 7.47716432701076
v -42.0 -43.0 7.836951107893257
v -41.0 -43.0 8.175077809131146
v -40.0 -43.0 8.487821256020991
v -39.0 -43.0 8.771993842387085
v -38.0 -43.0 9.025052247286947
v -37.0 -43.0 9.245184335110762
v -36.0 -43.0 9.431369873090445
v -35.0 -43.0 9.583411983454644
v -34.0 -43.0 9.70193773120176
v -33.0 -43.0 9.788367836845485
v -32.0 -43.0 9.844857092162199
v -31.0 -43.0 9.874208541364887
v -30.0 -43.0 9.87976577378017
v -29.0 -43.0 9.865288676272204
v -28.0 -43.0 9.834818655518022
v -27.0 -43.0 9.79253962911744
v -26.0 -43.0 9.742640995773804
v -25.0 -43.0 9.689188351233383
v -24.0 -43.0 9.636006965707004
v -23.0 -43.0 9.586582047178334
v -22.0 -43.0 9.543978663721882
v -21.0 -43.0 9.51078297329531
v -20.0 -43.0 9.489065196973378
v -19.0 -43.0 9.480363649082097
v -18.0 -43.0 9.48568816976963
v -17.0 -43.0 9.505540539639734
v -16.0 -43.0 9.539948920277759
v -15.0 -43.0 9.588513067306215
v -14.0 -43.0 9.650456994283552
v -13.0 -43.0 9.724685901149524
v -12.0 -43.0 9.809844483237233
v -11.0 -43.0 9.90437416202483
v -10.0 -43.0 10.00656727980643
v -9.0 -43.0 10.114616831524188
v -8.0 -43.0 10.226660826939346
v -7.0 -43.0 10.340820851119798
v -6.0 -43.0 10.455234795635342
v -5.0 -43.0 10.568084051011198
v -4.0 -43.0 10.677615676158952
v -3.0 -43.0 10.78216019412287
v -2.0 -43.0 10.880145713703786
v -1.0 -43.0 10.970109056468848
v 0.0 -43.0 11.05070449455135
v 1.0 -43.0 11.120710594060691
v 2.0 -43.0 11.179035529207146
v 3.0 -43.0 11.22472109925869
v 4.0 -43.0 11.256945557621092
v 5.0 -43.0 11.275025260083305
v 6.0 -43.0 11.278415064714803
v 7.0 -43.0 11.26670737285437
v 8.0 -43.0 11.239629689814398
v 9.0 -43.0 11.19704060334941
v 10.0 -43.0 11.138924123380638
v 11.0 -43.0 11.065382392024786
v 12.0 -43.0 10.97662685162744
v 13.0 -43.0 10.872968042685391
v 14.0 -43.0 10.754804285679398
v 15.0 -43.0 10.622609573825262
v 16.0 -43.0 10.476921061378139
v 17.0 -43.0 10.31832656943116
v 18.0 -43.0 10.147452544683068
v 19.0 -43.0 9.964952894644153
v 20.0 -43.0 9.771499085195533
v 21.0 -43.0 9.567771825036315
v 22.0 -43.0 9.354454579672238
v 23.0 -43.0 9.132229059925198
v 24.0 -43.0 8.901772722259555
v 25.0 -43.0 8.66375820701349
v 26.0 -43.0 8.418854532663202
v 27.0 -43.0 8.16772976614949
v 28.0 -43.0 7.9110548070934
v 29.0 -43.0 7.649507862473237
v 30.0 -43.0 7.3837791517780476
v 31.0 -43.0 7.114575372989926
v 32.0 -43.0 6.8426234774910615
v 33.0 -43.0 6.568673345940856
v 34.0 -43.0 6.293499024506234
v 35.0 -43.0 6.017898267318527
v 36.0 -43.0 5.742690231316453
v 37.0 -43.0 5.4687112776045135
v 38.0 -43.0 5.1968089426535915
v 39.0 -43.0 4.927834246721833
v 40.0 -43.0 4.662632599894053
v 41.0 -43.0 4.40203364309553
v 42.0 -43.0 4.146840418443697
v 43.0 -43.0 3.8978182978207117
v 44.0 -43.0 3.6556841094947337
v 45.0 -43.0 3.4210958903546738
v 46.0 -43.0 3.1946436575752415
v 47.0 -43.0 2.976841541192087
v 48.0 -43.0 2.7681215519591085
v 49.0 -43.0 2.568829181425137
v -50.0 -42.0 4.948919088476249
v -49.0 -42.0 5.3602536074480245
v -48.0 -42.0 5.780029380315108
v -47.0 -42.0 6.204115119355451
v -46.0 -42.0 6.628012286342175
v -45.0 -42.0 7.046963554269601
v -44.0 -42.0 7.456079419598791
v -43.0 -42.0 7.850478480087587
v -42.0 -42.0 8.225435852813975
v -41.0 -42.0 8.576533433077852
v -40.0 -42.0 8.899805255964678
v -39.0 -42.0 9.191871165905843
v -38.0 -42.0 9.450052346991868
v -37.0 -42.0 9.672463010567608
v -36.0 -42.0 9.85807363979129
v -35.0 -42.0 10.00674258896417
v -34.0 -42.0 10.11921444115401
v -33.0 -42.0 10.19708523713383
v -32.0 -42.0 10.242736389771823
v -31.0 -42.0 10.259240679086107
v -30.0 -42.0 10.25024508193848
v -29.0 -42.0 10.219836241901909
v -28.0 -42.0 10.172395068176638
v -27.0 -42.0 10.112447234708489
v -26.0 -42.0 10.04451622903372
v -25.0 -42.0 9.972985101186108
v -24.0 -42.0 9.901972238533862
v -23.0 -42.0 9.835225415539316
v -22.0 -42.0 9.776037124781565
v -21.0 -42.0 9.727182879895798
v -20.0 -42.0 9.690882883533956
v -19.0 -42.0 9.668786256592341
v -18.0 -42.0 9.66197599693233
v -17.0 -42.0 9.67099202628416
v -16.0 -42.0 9.695869121934068
v -15.0 -42.0 9.736186223217448
v -14.0 -42.0 9.791123540512746
v -13.0 -42.0 9.859524048805882
v -12.0 -42.0 9.939956279215322
v -11.0 -42.0 10.030775782791274
v -10.0 -42.0 10.130183181188173
v -9.0 -42.0 10.236277289645109
v -8.0 -42.0 10.34710235532375
v -7.0 -42.0 10.460688962409355
v -6.0 -42.0 10.575088587821636
v -5.0 -42.0 10.68840213126001
v -4.0 -42.0 10.798802983690106
v -3.0 -42.0 10.904555341006471
v -2.0 -42.0 11.004028523327609
v -1.0 -42.0 11.095708039270674
v 0.0 -42.0 11.178204055952222
v 1.0 -42.0 11.250257818088306
v 2.0 -42.0 11.310746421867071
v 3.0 -42.0 11.35868620806845
v 4.0 -42.0 11.393234908437956
v 5.0 -42.0 11.413692570591005
v 6.0 -42.0 11.41950120722754
v 7.0 -42.0 11.410243069163029
v 8.0 -42.0 11.385637429344921
v 9.0 -42.0 11.345535784465396
v 10.0 -42.0 11.289915427491747
v 11.0 -42.0 11.218871412134396
v 12.0 -42.0 11.132607011518065
v 13.0 -42.0 11.031422860109053
v 14.0 -42.0 10.915705052281456
v 15.0 -42.0 10.785912545295282
v 16.0 -42.0 10.64256427239505
v 17.0 -42.0 10.486226408036812
v 18.0 -42.0 10.317500238346824
v 19.0 -42.0 10.137011074029468
v 20.0 -42.0 9.945398600168081
v 21.0 -42.0 9.743308989626831
v 22.0 -42.0 9.531389017688724
v 23.0 -42.0 9.31028231023414
v 24.0 -42.0 9.08062774238448
v 25.0 -42.0 8.84305988604345
v 26.0 -42.0 8.598211290382796
v 27.0 -42.0 8.346716276071861
v 28.0 -42.0 8.089215838328668
v 29.0 -42.0 7.826363190999449
v 30.0 -42.0 7.558829447766508
v 31.0 -42.0 7.287308929487261
v 32.0 -42.0 7.012523609015074
v 33.0 -42.0 6.735226255248498
v 34.0 -42.0 6.456201913474566
v 35.0 -42.0 6.176267454679021
v 36.0 -42.0 5.896269036568194
v 37.0 -42.0 5.61707743696605
v 38.0 -42.0 5.339581339047109
v 39.0 -42.0 5.064678760679217
v 40.0 -42.0 4.793266920660593
v 41.0 -42.0 4.526230917456962
v 42.0 -42.0 4.2644316570343825
v 43.0 -42.0 4.008693502859895
v 44.0 -42.0 3.7597921319924867
v 45.0 -42.0 3.5184430668657085
v 46.0 -42.0 3.2852913147845313
v 47.0 -42.0 3.060902489497882
v 48.0 -42.0 2.8457557156277007
v 49.0 -42.0 2.640238532066007
v -50.0 -41.0 5.173943688562908
v -49.0 -41.0 5.605995411490907
v -48.0 -41.0 6.0465297337558805
v -47.0 -41.0 6.491104774613856
v -46.0 -41.0 6.93489389617155
v -45.0 -41.0 7.3728031247752925
v -44.0 -41.0 7.799607657774284
v -43.0 -41.0 8.210102571384885
v -42.0 -41.0 8.599261754050392
v -41.0 -41.0 8.962398289670707
v -40.0 -41.0 9.295319077696842
v -39.0 -41.0 9.594466450662132
v -38.0 -41.0 9.857039954476123
v -37.0 -41.0 10.081092281989767
v -36.0 -41.0 10.265594553941561
v -35.0 -41.0 10.410467652546517
v -34.0 -41.0 10.516578036935787
v -33.0 -41.0 10.585698294874584
v -32.0 -41.0 10.620434492076027
v -31.0 -41.0 10.624124050738708
v -30.0 -41.0 10.600709315121536
v -29.0 -41.0 10.554593055577136
v -28.0 -41.0 10.49048286081171
v -27.0 -41.0 10.413231638675224
v -26.0 -41.0 10.327681287795414
v -25.0 -41.0 10.238516045915016
v -24.0 -41.0 10.150131123078445
v -23.0 -41.0 10.066521067405622
v -22.0 -41.0 9.991190980693299
v -21.0 -41.0 9.927092299044482
v -20.0 -41.0 9.87658347652161
v -19.0 -41.0 9.841414644282578
v -18.0 -41.0 9.822734235060246
v -17.0 -41.0 9.821114714674351
v -16.0 -41.0 9.836593978046855
v -15.0 -41.0 9.868728654372854
v -14.0 -41.0 9.916655511794445
v -13.0 -41.0 9.979157326199955
v -12.0 -41.0 10.054729938989402
v -11.0 -41.0 10.141647724369932
v -10.0 -41.0 10.238025264678164
v -9.0 -41.0 10.341873640762369
v -8.0 -41.0 10.451150337461398
v -7.0 -41.0 10.563802303823698
v -6.0 -41.0 10.677802166025131
v -5.0 -41.0 10.7911779506687
v -4.0 -41.0 10.9020369302362
v -3.0 -41.0 11.008584352993529
v -2.0 -41.0 11.109137876166859
v -1.0 -41.0 11.202138498712623
v 0.0 -41.0 11.286158706894911
v 1.0 -41.0 11.359908421960624
v 2.0 -41.0 11.422239193933224
v 3.0 -41.0 11.472146936656475
v 4.0 -41.0 11.508773361668066
v 5.0 -41.0 11.53140615381157
v 6.0 -41.0 11.539477847536556
v 7.0 -41.0 11.532563313724436
v 8.0 -41.0 11.510375753298085
v 9.0 -41.0 11.472761113495926
v 10.0 -41.0 11.419690890720444
v 11.0 -41.0 11.35125335366234
v 12.0 -41.0 11.267643304104213
v 13.0 -41.0 11.169150581997355
v 14.0 -41.0 11.056147607679815
v 15.0 -41.0 10.92907632962652
v 16.0 -41.0 10.788435004089385
v 17.0 -41.0 10.634765268015299
v 18.0 -41.0 10.468639975050973
v 19.0 -41.0 10.29065224448346
v 20.0 -41.0 10.101406124824985
v 21.0 -41.0 9.901509199568235
v 22.0 -41.0 9.691567366337017
v 23.0 -41.0 9.472181907688544
v 24.0 -41.0 9.24394884881787
v 25.0 -41.0 9.007460471753403
v 26.0 -41.0 8.763308734974403
v 27.0 -41.0 8.512090239165627
v 28.0 -41.0 8.254412290784153
v 29.0 -41.0 7.9908995508349285
v 30.0 -41.0 7.722200720803801
v 31.0 -41.0 7.448994713364685
v 32.0 -41.0 7.171995782613254
v 33.0 -41.0 6.891957145582694
v 34.0 -41.0 6.60967271023164
v 35.0 -41.0 6.325976629923279
v 36.0 -41.0 6.041740524346558
v 37.0 -41.0 5.757868334742804
v 38.0 -41.0 5.475288909714592
v 39.0 -41.0 5.194946539460781
v 40.0 -41.0 4.917789764253075
v 41.0 -41.0 4.6447588716086
v 42.0 -41.0 4.376772561526613
v 43.0 -41.0 4.114714297524897
v 44.0 -41.0 3.859418871897583
v 45.0 -41.0 3.6116596971666413
v 46.0 -41.0 3.3721372942228975
v 47.0 -41.0 3.1414693846049273
v 48.0 -41.0 2.9201829142555615
v 49.0 -41.0 2.7087082441439714
v -50.0 -40.0 5.3882519659523105
v -49.0 -40.0 5.839817290594816
v -48.0 -40.0 6.299854737072057
v -47.0 -40.0 6.763625045232824
v -46.0 -40.0 7.225989024907005
v -45.0 -40.0 7.681533664609231
v -44.0 -40.0 8.124718144780916
v -43.0 -40.0 8.55003447961584
v -42.0 -40.0 8.95217637636162
v -41.0 -40.0 9.326209081610946
v -40.0 -40.0 9.66773255412814
v -39.0 -40.0 9.973030311894078
v -38.0 -40.0 10.239196765886359
v -37.0 -40.0 10.46423676034742
v -36.0 -40.0 10.647132341720877
v -35.0 -40.0 10.787873398742004
v -34.0 -40.0 10.887450652415804
v -33.0 -40.0 10.947811407946347
v -32.0 -40.0 10.971780384566934
v -31.0 -40.0 10.962949689435352
v -30.0 -40.0 10.925543486159405
v -29.0 -40.0 10.864264035741588
v -28.0 -40.0 10.784126494023774
v -27.0 -40.0 10.690290103289984
v -26.0 -40.0 10.58789321828087
v -25.0 -40.0 10.481898992401092
v -24.0 -40.0 10.376957580441562
v -23.0 -40.0 10.27728947372393
v -22.0 -40.0 10.186593170421677
v -21.0 -40.0 10.107978901793071
v -20.0 -40.0 10.043928685227563
v -19.0 -40.0 9.996281647929528
v -18.0 -40.0 9.966242434628207
v -17.0 -40.0 9.954409631815501
v -16.0 -40.0 9.96082053944397
v -15.0 -40.0 9.985008305391027
v -14.0 -40.0 10.026067393730674
v -13.0 -40.0 10.082723552673052
v -12.0 -40.0 10.153404836560892
v -11.0 -40.0 10.236310765233224
v -10.0 -40.0 10.329477317294634
v -9.0 -40.0 10.430836097242798
v -8.0 -40.0 10.538266641781272
v -7.0 -40.0 10.64964139853029
v -6.0 -40.0 10.76286339181407
v -5.0 -40.0 10.875896967444326
v -4.0 -40.0 10.986792274365351
v -3.0 -40.0 11.093704298136783
v -2.0 -40.0 11.194907319726513
v -1.0 -40.0 11.288805648858006
v 0.0 -40.0 11.373941393580761
v 1.0 -40.0 11.448999897604859
v 2.0 -40.0 11.512813324655378
v 3.0 -40.0 11.564362713194347
v 4.0 -40.0 11.602778680930872
v 5.0 -40.0 11.627340838605283
v 6.0 -40.0 11.637475884707264
v 7.0 -40.0 11.63275430131503
v 8.0 -40.0 11.612885556761427
v 9.0 -40.0 11.577711740836609
v 10.0 -40.0 11.527199607650447
v 11.0 -40.0 11.461431073108029
v 12.0 -40.0 11.380592299961439
v 13.0 -40.0 11.284961594770472
v 14.0 -40.0 11.174896429058155
v 15.0 -40.0 11.050819973316685
v 16.0 -40.0 10.913207590239718
v 17.0 -40.0 10.762573767065065
v 18.0 -40.0 10.599459972451335
v 19.0 -40.0 10.424423899125646
v 20.0 -40.0 10.23803049994596
v 21.0 -40.0 10.040845144371838
v 22.0 -40.0 9.833429118853456
v 23.0 -40.0 9.616337574148092
v 24.0 -40.0 9.390119892098738
v 25.0 -40.0 9.155322311776326
v 26.0 -40.0 8.91249252818175
v 27.0 -40.0 8.662185863758427
v 28.0 -40.0 8.404972520846101
v 29.0 -40.0 8.141445357745521
v 30.0 -40.0 7.8722275964758595
v 31.0 -40.0 7.597979868907141
v 32.0 -40.0 7.3194060400002705
v 33.0 -40.0 7.037257310581434
v 34.0 -40.0 6.752334193666589
v 35.0 -40.0 6.465486072398977
v 36.0 -40.0 6.177608177413406
v 37.0 -40.0 5.889635959274374
v 38.0 -40.0 5.602536969568856
v 39.0 -40.0 5.317300494444594
v 40.0 -40.0 5.034925299700233
v 41.0 -40.0 4.756405940876257
v 42.0 -40.0 4.482718160528667
v 43.0 -40.0 4.214803935037324
v 44.0 -40.0 3.953556743754655
v 45.0 -40.0 3.6998076146776535
v 46.0 -40.0 3.454312455430212
v 47.0 -40.0 3.217741109910178
v 48.0 -40.0 2.990668494339751
v 49.0 -40.0 2.773568067261216
v -50.0 -39.0 5.588193176663113
v -49.0 -39.0 6.0577106683815
v -48.0 -39.0 6.53563757148473
v -47.0 -39.0 7.016956138822033
v -46.0 -39.0 7.496236189683357
v -45.0 -39.0 7.967769470828751
v -44.0 -39.0 8.425724607453251
v -43.0 -39.0 8.864316991246682
v -42.0 -39.0 9.277986781782243
v -41.0 -39.0 9.66157736602511
v -40.0 -39.0 10.010506204146806
v -39.0 -39.0 10.320920036610273
v -38.0 -39.0 10.589826954195402
v -37.0 -39.0 10.815198821160028
v -36.0 -39.0 10.996038939588427
v -35.0 -39.0 11.132411566533769
v -34.0 -39.0 11.225431836024674
v -33.0 -39.0 11.277216669690818
v -32.0 -39.0 11.29079924986927
v -31.0 -39.0 11.270011448122315
v -30.0 -39.0 11.219340134158237
v -29.0 -39.0 11.143764441659297
v -28.0 -39.0 11.048581774292874
v -27.0 -39.0 10.939230566675192
v -26.0 -39.0 10.821117575743436
v -25.0 -39.0 10.699456805713448
v -24.0 -39.0 10.57912613138176
v -23.0 -39.0 10.464546369148506
v -22.0 -39.0 10.359586056140918
v -21.0 -39.0 10.26749364382072
v -20.0 -39.0 10.190857298554489
v -19.0 -39.0 10.131591121494239
v -18.0 -39.0 10.090945429689114
v -17.0 -39.0 10.069537833481313
v -16.0 -39.0 10.067401231602155
v -15.0 -39.0 10.08404453058882
v -14.0 -39.0 10.118521862860884
v -13.0 -39.0 10.169506293490143
v -12.0 -39.0 10.235364421450518
v -11.0 -39.0 10.314228841024482
v -10.0 -39.0 10.404066074512372
v -9.0 -39.0 10.502738262143623
v -8.0 -39.0 10.608057549126253
v -7.0 -39.0 10.71783270234339
v -6.0 -39.0 10.829907990570558
v -5.0 -39.0 10.94219475409726
v -4.0 -39.0 11.05269636529225
v -3.0 -39.0 11.159527443824777
v -2.0 -39.0 11.260928249827229
v -1.0 -39.0 11.355275151966842
v 0.0 -39.0 11.441087975454918
v 1.0 -39.0 11.517034899140732
v 2.0 -39.0 11.581935412224686
v 3.0 -39.0 11.634761679014405
v 4.0 -39.0 11.674638510694521
v 5.0 -39.0 11.700842018686922
v 6.0 -39.0 11.712796933185565
v 7.0 -39.0 11.710072517173913
v 8.0 -39.0 11.692376991246254
v 9.0 -39.0 11.659550405168758
v 10.0 -39.0 11.611555942988897
v 11.0 -39.0 11.5484697223119
v 12.0 -39.0 11.470469236513424
v 13.0 -39.0 11.37782068196599
v 14.0 -39.0 11.270865501704623
v 15.0 -39.0 11.150006553879711
v 16.0 -39.0 11.015694370541345
v 17.0 -39.0 10.868414004050601
v 18.0 -39.0 10.708672960895898
v 19.0 -39.0 10.536990694177849
v 20.0 -39.0 10.353890066956334
v 21.0 -39.0 10.159891111594167
v 22.0 -39.0 9.955507299697004
v 23.0 -39.0 9.741244409414168
v 24.0 -39.0 9.517601939170044
v 25.0 -39.0 9.285076877574081
v 26.0 -39.0 9.04416950680388
v 27.0 -39.0 8.795390799377344
v 28.0 -39.0 8.539270873305519
v 29.0 -39.0 8.276367904213744
v 30.0 -39.0 8.00727685948012
v 31.0 -39.0 7.732637421103416
v 32.0 -39.0 7.45314050104308
v 33.0 -39.0 7.169532823158817
v 34.0 -39.0 6.882619145557589
v 35.0 -39.0 6.593261820303148
v 36.0 -39.0 6.3023775268491224
v 37.0 -39.0 6.010931163114544
v 38.0 -39.0 5.719927025360003
v 39.0 -39.0 5.430397546656813
v 40.0 -39.0 5.143389986193
v 41.0 -39.0 4.859951561520481
v 42.0 -39.0 4.58111358824831
v 43.0 -39.0 4.307875233548464
v 44.0 -39.0 4.041187499997103
v 45.0 -39.0 3.781938035459825
v 46.0 -39.0 3.5309373154416726
v 47.0 -39.0 3.2889066705726404
v 48.0 -39.0 3.056468538878886
v 49.0 -39.0 2.8341392161758283
v -50.0 -38.0 5.77022325611858
v -49.0 -38.0 6.2557913321779
v -48.0 -38.0 6.749655072906346
v -47.0 -38.0 7.2465426657982555
v -46.0 -38.0 7.740760304248853
v -45.0 -38.0 8.226334204160722
v -44.0 -38.0 8.697173747042328
v -43.0 -38.0 9.14724974189503
v -42.0 -38.0 9.570780600336903
v -41.0 -38.0 9.962418383554716
v -40.0 -38.0 10.31742628225393
v -39.0 -38.0 10.631839179653387
v -38.0 -38.0 10.902599536848415
v -37.0 -38.0 11.1276619074256
v -36.0 -38.0 11.30606087630174
v -35.0 -38.0 11.437939036664499
v -34.0 -38.0 11.524533653429511
v -33.0 -38.0 11.568122779921206
v -32.0 -38.0 11.571933658241292
v -31.0 -38.0 11.540018109166379
v -30.0 -38.0 11.477101185474845
v -29.0 -38.0 11.388410528413468
v -28.0 -38.0 11.279494566602242
v -27.0 -38.0 11.156037901219529
v -26.0 -38.0 11.023681938266732
v -25.0 -38.0 10.88785809986461
v -24.0 -38.0 10.753639843233321
v -23.0 -38.0 10.625618332154696
v -22.0 -38.0 10.507805049210816
v -21.0 -38.0 10.403563020613376
v -20.0 -38.0 10.315566757394766
v -19.0 -38.0 10.245789593214361
v -18.0 -38.0 10.195515897399991
v -17.0 -38.0 10.165374716395204
v -16.0 -38.0 10.155390776743173
v -15.0 -38.0 10.16504847252042
v -14.0 -38.0 10.193364441641735
v -13.0 -38.0 10.238964572017643
v -12.0 -38.0 10.300161719939211
v -11.0 -38.0 10.375031011091215
v -10.0 -38.0 10.461480268599825
v -9.0 -38.0 10.5573138144135
v -8.0 -38.0 10.660288568686957
v -7.0 -38.0 10.768161984950922
v -6.0 -38.0 10.878731876399545
v -5.0 -38.0 10.989868592295805
v -4.0 -38.0 11.099540286455298
v -3.0 -38.0 11.205832185330678
v -2.0 -38.0 11.306960822895826
v -1.0 -38.0 11.401284180772802
v 0.0 -38.0 11.487308575906503
v 1.0 -38.0 11.563692997010627
v 2.0 -38.0 11.629251426879982
v 3.0 -38.0 11.682953520297751
v 4.0 -38.0 11.723923853262688
v 5.0 -38.0 11.75143983132312
v 6.0 -38.0 11.764928251436436
v 7.0 -38.0 11.763960457318563
v 8.0 -38.0 11.748246013194361
v 9.0 -38.0 11.717624842337413
v 10.0 -38.0 11.672057829198533
v 11.0 -38.0 11.61161595964343
v 12.0 -38.0 11.536468163928733
v 13.0 -38.0 11.446868122032951
v 14.0 -38.0 11.343140381403547
v 15.0 -38.0 11.225666214355885
v 16.0 -38.0 11.094869698761528
v 17.0 -38.0 10.951204535443743
v 18.0 -38.0 10.795142114986783
v 19.0 -38.0 10.62716131377488
v 20.0 -38.0 10.447740434578057
v 21.0 -38.0 10.25735161367176
v 22.0 -38.0 10.056457899115228
v 23.0 -38.0 9.84551306993544
v 24.0 -38.0 9.624964121390182
v 25.0 -38.0 9.395256195842707
v 26.0 -38.0 9.156839600952361
v 27.0 -38.0 8.910178435427216
v 28.0 -38.0 8.65576024516824
v 29.0 -38.0 8.394106065537777
v 30.0 -38.0 8.125780173171064
v 31.0 -38.0 7.851398875564246
v 32.0 -38.0 7.571637708682745
v 33.0 -38.0 7.287236489820478
v 34.0 -38.0 6.999001780542982
v 35.0 -38.0 6.7078064465563285
v 36.0 -38.0 6.41458615011416
v 37.0 -38.0 6.12033276753344
v 38.0 -38.0 5.8260848805973104
v 39.0 -38.0 5.53291563735279
v 40.0 -38.0 5.241918407096302
v 41.0 -38.0 4.954190759461018
v 42.0 -38.0 4.670817373388064
v 43.0 -38.0 4.392852525183989
v 44.0 -38.0 4.121302814664953
v 45.0 -38.0 3.8571107653931485
v 46.0 -38.0 3.6011398819095177
v 47.0 -38.0 3.354161667937857
v 48.0 -38.0 3.116845010295982
v 49.0 -38.0 2.889748220039734
v -50.0 -37.0 5.931038157117891
v -49.0 -37.0 6.43044585887672
v -48.0 -37.0 6.937987280496561
v -47.0 -37.0 7.448166138357584
v -46.0 -37.0 7.955057736095402
v -45.0 -37.0 8.452457885118399
v -44.0 -37.0 8.934053327958983
v -43.0 -37.0 9.393607330965388
v -42.0 -37.0 9.82515289749183
v -41.0 -37.0 10.22318522025699
v -40.0 -37.0 10.582844618795681
v -39.0 -37.0 10.900081341578543
v -38.0 -37.0 11.17179426373684
v -37.0 -37.0 11.39593665414526
v -36.0 -37.0 11.571583756982516
v -35.0 -37.0 11.698958837368775
v -34.0 -37.0 11.77941645727105
v -33.0 -37.0 11.815383939268703
v -32.0 -37.0 11.810264099083483
v -31.0 -37.0 11.76830424571757
v -30.0 -37.0 11.694438039618827
v -29.0 -37.0 11.59410796900962
v -28.0 -37.0 11.473076889279133
v -27.0 -37.0 11.337237243487968
v -26.0 -37.0 11.192426254210913
v -25.0 -37.0 11.044254593814006
v -24.0 -37.0 10.897954877400158
v -23.0 -37.0 10.758254878177056
v -22.0 -37.0 10.629278750687496
v -21.0 -37.0 10.514477879169375
v -20.0 -37.0 10.416591357217628
v -19.0 -37.0 10.337634648649702
v -18.0 -37.0 10.278913756153443
v -17.0 -37.0 10.241061288150522
v -16.0 -37.0 10.224090193769936
v -15.0 -37.0 10.227460633940185
v -14.0 -37.0 10.25015545351848
v -13.0 -37.0 10.290759976432458
v -12.0 -37.0 10.347542310782227
v -11.0 -37.0 10.418530963629992
v -10.0 -37.0 10.501587263457267
v -9.0 -37.0 10.594470812532117
v -8.0 -37.0 10.69489688927508
v -7.0 -37.0 10.80058534975624
v -6.0 -37.0 10.909301107093016
v -5.0 -37.0 11.018886679445112
v -4.0 -37.0 11.127287584960678
v -3.0 -37.0 11.232571529189254
v -2.0 -37.0 11.332942389243266
v -1.0 -37.0 11.426749967464502
v 0.0 -37.0 11.51249638724377
v 1.0 -37.0 11.58883985800704
v 2.0 -37.0 11.654596367657302
v 3.0 -37.0 11.708739689198673
v 4.0 -37.0 11.75039993079444
v 5.0 -37.0 11.778860728034747
v 6.0 -37.0 11.793555082308242
v 7.0 -37.0 11.794059794215393
v 8.0 -37.0 11.780088426310279
v 9.0 -37.0 11.751482752061468
v 10.0 -37.0 11.708202701947789
v 11.0 -37.0 11.650314895155553
v 12.0 -37.0 11.577979937210246
v 13.0 -37.0 11.491438760265599
v 14.0 -37.0 11.390998374003898
v 15.0 -37.0 11.277017472225287
v 16.0 -37.0 11.149892395551365
v 17.0 -37.0 11.010043978290089
v 18.0 -37.0 10.85790580350933
v 19.0 -37.0 10.693914353110664
v 20.0 -37.0 10.518501469886756
v 21.0 -37.0 10.332089449168981
v 22.0 -37.0 10.135088953797375
v 23.0 -37.0 9.927899804611373
v 24.0 -37.0 9.71091454764308
v 25.0 -37.0 9.48452454768972
v 26.0 -37.0 9.249128215185284
v 27.0 -37.0 9.00514084816221
v 28.0 -37.0 8.753005471530292
v 29.0 -37.0 8.493203988370205
v 30.0 -37.0 8.226267927006838
v 31.0 -37.0 7.9527880756394635
v 32.0 -37.0 7.673422343226598
v 33.0 -37.0 7.388901268732211
v 34.0 -37.0 7.100030716085924
v 35.0 -37.0 6.807691432720298
v 36.0 -37.0 6.512835307263637
v 37.0 -37.0 6.216478327872349
v 38.0 -37.0 5.9196904074028955
v 39.0 -37.0 5.6235823960076665
v 40.0 -37.0 5.329290737462673
v 41.0 -37.0 5.037960335586615
v 42.0 -37.0 4.7507262761990985
v 43.0 -37.0 4.468695094890978
v 44.0 -37.0 4.1929262902634825
v 45.0 -37.0 3.9244147571583077
v 46.0 -37.0 3.664074757616854
v 47.0 -37.0 3.4127259634079694
v 48.0 -37.0 3.171081998777193
v 49.0 -37.0 2.9397417922804294
v -50.0 -36.0 6.067707320754376
v -49.0 -36.0 6.578477806533561
v -48.0 -36.0 7.09717630739931
v -47.0 -36.0 7.6181162714367385
v -46.0 -36.0 8.135179571014433
v -45.0 -36.0 8.641971433624736
v -44.0 -36.0 9.131997084588376
v -43.0 -36.0 9.598853478006413
v -42.0 -36.0 10.036428269224983
v -41.0 -36.0 10.43909736063973
v -40.0 -36.0 10.801912009569886
v -39.0 -36.0 11.120766667120257
v -38.0 -36.0 11.392539428666428
v -37.0 -36.0 11.615198189399237
v -36.0 -36.0 11.787867244411022
v -35.0 -36.0 11.910851051399792
v -34.0 -36.0 11.985614059083918
v -33.0 -36.0 12.014717753991286
v -32.0 -36.0 12.001718245883016
v -31.0 -36.0 11.951029657972638
v -30.0 -36.0 11.86776019022528
v -29.0 -36.0 11.757528887141829
v -28.0 -36.0 11.626271803978979
v -27.0 -36.0 11.480046403234711
v -26.0 -36.0 11.324842640408527
v -25.0 -36.0 11.16640836394504
v -24.0 -36.0 11.010095438308172
v -23.0 -36.0 10.86073150304754
v -22.0 -36.0 10.722520619436693
v -21.0 -36.0 10.598974348226921
v -20.0 -36.0 10.49287315989171
v -19.0 -36.0 10.406256601047891
v -18.0 -36.0 10.340439405741643
v -17.0 -36.0 10.296049801616498
v -16.0 -36.0 10.27308564593169
v -15.0 -36.0 10.27098373650485
v -14.0 -36.0 10.288697656331756
v -13.0 -36.0 10.324779787463653
v -12.0 -36.0 10.377463615776263
v -11.0 -36.0 10.44474308193827
v -10.0 -36.0 10.52444645161724
v -9.0 -36.0 10.614302919363261
v -8.0 -36.0 10.71200087265867
v -7.0 -36.0 10.815237382634534
v -6.0 -36.0 10.921759025301986
v -5.0 -36.0 11.029394553723561
v -4.0 -36.0 11.136080231163524
v -3.0 -36.0 11.239878802157609
v -2.0 -36.0 11.33899313526974
v -1.0 -36.0 11.431775536707342
v 0.0 -36.0 11.51673363017848
v 1.0 -36.0 11.592533548912487
v 2.0 -36.0 11.658001013455763
v 3.0 -36.0 11.712120694241701
v 4.0 -36.0 11.754034098146999
v 5.0 -36.0 11.783036086303747
v 6.0 -36.0 11.798570034953421
v 7.0 -36.0 11.800221596377037
v 8.0 -36.0 11.787711003171006
v 9.0 -36.0 11.760883883132756
v 10.0 -36.0 11.71970060772525
v 11.0 -36.0 11.664224276371995
v 12.0 -36.0 11.594607532239355
v 13.0 -36.0 11.511078502662908
v 14.0 -36.0 11.41392624907274
v 15.0 -36.0 11.303486188045257
v 16.0 -36.0 11.180125999157514
v 17.0 -36.0 11.044232560626291
v 18.0 -36.0 10.896200446377668
v 19.0 -36.0 10.736422476644291
v 20.0 -36.0 10.565282739264935
v 21.0 -36.0 10.38315239374695
v 22.0 -36.0 10.190388440172793
v 23.0 -36.0 9.98733548732439
v 24.0 -36.0 9.774330397465585
v 25.0 -36.0 9.551709528392154
v 26.0 -36.0 9.31981814619024
v 27.0 -36.0 9.079021453804746
v 28.0 -36.0 8.829716579184035
v 29.0 -36.0 8.572344799070056
v 30.0 -36.0 8.307403245090104
v 31.0 -36.0 8.035455350014976
v 32.0 -36.0 7.7571393437400005
v 33.0 -36.0 7.473174198104875
v 34.0 -36.0 7.184362542169968
v 35.0 -36.0 6.891590218097381
v 36.0 -36.0 6.595822313898189
v 37.0 -36.0 6.298095683579416
v 38.0 -36.0 5.999508137867093
v 39.0 -36.0 5.701204650171699
v 40.0 -36.0 5.404361064136724
v 41.0 -36.0 5.110165903693703
v 42.0 -36.0 4.8198009685621415
v 43.0 -36.0 4.534421444189037
v 44.0 -36.0 4.25513626404205
v 45.0 -36.0 3.982989434967983
v 46.0 -36.0 3.7189429760454877
v 47.0 -36.0 3.463862032772284
v 48.0 -36.0 3.218502617650517
v 49.0 -36.0 2.9835023022733997
v -50.0 -35.0 6.177800784323082
v -49.0 -35.0 6.697246546487632
v -48.0 -35.0 7.224376778852211
v -47.0 -35.0 7.753352710928531
v -46.0 -35.0 8.277904110672567
v -45.0 -35.0 8.791489209190615
v -44.0 -35.0 9.287476376636679
v -43.0 -35.0 9.759340677079113
v -42.0 -35.0 10.200867208985875
v -41.0 -35.0 10.606352334925031
v -40.0 -35.0 10.970793594902098
v -39.0 -35.0 11.290059325240978
v -38.0 -35.0 11.561029774008945
v -37.0 -35.0 11.78170278010037
v -36.0 -35.0 11.951258793764914
v -35.0 -35.0 12.070082056203713
v -34.0 -35.0 12.13973699439441
v -33.0 -35.0 12.162901179056444
v -32.0 -35.0 12.143258389502165
v -31.0 -35.0 12.085357287924479
v -30.0 -35.0 11.994442805244324
v -29.0 -35.0 11.876268486846168
v -28.0 -35.0 11.736898679930466
v -27.0 -35.0 11.582509543639528
v -26.0 -35.0 11.41919744593874
v -25.0 -35.0 11.252802430433837
v -24.0 -35.0 11.088753174692828
v -23.0 -35.0 10.93193832392634
v -22.0 -35.0 10.78660738733562
v -21.0 -35.0 10.656302649105282
v -20.0 -35.0 10.543821885331726
v -19.0 -35.0 10.451210190813242
v -18.0 -35.0 10.379777983203248
v -17.0 -35.0 10.330141319074352
v -16.0 -35.0 10.302280052798459
v -15.0 -35.0 10.295609094713722
v -14.0 -35.0 10.309058056583224
v -13.0 -35.0 10.341154867880475
v -12.0 -35.0 10.390109450701411
v -11.0 -35.0 10.453894191433498
v -10.0 -35.0 10.530318679389135
v -9.0 -35.0 10.61709693559617
v -8.0 -35.0 10.711906075635088
v -7.0 -35.0 10.81243599620485
v -6.0 -35.0 10.916430215609436
v -5.0 -35.0 11.021718415861752
v -4.0 -35.0 11.126241522865165
v -3.0 -35.0 11.228070325893977
v -2.0 -35.0 11.32541869146647
v -1.0 -35.0 11.416652388776054
v 0.0 -35.0 11.500294436722253
v 1.0 -35.0 11.575027730086187
v 2.0 -35.0 11.639695527572252
v 3.0 -35.0 11.69330020798082
v 4.0 -35.0 11.735000539886101
v 5.0 -35.0 11.76410757789147
v 6.0 -35.0 11.780079203383881
v 7.0 -35.0 11.782513273878344
v 8.0 -35.0 11.77113933264642
v 9.0 -35.0 11.745808855960517
v 10.0 -35.0 11.70648407271838
v 11.0 -35.0 11.653225472108012
v 12.0 -35.0 11.586178209679225
v 13.0 -35.0 11.505557720491291
v 14.0 -35.0 11.411634939847414
v 15.0 -35.0 11.304721608252937
v 16.0 -35.0 11.18515618975885
v 17.0 -35.0 11.053290955719689
v 18.0 -35.0 10.909480775322628
v 19.0 -35.0 10.754074108538996
v 20.0 -35.0 10.587406617382586
v 21.0 -35.0 10.409797700902125
v 22.0 -35.0 10.22155012374879
v 23.0 -35.0 10.022952754851378
v 24.0 -35.0 9.814286270495705
v 25.0 -35.0 9.59583151456596
v 26.0 -35.0 9.36788005770661
v 27.0 -35.0 9.130746366123144
v 28.0 -35.0 8.884780888035055
v 29.0 -35.0 8.630383298198621
v 30.0 -35.0 8.36801511313884
v 31.0 -35.0 8.098210904088349
v 32.0 -35.0 7.8215873908841065
v 33.0 -35.0 7.53884979542131
v 34.0 -35.0 7.25079496252702
v 35.0 -35.0 6.958310912067488
v 36.0 -35.0 6.66237265994386
v 37.0 -35.0 6.364034327565351
v 38.0 -35.0 6.064417739260824
v 39.0 -35.0 5.764697875031299
v 40.0 -35.0 5.466085693096573
v 41.0 -35.0 5.169808955335698
v 42.0 -35.0 4.877091773327296
v 43.0 -35.0 4.589133639790569
v 44.0 -35.0 4.307088718640003
v 45.0 -35.0 4.032046137698578
v 46.0 -35.0 3.765011964567755
v 47.0 -35.0 3.506893453223336
v 48.0 -35.0 3.2584860329781646
v 49.0 -35.0 3.0204633798221963
v -50.0 -34.0 6.259503396106037
v -49.0 -34.0 6.784791598371067
v -48.0 -34.0 7.317490097159981
v -47.0 -34.0 7.851648860489926
v -46.0 -34.0 8.380889711591731
v -45.0 -34.0 8.898570132862517
v -44.0 -34.0 9.397968693199736
v -43.0 -34.0 9.87248502424736
v -42.0 -34.0 10.315846061433678
v -41.0 -34.0 10.72230948777064
v -40.0 -34.0 11.086855046554925
v -39.0 -34.0 11.405354663587914
v -38.0 -34.0 11.674713141827537
v -37.0 -34.0 11.892972522897434
v -36.0 -34.0 12.0593749739222
v -35.0 -34.0 12.174381145301272
v -34.0 -34.0 12.239643221323789
v -33.0 -34.0 12.257934202855694
v -32.0 -34.0 12.23303716903349
v -31.0 -34.0 12.169600221519334
v -30.0 -34.0 12.072964399037918
v -29.0 -34.0 11.94897296936731
v -28.0 -34.0 11.80377110394972
v -27.0 -34.0 11.643604998872403
v -26.0 -34.0 11.474629045930502
v -25.0 -34.0 11.302728735093671
v -24.0 -34.0 11.133365670666493
v -23.0 -34.0 10.971449514741725
v -22.0 -34.0 10.82123995198699
v -21.0 -34.0 10.68628002013414
v -20.0 -34.0 10.569360484129106
v -19.0 -34.0 10.472513446689753
v -18.0 -34.0 10.397032160375417
v -17.0 -34.0 10.343513087130752
v -16.0 -34.0 10.311915664720082
v -15.0 -34.0 10.301634983684641
v -14.0 -34.0 10.311582628627523
v -13.0 -34.0 10.340271250489453
v -12.0 -34.0 10.385898955794653
v -11.0 -34.0 10.446430261337985
v -10.0 -34.0 10.5196711038563
v -9.0 -34.0 10.603336153063951
v -8.0 -34.0 10.69510740009393
v -7.0 -34.0 10.792683639682156
v -6.0 -34.0 10.893821003508778
v -5.0 -34.0 10.996365116802444
v -4.0 -34.0 11.098275735430043
v -3.0 -34.0 11.197644881461782
v -2.0 -34.0 11.292709545143854
v -1.0 -34.0 11.381859979733877
v 0.0 -34.0 11.463644505587157
v 1.0 -34.0 11.536771585181926
v 2.0 -34.0 11.600109754545299
v 3.0 -34.0 11.652685819472127
v 4.0 -34.0 11.693681564158508
v 5.0 -34.0 11.722429088324118
v 6.0 -34.0 11.738404795009158
v 7.0 -34.0 11.74122199902532
v 8.0 -34.0 11.73062211547288
v 9.0 -34.0 11.706464415244948
v 10.0 -34.0 11.668714393622995
v 11.0 -34.0 11.6174308804342
v 12.0 -34.0 11.552752115991087
v 13.0 -34.0 11.474881115821828
v 14.0 -34.0 11.384070738858146
v 15.0 -34.0 11.280608948942264
v 16.0 -34.0 11.1648048103139
v 17.0 -34.0 11.03697577808154
v 18.0 -34.0 10.897436830726031
v 19.0 -34.0 10.746491942021136
v 20.0 -34.0 10.584428305489249
v 21.0 -34.0 10.411513609186288
v 22.0 -34.0 10.227996517999854
v 23.0 -34.0 10.034110362395053
v 24.0 -34.0 9.830079865699236
v 25.0 -34.0 9.616130576460272
v 26.0 -34.0 9.392500518224745
v 27.0 -34.0 9.15945343589199
v 28.0 -34.0 8.917292914150194
v 29.0 -34.0 8.66637657627441
v 30.0 -34.0 8.407129545515481
v 31.0 -34.0 8.140056368723842
v 32.0 -34.0 7.865750662389225
v 33.0 -34.0 7.584901841966814
v 34.0 -34.0 7.298298430789462
v 35.0 -34.0 7.006827607526881
v 36.0 -34.0 6.711470831934201
v 37.0 -34.0 6.413295577409877
v 38.0 -34.0 6.113443385176412
v 39.0 -34.0 5.813114628539571
v 40.0 -34.0 5.513550527452199
v 41.0 -34.0 5.216013075791444
v 42.0 -34.0 4.921763630579703
v 43.0 -34.0 4.632040960305318
v 44.0 -34.0 4.348039557368199
v 45.0 -34.0 4.070888988673145
v 46.0 -34.0 3.8016349918673322
v 47.0 -34.0 3.541222927863386
v 48.0 -34.0 3.2904840797260992
v 49.0 -34.0 3.0501251512864767
v -50.0 -33.0 6.311709975792718
v -49.0 -33.0 6.839935758599077
v -48.0 -33.0 7.37527528538012
v -47.0 -33.0 7.911710038987408
v -46.0 -33.0 8.442799706452018
v -45.0 -33.0 8.961848679062612
v -44.0 -33.0 9.462093888467752
v -43.0 -33.0 9.936906752024502
v -42.0 -33.0 10.380000811363818
v -41.0 -33.0 10.785635901336445
v -40.0 -33.0 11.148809454469149
v -39.0 -33.0 11.465425866151831
v -38.0 -33.0 11.732435716007357
v -37.0 -33.0 11.947938018869143
v -36.0 -33.0 12.111240484079225
v -35.0 -33.0 12.222874881668854
v -34.0 -33.0 12.284566911854801
v -33.0 -33.0 12.299162300469776
v -32.0 -33.0 12.270513046305515
v -31.0 -33.0 12.203329686103972
v -30.0 -33.0 12.10300699945189
v -29.0 -33.0 11.975431659456836
v -28.0 -33.0 11.826780892247664
v -27.0 -33.0 11.663321224537558
v -26.0 -33.0 11.491215897865386
v -25.0 -33.0 11.316348569943539
v -24.0 -33.0 11.144169595850277
v -23.0 -33.0 10.979569593149629
v -22.0 -33.0 10.826783264881021
v -21.0 -33.0 10.689324703324125
v -20.0 -33.0 10.569953737971286
v -19.0 -33.0 10.470671419673476
v -18.0 -33.0 10.39274152395031
v -17.0 -33.0 10.336734058859484
v -16.0 -33.0 10.302586198690697
v -15.0 -33.0 10.289675830456263
v -14.0 -33.0 10.296902969436372
v -13.0 -33.0 10.322774628598061
v -12.0 -33.0 10.365489257726958
v -11.0 -33.0 10.423017538143798
v -10.0 -33.0 10.493177063529894
v -9.0 -33.0 10.57369919632899
v -8.0 -33.0 10.662287110163467
v -7.0 -33.0 10.756664670283234
v -6.0 -33.0 10.854616337186272
v -5.0 -33.0 10.954018686772674
v -4.0 -33.0 11.052864419148044
v -3.0 -33.0 11.149279883188061
v -2.0 -33.0 11.241537189076103
v -1.0 -33.0 11.328061935832656
v 0.0 -33.0 11.407437468269626
v 1.0 -33.0 11.47840642175189
v 2.0 -33.0 11.539870136630997
v 3.0 -33.0 11.590886347757364
v 4.0 -33.0 11.630665395031777
v 5.0 -33.0 11.658565071249578
v 6.0 -33.0 11.674084131761255
v 7.0 -33.0 11.676854440557817
v 8.0 -33.0 11.666631719075617
v 9.0 -33.0 11.64328489358774
v 10.0 -33.0 11.606784097972275
v 11.0 -33.0 11.557187472316302
v 12.0 -33.0 11.494626994331984
v 13.0 -33.0 11.41929367950679
v 14.0 -33.0 11.331422577061232
v 15.0 -33.0 11.23127806278013
v 16.0 -33.0 11.11913997868311
v 17.0 -33.0 10.99529118727335
v 18.0 -33.0 10.860007090967093
v 19.0 -33.0 10.713547613947151
v 20.0 -33.0 10.556152055332943
v 21.0 -33.0 10.388037102921276
v 22.0 -33.0 10.209398151782318
v 23.0 -33.0 10.020413909541086
v 24.0 -33.0 9.821254099494393
v 25.0 -33.0 9.61208990389336
v 26.0 -33.0 9.393106633037117
v 27.0 -33.0 9.164517971070214
v 28.0 -33.0 8.926581045223001
v 29.0 -33.0 8.679611498643206
v 30.0 -33.0 8.423997722711354
v 31.0 -33.0 8.16021342506611
v 32.0 -33.0 7.888827774045473
v 33.0 -33.0 7.610512465751598
v 34.0 -33.0 7.326045200852508
v 35.0 -33.0 7.036309226792307
v 36.0 -33.0 6.742288787910622
v 37.0 -33.0 6.445060520668306
v 38.0 -33.0 6.145781022985993
v 39.0 -33.0 5.845671005205375
v 40.0 -33.0 5.545996585944411
v 41.0 -33.0 5.24804842125332
v 42.0 -33.0 4.953119444104911
v 43.0 -33.0 4.66248203978789
v 44.0 -33.0 4.377365490070316
v 45.0 -33.0 4.098934486322632
v 46.0 -33.0 3.828269442613567
v 47.0 -33.0 3.5663492394854894
v 48.0 -33.0 3.3140369045048774
v 49.0 -33.0 3.072068594548991
v -50.0 -32.0 6.33409601956822
v -49.0 -32.0 6.862361167016571
v -48.0 -32.0 7.397430113608371
v -47.0 -32.0 7.933259253624705
v -46.0 -32.0 8.463392304257008
v -45.0 -32.0 8.981128283819205
v -44.0 -32.0 9.479710391564767
v -43.0 -32.0 9.952528462075527
v -42.0 -32.0 10.393326506408462
v -41.0 -32.0 10.796406141450714
v -40.0 -32.0 11.156816518088668
v -39.0 -32.0 11.470521722085568
v -38.0 -32.0 11.734537533531986
v -37.0 -32.0 11.947030845482569
v -36.0 -32.0 12.107376876298895
v -35.0 -32.0 12.216171447964678
v -34.0 -32.0 12.275197906019645
v -33.0 -32.0 12.287350575471125
v -32.0 -32.0 12.256518830500099
v -31.0 -32.0 12.187437764843631
v -30.0 -32.0 12.085512967346235
v -29.0 -32.0 11.956627946908506
v -28.0 -32.0 11.806943262952393
v -27.0 -32.0 11.642696390646188
v -26.0 -32.0 11.470010811894383
v -25.0 -32.0 11.294721835378157
v -24.0 -32.0 11.122225301585097
v -23.0 -32.0 10.95735373116927
v -22.0 -32.0 10.804282746490172
v -21.0 -32.0 10.666468856377142
v -20.0 -32.0 10.546618053797104
v -19.0 -32.0 10.446683229399689
v -18.0 -32.0 10.367887222903777
v -17.0 -32.0 10.31076746541142
v -16.0 -32.0 10.275237628843126
v -15.0 -32.0 10.2606614883241
v -14.0 -32.0 10.265934291931258
v -13.0 -32.0 10.289567274669624
v -12.0 -32.0 10.329771492852077
v -11.0 -32.0 10.384537828034903
v -10.0 -32.0 10.4517107525806
v -9.0 -32.0 10.5290542023802
v -8.0 -32.0 10.61430861508076
v -7.0 -32.0 10.70523882401162
v -6.0 -32.0 10.79967302084388
v -5.0 -32.0 10.89553339829371
v -4.0 -32.0 10.990859354007997
v -3.0 -32.0 11.083824284335403
v -2.0 -32.0 11.172747036114544
v -1.0 -32.0 11.256099035582574
v 0.0 -32.0 11.332507998846676
v 1.0 -32.0 11.400758971801533
v 2.0 -32.0 11.4597932716511
v 3.0 -32.0 11.508705727523486
v 4.0 -32.0 11.54674046069709
v 5.0 -32.0 11.573285318114207
v 6.0 -32.0 11.587864984122506
v 7.0 -32.0 11.59013274836796
v 8.0 -32.0 11.579860902072278
v 9.0 -32.0 11.556929766709013
v 10.0 -32.0 11.521315421707431
v 11.0 -32.0 11.47307628258639
v 12.0 -32.0 11.412338777912623
v 13.0 -32.0 11.339282472247914
v 14.0 -32.0 11.254125072576045
v 15.0 -32.0 11.157107828238965
v 16.0 -32.0 11.04848188126719
v 17.0 -32.0 10.928496139188145
v 18.0 -32.0 10.797387222234724
v 19.0 -32.0 10.655371980142682
v 20.0 -32.0 10.50264298177223
v 21.0 -32.0 10.339367257460214
v 22.0 -32.0 10.165688425413533
v 23.0 -32.0 9.98173216760327
v 24.0 -32.0 9.787614846933668
v 25.0 -32.0 9.583454886186468
v 26.0 -32.0 9.369386370796986
v 27.0 -32.0 9.14557420181716
v 28.0 -32.0 8.912230021218436
v 29.0 -32.0 8.669628065990102
v 30.0 -32.0 8.418120085072943
v 31.0 -32.0 8.158148476239065
v 32.0 -32.0 7.890256868051846
v 33.0 -32.0 7.615097481752513
v 34.0 -32.0 7.333434753529313
v 35.0 -32.0 7.046144871176707
v 36.0 -32.0 6.754211071042578
v 37.0 -32.0 6.45871474076025
v 38.0 -32.0 6.160822569595815
v 39.0 -32.0 5.861770170690551
v 40.0 -32.0 5.562842758438239
v 41.0 -32.0 5.265353591696261
v 42.0 -32.0 4.970620983521839
v 43.0 -32.0 4.6799447270376735
v 44.0 -32.0 4.394582793739164
v 45.0 -32.0 4.115729126387029
v 46.0 -32.0 3.844493277173103
v 47.0 -32.0 3.5818825386167
v 48.0 -32.0 3.3287870866402858
v 49.0 -32.0 3.0859685104510914
v -50.0 -31.0 6.327159657948624
v -49.0 -31.0 6.85265368778379
v -48.0 -31.0 7.384637568686257
v -47.0 -31.0 7.917085357760648
v -46.0 -31.0 8.443569976522992
v -45.0 -31.0 8.957431450769342
v -44.0 -31.0 9.45196548763219
v -43.0 -31.0 9.92062501508478
v -42.0 -31.0 10.357226183800437
v -41.0 -31.0 10.75614966042371
v -40.0 -31.0 11.112527891948464
v -39.0 -31.0 11.422409424015582
v -38.0 -31.0 11.682892302731421
v -37.0 -31.0 11.89222003102594
v -36.0 -31.0 12.04983540038899
v -35.0 -31.0 12.156389659937815
v -34.0 -31.0 12.213706778205676
v -33.0 -31.0 12.224704848871017
v -32.0 -31.0 12.193278840782106
v -31.0 -31.0 12.12415075845189
v -30.0 -31.0 12.022694747940834
v -29.0 -31.0 11.89474567207274
v -28.0 -31.0 11.746400142174462
v -27.0 -31.0 11.583818923737109
v -26.0 -31.0 11.413039061058909
v -25.0 -31.0 11.23980305517794
v -24.0 -31.0 11.069411071322234
v -23.0 -31.0 10.906600556225701
v -22.0 -31.0 10.755455930449745
v -21.0 -31.0 10.619349304120258
v -20.0 -31.0 10.500911554530093
v -19.0 -31.0 10.402031692249821
v -18.0 -31.0 10.32388129780107
v -17.0 -31.0 10.266959977213343
v -16.0 -31.0 10.231157279353704
v -15.0 -31.0 10.215826333483937
v -14.0 -31.0 10.219864573295501
v -13.0 -31.0 10.241797268131151
v -12.0 -31.0 10.27986012633184
v -11.0 -31.0 10.332077907155933
v -10.0 -31.0 10.396336713859146
v -9.0 -31.0 10.470448383239129
v -8.0 -31.0 10.55220608648673
v -7.0 -31.0 10.639430873628186
v -6.0 -31.0 10.730009402393717
v -5.0 -31.0 10.82192347746993
v -4.0 -31.0 10.9132722846457
v -3.0 -31.0 11.00228834299012
v -2.0 -31.0 11.087348231225748
v -1.0 -31.0 11.166979091522672
v 0.0 -31.0 11.239861797643702
v 1.0 -31.0 11.304831518108758
v 2.0 -31.0 11.360876231133448
v 3.0 -31.0 11.40713357631331
v 4.0 -31.0 11.442886274588979
v 5.0 -31.0 11.467556224984758
v 6.0 -31.0 11.480697301617662
v 7.0 -31.0 11.481986830882922
v 8.0 -31.0 11.471215725955101
v 9.0 -31.0 11.448277289822025
v 10.0 -31.0 11.413154762284153
v 11.0 -31.0 11.365907772003476
v 12.0 -31.0 11.306657951844375
v 13.0 -31.0 11.235574074008447
v 14.0 -31.0 11.152857150659756
v 15.0 -31.0 11.058726016591182
v 16.0 -31.0 10.953403955182955
v 17.0 -31.0 10.837106941565812
v 18.0 -31.0 10.710034053919873
v 19.0 -31.0 10.57236054410958
v 20.0 -31.0 10.424233963841038
v 21.0 -31.0 10.265773616192648
v 22.0 -31.0 10.09707345094413
v 23.0 -31.0 9.918208353744404
v 24.0 -31.0 9.729243603353357
v 25.0 -31.0 9.530247098317975
v 26.0 -31.0 9.321303795007863
v 27.0 -31.0 9.102531662921855
v 28.0 -31.0 8.874098359384941
v 29.0 -31.0 8.636237761202107
v 30.0 -31.0 8.389265470278987
v 31.0 -31.0 8.133592435809055
v 32.0 -31.0 7.86973590674177
v 33.0 -31.0 7.598327041505237
v 34.0 -31.0 7.3201146514263495
v 35.0 -31.0 7.035964731856188
v 36.0 -31.0 6.74685563089571
v 37.0 -31.0 6.453868909025837
v 38.0 -31.0 6.158176142741156
v 39.0 -31.0 5.861022110704058
v 40.0 -31.0 5.563704962252306
v 41.0 -31.0 5.267554097207862
v 42.0 -31.0 4.973906576831612
v 43.0 -31.0 4.684082934820286
v 44.0 -31.0 4.3993632633473245
v 45.0 -31.0 4.120964413697382
v 46.0 -31.0 3.8500190777129726
v 47.0 -31.0 3.5875574106905
v 48.0 -31.0 3.334491725659198
v 49.0 -31.0 3.091604641256589
v -50.0 -30.0 6.292231961905024
v -49.0 -30.0 6.812312510845161
v -48.0 -30.0 7.338574403133438
v -47.0 -30.0 7.86505018195293
v -46.0 -30.0 8.385384798288598
v -45.0 -30.0 8.89300293522074
v -44.0 -30.0 9.381295996146108
v -43.0 -30.0 9.843821385810708
v -42.0 -30.0 10.274505628724231
v -41.0 -30.0 10.667842241099468
v -40.0 -30.0 11.019075163774426
v -39.0 -30.0 11.3243590023253
v -38.0 -30.0 11.580888294793047
v -37.0 -30.0 11.786989485360793
v -36.0 -30.0 11.942171135711552
v -35.0 -30.0 12.047130036528701
v -34.0 -30.0 12.103713150789144
v -33.0 -30.0 12.11483757946187
v -32.0 -30.0 12.084372842225147
v -31.0 -30.0 12.016991577498361
v -30.0 -30.0 11.917996177596553
v -29.0 -30.0 11.793129807721897
v -28.0 -30.0 11.648380669861728
v -27.0 -30.0 11.489788260874708
v -26.0 -30.0 11.323259771497192
v -25.0 -30.0 11.154403745681808
v -24.0 -30.0 10.988386759378171
v -23.0 -30.0 10.829817293628903
v -22.0 -30.0 10.682659285582913
v -21.0 -30.0 10.55017615806571
v -20.0 -30.0 10.434904558899257
v -19.0 -30.0 10.338655673213903
v -18.0 -30.0 10.262540871219162
v -17.0 -30.0 10.207017660847017
v -16.0 -30.0 10.171951444252251
v -15.0 -30.0 10.156688420206775
v -14.0 -30.0 10.160135101146079
v -13.0 -30.0 10.180840278194095
v -12.0 -30.0 10.217075813477782
v -11.0 -30.0 10.266913305001566
v -10.0 -30.0 10.328294394106047
v -9.0 -30.0 10.399093212730044
v -8.0 -30.0 10.47717014933814
v -7.0 -30.0 10.560416711211577
v -6.0 -30.0 10.646791751473698
v -5.0 -30.0 10.734349698329646
v -4.0 -30.0 10.8212616691963
v -3.0 -30.0 10.90583048077183
v -2.0 -30.0 10.986500592088822
v -1.0 -30.0 11.061863960708667
v 0.0 -30.0 11.130662674704666
v 1.0 -30.0 11.19178906785415
v 2.0 -30.0 11.244283854279841
v 3.0 -30.0 11.287332650863842
v 4.0 -30.0 11.320261106791921
v 5.0 -30.0 11.34252874115449
v 6.0 -30.0 11.353721508909505
v 7.0 -30.0 11.353543075775988
v 8.0 -30.0 11.341804783001814
v 9.0 -30.0 11.31841431934907
v 10.0 -30.0 11.28336318331888
v 11.0 -30.0 11.236713104913278
v 12.0 -30.0 11.178581693235794
v 13.0 -30.0 11.109127673649079
v 14.0 -30.0 11.028536165978538
v 15.0 -30.0 10.937004524217354
v 16.0 -30.0 10.834729300656491
v 17.0 -30.0 10.721894907567151
v 18.0 -30.0 10.598664524013719
v 19.0 -30.0 10.465173733075007
v 20.0 -30.0 10.321527277270059
v 21.0 -30.0 10.167799191378673
v 22.0 -30.0 10.004036418434977
v 23.0 -30.0 9.830265844662897
v 24.0 -30.0 9.646504512119858
v 25.0 -30.0 9.452772594222804
v 26.0 -30.0 9.249108559693985
v 27.0 -30.0 9.035585814784845
v 28.0 -30.0 8.812330010712865
v 29.0 -30.0 8.579536140076737
v 30.0 -30.0 8.337484527313965
v 31.0 -30.0 8.086554846120787
v 32.0 -30.0 7.827237370465429
v 33.0 -30.0 7.560140781915945
v 34.0 -30.0 7.285996008432668
v 35.0 -30.0 7.0056557503128705
v 36.0 -30.0 6.720089547734349
v 37.0 -30.0 6.430374450412693
v 38.0 -30.0 6.137681552027113
v 39.0 -30.0 5.8432588394312575
v 40.0 -30.0 5.548410969457173
v 41.0 -30.0 5.254476716196877
v 42.0 -30.0 4.962804922969674
v 43.0 -30.0 4.6747298421311445
v 44.0 -30.0 4.391546751378889
v 45.0 -30.0 4.114488698699418
v 46.0 -30.0 3.844705153327496
v 47.0 -30.0 3.5832432327650805
v 48.0 -30.0 3.3310320432524323
v 49.0 -30.0 3.0888705213003074
v -50.0 -29.0 6.231454266729386
v -49.0 -29.0 6.743723607889319
v -48.0 -29.0 7.261880380835163
v -47.0 -29.0 7.780053260794512
v -46.0 -29.0 8.291998394692396
v -45.0 -29.0 8.791264709443542
v -44.0 -29.0 9.271378126673463
v -43.0 -29.0 9.726037364754502
v -42.0 -29.0 10.149312969841183
v -41.0 -29.0 10.53584063276825
v -40.0 -29.0 10.880999778799444
v -39.0 -29.0 11.181068886740025
v -38.0 -29.0 11.433349987981813
v -37.0 -29.0 11.636256260602098
v -36.0 -29.0 11.789358479078793
v -35.0 -29.0 11.89338818806087
v -34.0 -29.0 11.950197700913764
v -33.0 -29.0 11.962679233781081
v -32.0 -29.0 11.934647529985384
v -31.0 -29.0 11.870692078248242
v -30.0 -29.0 11.776006375958728
v -29.0 -29.0 11.656202561624562
v -28.0 -29.0 11.517120100989239
v -27.0 -29.0 11.364637059100517
v -26.0 -29.0 11.204491861906464
v -25.0 -29.0 11.042122413215766
v -24.0 -29.0 10.88252807809698
v -23.0 -29.0 10.730158480019627
v -22.0 -29.0 10.588831401007216
v -21.0 -29.0 10.461680434087302
v -20.0 -29.0 10.351131516982408
v -19.0 -29.0 10.258906159430103
v -18.0 -29.0 10.186048125698939
v -17.0 -29.0 10.13296958602001
v -16.0 -29.0 10.099512318041738
v -15.0 -29.0 10.085019411080884
v -14.0 -29.0 10.088413071156776
v -13.0 -29.0 10.108274497696911
v -12.0 -29.0 10.142922347701619
v -11.0 -29.0 10.19048695997298
v -10.0 -29.0 10.248978221361455
v -9.0 -29.0 10.316345664517637
v -8.0 -29.0 10.390530046398581
v -7.0 -29.0 10.469506233394123
v -6.0 -29.0 10.551317688656884
v -5.0 -29.0 10.634103207872712
v -4.0 -29.0 10.716116779778277
v -3.0 -29.0 10.795741564736916
v -2.0 -29.0 10.871499003130443
v -1.0 -29.0 10.942054004474597
v 0.0 -29.0 11.006217049814119
v 1.0 -29.0 11.06294388640379
v 2.0 -29.0 11.111333326025072
v 3.0 -29.0 11.150623495070244
v 4.0 -29.0 11.180186740813584
v 5.0 -29.0 11.199523285133953
v 6.0 -29.0 11.208253641207596
v 7.0 -29.0 11.20610977312216
v 8.0 -29.0 11.192924982006401
v 9.0 -29.0 11.168622540946878
v 10.0 -29.0 11.133203167921303
v 11.0 -29.0 11.086731512598018
v 12.0 -29.0 11.029321929372758
v 13.0 -29.0 10.961123905263218
v 14.0 -29.0 10.882307597357025
v 15.0 -29.0 10.793050001413249
v 16.0 -29.0 10.693522313413492
v 17.0 -29.0 10.583879053725768
v 18.0 -29.0 10.464249495721507
v 19.0 -29.0 10.334731876288007
v 20.0 -29.0 10.195390766364326
v 21.0 -29.0 10.046257849527445
v 22.0 -29.0 9.887336202136398
v 23.0 -29.0 9.718607997846664
v 24.0 -29.0 9.540045382053803
v 25.0 -29.0 9.351624088415834
v 26.0 -29.0 9.15333921056506
v 27.0 -29.0 8.945222407422909
v 28.0 -29.0 8.72735971892932
v 29.0 -29.0 8.499909107435965
v 30.0 -29.0 8.26311682314097
v 31.0 -29.0 8.01733172178337
v 32.0 -29.0 7.7630167385934845
v 33.0 -29.0 7.50075684066332
v 34.0 -29.0 7.231262934346701
v 35.0 -29.0 6.955371386727003
v 36.0 -29.0 6.674039020654288
v 37.0 -29.0 6.388333650390227
v 38.0 -29.0 6.099420428232458
v 39.0 -29.0 5.808544460741155
v 40.0 -29.0 5.5170103165538835
v 41.0 -29.0 5.226159178102258
v 42.0 -29.0 4.937344480808838
v 43.0 -29.0 4.65190693194386
v 44.0 -29.0 4.371149806217727
v 45.0 -29.0 4.096315377855739
v 46.0 -29.0 3.828563273139759
v 47.0 -29.0 3.5689514189683686
v 48.0 -29.0 3.3184201291538735
v 49.0 -29.0 3.077779719192398
v -50.0 -28.0 6.147722838182929
v -49.0 -28.0 6.650097486116241
v -48.0 -28.0 7.158088799823233
v -47.0 -28.0 7.665954890895209
v -46.0 -28.0 8.167597400598547
v -45.0 -28.0 8.656723804367363
v -44.0 -28.0 9.127027808278301
v -43.0 -28.0 9.572380614136865
v -42.0 -28.0 9.98702483810645
v -41.0 -28.0 10.365762326385877
v -40.0 -28.0 10.704127077531085
v -39.0 -28.0 10.998534975990243
v -38.0 -28.0 11.246403047837655
v -37.0 -28.0 11.446232411719084
v -36.0 -28.0 11.59765092524345
v -35.0 -28.0 11.701413601344782
v -34.0 -28.0 11.75936105396854
v -33.0 -28.0 11.774338383779215
v -32.0 -28.0 11.750078892360174
v -31.0 -28.0 11.691058692401139
v -30.0 -28.0 11.602329560832775
v -29.0 -28.0 11.489338192490425
v -28.0 -28.0 11.357740320207485
v -27.0 -28.0 11.213217976737617
v -26.0 -28.0 11.0613075230321
v -25.0 -28.0 10.907245024785313
v -24.0 -28.0 10.755834216624917
v -23.0 -28.0 10.611340757396473
v -22.0 -28.0 10.477414862813147
v -21.0 -28.0 10.35704281214959
v -20.0 -28.0 10.252526361248337
v -19.0 -28.0 10.16548783485424
v -18.0 -28.0 10.096897675174137
v -17.0 -28.0 10.04712052435647
v -16.0 -28.0 10.015975525858403
v -15.0 -28.0 10.002806430676433
v -14.0 -28.0 10.006557257624554
v -13.0 -28.0 10.025849636527262
v -12.0 -28.0 10.059058504626988
v -11.0 -28.0 10.104383471218489
v -10.0 -28.0 10.159913856175077
v -9.0 -28.0 10.223686092533102
v -8.0 -28.0 10.293732817942335
v -7.0 -28.0 10.368123531256431
v -6.0 -28.0 10.444997136808473
v -5.0 -28.0 10.52258702913863
v -4.0 -28.0 10.599239584456047
v -3.0 -28.0 10.673427029856294
v -2.0 -28.0 10.743755671801537
v -1.0 -28.0 10.808970400549644
v 0.0 -28.0 10.867956268331419
v 1.0 -28.0 10.919737787720337
v 2.0 -28.0 10.96347643313744
v 3.0 -28.0 10.998466670570327
v 4.0 -28.0 11.02413070273023
v 5.0 -28.0 11.040012009488505
v 6.0 -28.0 11.045767692915064
v 7.0 -28.0 11.04115960503147
v 8.0 -28.0 11.02604424333192
v 9.0 -28.0 11.00036143996398
v 10.0 -28.0 10.96412193847104
v 11.0 -28.0 10.917394038660078
v 12.0 -28.0 10.860289585867797
v 13.0 -28.0 10.792949675669012
v 14.0 -28.0 10.715530529204235
v 15.0 -28.0 10.628190059005028
v 16.0 -28.0 10.53107568311731
v 17.0 -28.0 10.424313951012394
v 18.0 -28.0 10.308002515013436
v 19.0 -28.0 10.18220491497523
v 20.0 -28.0 10.046948543475565
v 21.0 -28.0 9.902226027980777
v 22.0 -28.0 9.748000111721648
v 23.0 -28.0 9.584211944587011
v 24.0 -28.0 9.410792518793063
v 25.0 -28.0 9.227676811761723
v 26.0 -28.0 9.034820040996388
v 27.0 -28.0 8.832215302666993
v 28.0 -28.0 8.61991176577528
v 29.0 -28.0 8.398032534022686
v 30.0 -28.0 8.16679127241621
v 31.0 -28.0 7.926506727168298
v 32.0 -28.0 7.677614344739023
v 33.0 -28.0 7.4206743153356856
v 34.0 -28.0 7.156375521680959
v 35.0 -28.0 6.885535057073927
v 36.0 -28.0 6.609093177748247
v 37.0 -28.0 6.32810376232785
v 38.0 -28.0 6.043720554538754
v 39.0 -28.0 5.75717965340996
v 40.0 -28.0 5.469778878218449
v 41.0 -28.0 5.182854765297238
v 42.0 -28.0 4.897758044545655
v 43.0 -28.0 4.615828491495907
v 44.0 -28.0 4.3383700550941136
v 45.0 -28.0 4.066627123455509
v 46.0 -28.0 3.8017627135688215
v 47.0 -28.0 3.544839262030651
v 48.0 -28.0 3.2968025596670003
v 49.0 -28.0 3.058469221599354
v -50.0 -27.0 6.044602832706621
v -49.0 -27.0 6.535373455506862
v -48.0 -27.0 7.031520787760886
v -47.0 -27.0 7.527460308808607
v -46.0 -27.0 8.017267525125169
v -45.0 -27.0 8.494836428396301
v -44.0 -27.0 8.954055203304144
v -43.0 -27.0 9.388992094940782
v -42.0 -27.0 9.794083402188429
v -41.0 -27.0 10.164315063781775
v -40.0 -27.0 10.495389302112763
v -39.0 -27.0 10.78386830467992
v -38.0 -27.0 11.02728793478477
v -37.0 -27.0 11.224235914478639
v -36.0 -27.0 11.374390723164737
v -35.0 -27.0 11.478519487394225
v -34.0 -27.0 11.538435266750062
v -33.0 -27.0 11.556916226337133
v -32.0 -27.0 11.537591092162348
v -31.0 -27.0 11.484796890963159
v -30.0 -27.0 11.403416184819681
v -29.0 -27.0 11.298701758558984
v -28.0 -27.0 11.176096975231498
v -27.0 -27.0 11.04105978860116
v -26.0 -27.0 10.898897732263386
v -25.0 -27.0 10.754620162184317
v -24.0 -27.0 10.612812704455118
v -23.0 -27.0 10.477537357606726
v -22.0 -27.0 10.352260128151542
v -21.0 -27.0 10.239806544192115
v -20.0 -27.0 10.142343988307069
v -19.0 -27.0 10.061388593103246
v -18.0 -27.0 9.997833504670432
v -17.0 -27.0 9.951994670927764
v -16.0 -27.0 9.923669960342266
v -15.0 -27.0 9.91220734723762
v -14.0 -27.0 9.91657808063612
v -13.0 -27.0 9.935451138824162
v -12.0 -27.0 9.967265807995004
v -11.0 -27.0 10.010299853718987
v -10.0 -27.0 10.06273142350598
v -9.0 -27.0 10.122693477695176
v -8.0 -27.0 10.188320153026373
v -7.0 -27.0 10.257784987388627
v -6.0 -27.0 10.329331355210762
v -5.0 -27.0 10.40129577127465
v -4.0 -27.0 10.472124916621494
v -3.0 -27.0 10.540387332019762
v -2.0 -27.0 10.604780726671214
v -1.0 -27.0 10.664135781023841
v 0.0 -27.0 10.71741720335299
v 1.0 -27.0 10.763722650980295
v 2.0 -27.0 10.80227996809991
v 3.0 -27.0 10.832443040125991
v 4.0 -27.0 10.853686432883313
v 5.0 -27.0 10.865598883663763
v 6.0 -27.0 10.867875646069777
v 7.0 -27.0 10.860309663770966
v 8.0 -27.0 10.842781558465036
v 9.0 -27.0 10.815248460149924
v 10.0 -27.0 10.777731776606018
v 11.0 -27.0 10.730304085373154
v 12.0 -27.0 10.67307542607837
v 13.0 -27.0 10.606179363971325
v 14.0 -27.0 10.529759277499679
v 15.0 -27.0 10.443955385150677
v 16.0 -27.0 10.348893062468617
v 17.0 -27.0 10.244673003866732
v 18.0 -27.0 10.131363752516759
v 19.0 -27.0 10.008997054551875
v 20.0 -27.0 9.877566392859759
v 21.0 -27.0 9.737028925066014
v 22.0 -27.0 9.587310896278417
v 23.0 -27.0 9.428316427950534
v 24.0 -27.0 9.259939409324287
v 25.0 -27.0 9.0820780475601
v 26.0 -27.0 8.894651477191006
v 27.0 -27.0 8.697617698701636
v 28.0 -27.0 8.490992018372387
v 29.0 -27.0 8.274865103782156
v 30.0 -27.0 8.049419755996427
v 31.0 -27.0 7.814945532348982
v 32.0 -27.0 7.57185043196535
v 33.0 -27.0 7.320668976153581
v 34.0 -27.0 7.062066171361369
v 35.0 -27.0 6.796837025287032
v 36.0 -27.0 6.525901487039064
v 37.0 -27.0 6.250294889087022
v 38.0 -27.0 5.971154170965984
v 39.0 -27.0 5.689700351533326
v 40.0 -27.0 5.407217878351844
v 41.0 -27.0 5.1250316114658965
v 42.0 -27.0 4.844482288534102
v 43.0 -27.0 4.566901365478388
v 44.0 -27.0 4.2935861305375385
v 45.0 -27.0 4.0257759514008855
v 46.0 -27.0 3.764630438760253
v 47.0 -27.0 3.511210200913801
v 48.0 -27.0 3.2664607302312145
v 49.0 -27.0 3.0311998115541745
v -50.0 -26.0 5.92621499982214
v -49.0 -26.0 6.4040942489519725
v -48.0 -26.0 6.88714761336858
v -47.0 -26.0 7.369969643660022
v -46.0 -26.0 7.846831289276221
v -45.0 -26.0 8.311833840609978
v -44.0 -26.0 8.75907928073531
v -43.0 -26.0 9.182850119992061
v -42.0 -26.0 9.57779088995045
v -41.0 -26.0 9.939083012541772
v -40.0 -26.0 10.262604786306209
v -39.0 -26.0 10.545068760805476
v -38.0 -26.0 10.784129780850403
v -37.0 -26.0 10.97845841626413
v -36.0 -26.0 11.12777625990357
v -35.0 -26.0 11.232851560593328
v -34.0 -26.0 11.295455726327589
v -33.0 -26.0 11.31828324893771
v -32.0 -26.0 11.304839432375779
v -31.0 -26.0 11.259301836790897
v -30.0 -26.0 11.186362488427198
v -29.0 -26.0 11.091058591002493
v -28.0 -26.0 10.978599682328936
v -27.0 -26.0 10.854198920407617
v -26.0 -26.0 10.722915498645138
v -25.0 -26.0 10.589514150348446
v -24.0 -26.0 10.458346398867699
v -23.0 -26.0 10.333256744426174
v -22.0 -26.0 10.217515457950157
v -21.0 -26.0 10.113778177291863
v -20.0 -26.0 10.02407116112478
v -19.0 -26.0 9.94979992165718
v -18.0 -26.0 9.891778078854328
v -17.0 -26.0 9.85027268275129
v -16.0 -26.0 9.825061940783678
v -15.0 -26.0 9.815501247642187
v -14.0 -26.0 9.820593613029665
v -13.0 -26.0 9.839060972727586
v -12.0 -26.0 9.86941339815525
v -11.0 -26.0 9.910013834325333
v -10.0 -26.0 9.959136642973965
v -9.0 -26.0 10.015018859534946
v -8.0 -26.0 10.075903650724944
v -7.0 -26.0 10.140075954948824
v -6.0 -26.0 10.205890682214502
v -5.0 -26.0 10.271794135699865
v -4.0 -26.0 10.336339494668728
v -3.0 -26.0 10.398197276828787
v -2.0 -26.0 10.456161691918838
v -1.0 -26.0 10.50915372547513
v 0.0 -26.0 10.556221672301175
v 1.0 -26.0 10.596539693134785
v 2.0 -26.0 10.629404813947918
v 3.0 -26.0 10.65423264130463
v 4.0 -26.0 10.67055194206397
v 5.0 -26.0 10.677998140615632
v 6.0 -26.0 10.676305727174
v 7.0 -26.0 10.665299548198387
v 8.0 -26.0 10.644884963224643
v 9.0 -26.0 10.615036896934894
v 10.0 -26.0 10.575787884562036
v 11.0 -26.0 10.527215294508322
v 12.0 -26.0 10.469428005177175
v 13.0 -26.0 10.402552903983832
v 14.0 -26.0 10.326721656148262
v 15.0 -26.0 10.242058250895296
v 16.0 -26.0 10.148667866207237
v 17.0 -26.0 10.046627595232966
v 18.0 -26.0 9.935979544942336
v 19.0 -26.0 9.816726750060177
v 20.0 -26.0 9.688832244569756
v 21.0 -26.0 9.552221503328875
v 22.0 -26.0 9.406788313900718
v 23.0 -26.0 9.252403971637557
v 24.0 -26.0 9.088929518727674
v 25.0 -26.0 8.91623058039886
v 26.0 -26.0 8.734194198921102
v 27.0 -26.0 8.542746938047658
v 28.0 -26.0 8.341873435446859
v 29.0 -26.0 8.131634525097489
v 30.0 -26.0 7.9121840398953145
v 31.0 -26.0 7.683783438631671
v 32.0 -26.0 7.4468134801243915
v 33.0 -26.0 7.201782286985815
v 34.0 -26.0 6.9493292962015305
v 35.0 -26.0 6.690224775164124
v 36.0 -26.0 6.425364780272315
v 37.0 -26.0 6.155761639921094
v 38.0 -26.0 5.882530243649901
v 39.0 -26.0 5.606870603776952
v 40.0 -26.0 5.33004731549256
v 41.0 -26.0 5.053366668216979
v 42.0 -26.0 4.778152249237945
v 43.0 -26.0 4.505719926798456
v 44.0 -26.0 4.237353102979865
v 45.0 -26.0 3.9742790884542982
v 46.0 -26.0 3.717647375255378
v 47.0 -26.0 3.4685104758443157
v 48.0 -26.0 3.2278078641014525
v 49.0 -26.0 2.9963534045698257
v -50.0 -25.0 5.797099852035421
v -49.0 -25.0 6.2612562145271715
v -48.0 -25.0 6.730426735578472
v -47.0 -25.0 7.199399870299036
v -46.0 -25.0 7.662656160407443
v -45.0 -25.0 8.1145171857004
v -44.0 -25.0 8.549310117373341
v -43.0 -25.0 8.961541130971613
v -42.0 -25.0 9.346070084025897
v -41.0 -25.0 9.698278437386348
v -40.0 -25.0 10.014222448254582
v -39.0 -25.0 10.290764200836806
v -38.0 -25.0 10.525674044618901
v -37.0 -25.0 10.717699421985474
v -36.0 -25.0 10.866596796241621
v -35.0 -25.0 10.973125323570851
v -34.0 -25.0 11.039002918411992
v -33.0 -25.0 11.066827306890753
v -32.0 -25.0 11.059966419290454
v -31.0 -25.0 11.02242392849141
v -30.0 -25.0 10.958686810139113
v -29.0 -25.0 10.873562426278474
v -28.0 -25.0 10.772012795753467
v -27.0 -25.0 10.658993424594852
v -26.0 -25.0 10.539303372258745
v -25.0 -25.0 10.417452195607993
v -24.0 -25.0 10.297548131790712
v -23.0 -25.0 10.183210454417733
v -22.0 -25.0 10.07750746777339
v -21.0 -25.0 9.982920188578733
v -20.0 -25.0 9.901330488774736
v -19.0 -25.0 9.834031402699706
v -18.0 -25.0 9.781756483482651
v -17.0 -25.0 9.744724549597214
v -16.0 -25.0 9.722695894719797
v -15.0 -25.0 9.715036024367656
v -14.0 -25.0 9.72078319764006
v -13.0 -25.0 9.738716446931889
v -12.0 -25.0 9.767421271526668
v -11.0 -25.0 9.80535079958619
v -10.0 -25.0 9.850880836786029
v -9.0 -25.0 9.902357824111052
v -8.0 -25.0 9.95813927583454
v -7.0 -25.0 10.016626734895196
v -6.0 -25.0 10.076291650368264
v -5.0 -25.0 10.135694843875264
v -4.0 -25.0 10.193500390640569
v -3.0 -25.0 10.248484805633833
v -2.0 -25.0 10.299542410248423
v -1.0 -25.0 10.345687678008519
v 0.0 -25.0 10.386055238126664
v 1.0 -25.0 10.419898072473197
v 2.0 -25.0 10.446584292324292
v 3.0 -25.0 10.46559274129609
v 4.0 -25.0 10.476507552157528
v 5.0 -25.0 10.479011696231746
v 6.0 -25.0 10.472879509726454
v 7.0 -25.0 10.457968163002922
v 8.0 -25.0 10.434208054794924
v 9.0 -25.0 10.401592159347095
v 10.0 -25.0 10.360164423858112
v 11.0 -25.0 10.310007398467878
v 12.0 -25.0 10.251229372402411
v 13.0 -25.0 10.183951378593415
v 14.0 -25.0 10.108294506251015
v 15.0 -25.0 10.024368018496412
v 16.0 -25.0 9.93225880363219
v 17.0 -25.0 9.832022689098936
v 18.0 -25.0 9.723678113884937
v 19.0 -25.0 9.607202587652807
v 20.0 -25.0 9.48253226500531
v 21.0 -25.0 9.349564835288236
v 22.0 -25.0 9.208165778339584
v 23.0 -25.0 9.05817787257187
v 24.0 -25.0 8.899433672896315
v 25.0 -25.0 8.731770512130032
v 26.0 -25.0 8.555047430603654
v 27.0 -25.0 8.369163314066624
v 28.0 -25.0 8.17407542783538
v 29.0 -25.0 7.96981748185998
v 30.0 -25.0 7.75651635120817
v 31.0 -25.0 7.534406611080555
v 32.0 -25.0 7.3038421239104405
v 33.0 -25.0 7.065304034769611
v 34.0 -25.0 6.819404684172513
v 35.0 -25.0 6.566887126367287
v 36.0 -25.0 6.308620136699544
v 37.0 -25.0 6.045588793076546
v 38.0 -25.0 5.778880913126805
v 39.0 -25.0 5.509669809939535
v 40.0 -25.0 5.239193985935454
v 41.0 -25.0 4.968734508734152
v 42.0 -25.0 4.699590899164242
v 43.0 -25.0 4.433056406468002
v 44.0 -25.0 4.17039354839919
v 45.0 -25.0 3.912810755833879
v 46.0 -25.0 3.6614408864547814
v 47.0 -25.0 3.417322265652725
v 48.0 -25.0 3.181382782072476
v 49.0 -25.0 2.9544274181968637
v -50.0 -24.0 5.662065018906963
v -49.0 -24.0 6.112141364366577
v -48.0 -24.0 6.567118446667472
v -47.0 -24.0 7.021986186465469
v -46.0 -24.0 7.471441060520794
v -45.0 -24.0 7.910029797861778
v -44.0 -24.0 8.332307931327037
v -43.0 -24.0 8.73300665871793
v -42.0 -24.0 9.107200654278884
v -41.0 -24.0 9.450469074608414
v -40.0 -24.0 9.759042069512963
v -39.0 -24.0 10.02992565002966
v -38.0 -24.0 10.260998759147807
v -37.0 -24.0 10.451077777018437
v -36.0 -24.0 10.599945382368558
v -35.0 -24.0 10.708342572566428
v -34.0 -24.0 10.777924589095717
v -33.0 -24.0 10.811183371985027
v -32.0 -24.0 10.811340851726442
v -31.0 -24.0 10.78221877287253
v -30.0 -24.0 10.728091747264353
v -29.0 -24.0 10.653530804910329
v -28.0 -24.0 10.563244828776748
v -27.0 -24.0 10.461926941592171
v -26.0 -24.0 10.35411220421763
v -25.0 -24.0 10.244051957368738
v -24.0 -24.0 10.13560888064071
v -23.0 -24.0 10.032175453785346
v -22.0 -24.0 9.93661708526641
v -21.0 -24.0 9.851239816025625
v -20.0 -24.0 9.777781292759041
v -19.0 -24.0 9.717422697427178
v -18.0 -24.0 9.670818559805765
v -17.0 -24.0 9.638140887310342
v -16.0 -24.0 9.619133819822027
v -15.0 -24.0 9.613175037123545
v -14.0 -24.0 9.619340378474107
v -13.0 -24.0 9.636468533242086
v -12.0 -24.0 9.66322317828366
v -11.0 -24.0 9.698150520788706
v -10.0 -24.0 9.739730806431085
v -9.0 -24.0 9.786422929764626
v -8.0 -24.0 9.836701803100004
v -7.0 -24.0 9.889088577299562
v -6.0 -24.0 9.942174148565021
v -5.0 -24.0 9.994636624192967
v -4.0 -24.0 10.045253560422909
v -3.0 -24.0 10.092909836485497
v -2.0 -24.0 10.136602005160691
v -1.0 -24.0 10.175439878925218
v 0.0 -24.0 10.2086459906782
v 1.0 -24.0 10.23555342735413
v 2.0 -24.0 10.25560239019312
v 3.0 -24.0 10.26833570130129
v 4.0 -24.0 10.273393363588905
v 5.0 -24.0 10.270506198024169
v 6.0 -24.0 10.25948853275258
v 7.0 -24.0 10.240229904090487
v 8.0 -24.0 10.212685747833246
v 9.0 -24.0 10.176867106333445
v 10.0 -24.0 10.132829446019313
v 11.0 -24.0 10.08066076363219
v 12.0 -24.0 10.020469248829523
v 13.0 -24.0 9.952370857053001
v 14.0 -24.0 9.876477221157973
v 15.0 -24.0 9.79288438556036
v 16.0 -24.0 9.701662876233508
v 17.0 -24.0 9.602849619161034
v 18.0 -24.0 9.496442186229757
v 19.0 -24.0 9.382395780652303
v 20.0 -24.0 9.26062327573937
v 21.0 -24.0 9.130998495299197
v 22.0 -24.0 8.993362777223206
v 23.0 -24.0 8.847534701674773
v 24.0 -24.0 8.693322700688674
v 25.0 -24.0 8.530540106525196
v 26.0 -24.0 8.359022051474579
v 27.0 -24.0 8.17864351107238
v 28.0 -24.0 7.989337693791352
v 29.0 -24.0 7.791113929432121
v 30.0 -24.0 7.58407419970461
v 31.0 -24.0 7.36842748948216
v 32.0 -24.0 7.144501214932426
v 33.0 -24.0 6.9127491016306
v 34.0 -24.0 6.673755035926949
v 35.0 -24.0 6.428232588360668
v 36.0 -24.0 6.1770200993741735
v 37.0 -24.0 5.921071414673454
v 38.0 -24.0 5.661442549739277
v 39.0 -24.0 5.399274740073902
v 40.0 -24.0 5.135774486660008
v 41.0 -24.0 4.872191327285382
v 42.0 -24.0 4.609794148326212
v 43.0 -24.0 4.349846895044708
v 44.0 -24.0 4.0935845406058355
v 45.0 -24.0 3.8421901363726323
v 46.0 -24.0 3.5967736922783518
v 47.0 -24.0 3.3583535317045676
v 48.0 -24.0 3.127840637223471
v 49.0 -24.0 2.906026359595505
v -50.0 -23.0 5.526022166573933
v -49.0 -23.0 5.962138272274837
v -48.0 -23.0 6.4030907118656435
v -47.0 -23.0 6.844071016646479
v -46.0 -23.0 7.279990030869186
v -45.0 -23.0 7.705616305100492
v -44.0 -23.0 8.115728687074947
v -43.0 -23.0 8.505276762691857
v -42.0 -23.0 8.869542019189108
v -41.0 -23.0 9.204292229089555
v -40.0 -23.0 9.505921631733505
v -39.0 -23.0 9.771570030245535
v -38.0 -23.0 9.999214901412344
v -37.0 -23.0 10.1877319756891
v -36.0 -23.0 10.336921395957171
v -35.0 -23.0 10.447498395387843
v -34.0 -23.0 10.521049321782101
v -33.0 -23.0 10.559955649705794
v -32.0 -23.0 10.567290241556641
v -31.0 -23.0 10.54669144036362
v -30.0 -23.0 10.502221521667636
v -29.0 -23.0 10.438216550919547
v -28.0 -23.0 10.359134771390137
v -27.0 -23.0 10.269410303475423
v -26.0 -23.0 10.173318217095355
v -25.0 -23.0 10.074856016393861
v -24.0 -23.0 9.97764533882163
v -23.0 -23.0 9.884856316287348
v -22.0 -23.0 9.799155672161525
v -21.0 -23.0 9.722678325023189
v -20.0 -23.0 9.657021115062525
v -19.0 -23.0 9.603256320683043
v -18.0 -23.0 9.561961928923473
v -17.0 -23.0 9.53326518019866
v -16.0 -23.0 9.516895721623783
v -15.0 -23.0 9.512244752374487
v -14.0 -23.0 9.518426793959371
v -13.0 -23.0 9.534341123474375
v -12.0 -23.0 9.55873041972703
v -11.0 -23.0 9.590234741083016
v -10.0 -23.0 9.6274395339346
v -9.0 -23.0 9.668916922095097
v -8.0 -23.0 9.71326001878486
v -7.0 -23.0 9.759110412134172
v -6.0 -23.0 9.80517928970684
v -5.0 -23.0 9.850262883722843
v -4.0 -23.0 9.893253040374827
v -3.0 -23.0 9.93314375393911
v -2.0 -23.0 9.969034473674732
v -1.0 -23.0 10.000130905767474
v 0.0 -23.0 10.025743911736285
v 1.0 -23.0 10.045286966224198
v 2.0 -23.0 10.058272496773267
v 3.0 -23.0 10.064307299405266
v 4.0 -23.0 10.063087116979574
v 5.0 -23.0 10.0543903895077
v 6.0 -23.0 10.038071140728285
v 7.0 -23.0 10.014050954040755
v 8.0 -23.0 9.982310011326984
v 9.0 -23.0 9.942877215865371
v 10.0 -23.0 9.895819489203477
v 11.0 -23.0 9.841230413926322
v 12.0 -23.0 9.779218481397853
v 13.0 -23.0 9.709895287223073
v 14.0 -23.0 9.633364089176517
v 15.0 -23.0 9.549709195312113
v 16.0 -23.0 9.458986677846655
v 17.0 -23.0 9.36121690680139
v 18.0 -23.0 9.256379363859542
v 19.0 -23.0 9.14441013115495
v 20.0 -23.0 9.025202353647925
v 21.0 -23.0 8.898609851394246
v 22.0 -23.0 8.764453915319395
v 23.0 -23.0 8.622533164615051
v 24.0 -23.0 8.472636184275283
v 25.0 -23.0 8.31455650690927
v 26.0 -23.0 8.148109363171672
v 27.0 -23.0 7.973149508744457
v 28.0 -23.0 7.7895893504425695
v 29.0 -23.0 7.597416545688592
v 30.0 -23.0 7.39671024220629
v 31.0 -23.0 7.1876551598348515
v 32.0 -23.0 6.970552792862337
v 33.0 -23.0 6.745829125731053
v 34.0 -23.0 6.514038401605313
v 35.0 -23.0 6.275862654407689
v 36.0 -23.0 6.032106901370802
v 37.0 -23.0 5.783690084897358
v 38.0 -23.0 5.531632039318563
v 39.0 -23.0 5.277036930146114
v 40.0 -23.0 5.021073761796181
v 41.0 -23.0 4.764954667235486
v 42.0 -23.0 4.50991177421914
v 43.0 -23.0 4.2571734846360725
v 44.0 -23.0 4.007941005160191
v 45.0 -23.0 3.7633659304216005
v 46.0 -23.0 3.5245296078531108
v 47.0 -23.0 3.292424911598419
v 48.0 -23.0 3.067940928108648
v 49.0 -23.0 2.8518509158929843
v -50.0 -22.0 5.39382018787217
v -49.0 -22.0 5.8165591490066335
v -48.0 -22.0 6.244120153543918
v -47.0 -22.0 6.671889194988258
v -46.0 -22.0 7.094982183848538
v -45.0 -22.0 7.508378207068944
v -44.0 -22.0 7.907066440228671
v -43.0 -22.0 8.286200555611627
v -42.0 -22.0 8.641253713772077
v -41.0 -22.0 8.968166868931691
v -40.0 -22.0 9.263483202900636
v -39.0 -22.0 9.5244620388158
v -38.0 -22.0 9.749166550497627
v -37.0 -22.0 9.93652091750819
v -36.0 -22.0 10.086334192405241
v -35.0 -22.0 10.199289935154678
v -34.0 -22.0 10.276902506852938
v -33.0 -22.0 10.32144267459785
v -32.0 -22.0 10.335836742954921
v -31.0 -22.0 10.323544693738308
v -30.0 -22.0 10.288423708706375
v -29.0 -22.0 10.234583923798422
v -28.0 -22.0 10.166243306306374
v -27.0 -22.0 10.08758817797208
v -26.0 -22.0 10.002645176619954
v -25.0 -22.0 9.915169429142933
v -24.0 -22.0 9.82855248801266
v -23.0 -22.0 9.745752258293717
v -22.0 -22.0 9.669245808223664
v -21.0 -22.0 9.601004701591538
v -20.0 -22.0 9.542491388080663
v -19.0 -22.0 9.494674293623852
v -18.0 -22.0 9.458058601006648
v -17.0 -22.0 9.432729314632722
v -16.0 -22.0 9.418403056008792
v -15.0 -22.0 9.414485114791107
v -14.0 -22.0 9.42012854797325
v -13.0 -22.0 9.434292532398443
v -12.0 -22.0 9.455797684803937
v -11.0 -22.0 9.48337662095755
v -10.0 -22.0 9.51571858695072
v -9.0 -22.0 9.551507523823043
v -8.0 -22.0 9.589453392259935
v -7.0 -22.0 9.628316967199117
v -6.0 -22.0 9.666928602064575
v -5.0 -22.0 9.704201656740105
v -4.0 -22.0 9.739141387225514
v -3.0 -22.0 9.77085011874422
v -2.0 -22.0 9.798529482359124
v -1.0 -22.0 9.821480404586708
v 0.0 -22.0 9.839101417418908
v 1.0 -22.0 9.850885719248918
v 2.0 -22.0 9.856417280425008
v 3.0 -22.0 9.855366163047348
v 4.0 -22.0 9.847483122781949
v 5.0 -22.0 9.832593487373497
v 6.0 -22.0 9.81059026556187
v 7.0 -22.0 9.781426431678634
v 8.0 -22.0 9.745106353137809
v 9.0 -22.0 9.70167637594901
v 10.0 -22.0 9.651214651149063
v 11.0 -22.0 9.593820365324445
v 12.0 -22.0 9.529602623145376
v 13.0 -22.0 9.458669310850032
v 14.0 -22.0 9.381116339048878
v 15.0 -22.0 9.29701771403324
v 16.0 -22.0 9.206416913189184
v 17.0 -22.0 9.10932003797012
v 18.0 -22.0 9.005691184886542
v 19.0 -22.0 8.895450410903367
v 20.0 -22.0 8.778474576380706
v 21.0 -22.0 8.654601230181843
v 22.0 -22.0 8.523635563577782
v 23.0 -22.0 8.385360309405362
v 24.0 -22.0 8.239548308992761
v 25.0 -22.0 8.08597732065433
v 26.0 -22.0 7.924446509107402
v 27.0 -22.0 7.754793943456294
v 28.0 -22.0 7.576914349786171
v 29.0 -22.0 7.390776318658762
v 30.0 -22.0 7.196438161624886
v 31.0 -22.0 6.994061645687243
v 32.0 -22.0 6.783922909452456
v 33.0 -22.0 6.566419976098686
v 34.0 -22.0 6.342076420648443
v 35.0 -22.0 6.111540914910242
v 36.0 -22.0 5.87558255398349
v 37.0 -22.0 5.63508205372525
v 38.0 -22.0 5.3910190891547884
v 39.0 -22.0 5.14445620992418
v 40.0 -22.0 4.896519912198392
v 41.0 -22.0 4.648379559544759
v 42.0 -22.0 4.401224923593789
v 43.0 -22.0 4.156243155308601
v 44.0 -22.0 3.91459599894816
v 45.0 -22.0 3.6773980246964575
v 46.0 -22.0 3.4456965859422524
v 47.0 -22.0 3.2204541085285867
v 48.0 -22.0 3.0025331984485475
v 49.0 -22.0 2.792684918782014
v -50.0 -21.0 5.270081362243884
v -49.0 -21.0 5.680460403608944
v -48.0 -21.0 6.095697089592584
v -47.0 -21.0 6.5113578196273805
v -46.0 -21.0 6.9227469880416646
v -45.0 -21.0 7.325035485748829
v -44.0 -21.0 7.713402444317671
v -43.0 -21.0 8.083184238390517
v -42.0 -21.0 8.430024023130368
v -41.0 -21.0 8.750014734614787
v -40.0 -21.0 9.03982856602639
v -39.0 -21.0 9.296826461719773
v -38.0 -21.0 9.51914212068565
v -37.0 -21.0 9.705736312901164
v -36.0 -21.0 9.856418899543934
v -35.0 -21.0 9.971837701807575
v -34.0 -21.0 10.053435160798138
v -33.0 -21.0 10.10337544778828
v -32.0 -21.0 10.124446202960232
v -31.0 -21.0 10.11994030227684
v -30.0 -21.0 10.093523902319514
v -29.0 -21.0 10.049097448594939
v -28.0 -21.0 9.99065634377063
v -27.0 -21.0 9.922157580700706
v -26.0 -21.0 9.847397901822063
v -25.0 -21.0 9.769908025219895
v -24.0 -21.0 9.692866267327604
v -23.0 -21.0 9.619033588726946
v -22.0 -21.0 9.550710787409365
v -21.0 -21.0 9.489717348944508
v -20.0 -21.0 9.437390406323082
v -19.0 -21.0 9.394601415966713
v -18.0 -21.0 9.361787551743125
v -17.0 -21.0 9.33899446598309
v -16.0 -21.0 9.325926956353808
v -15.0 -21.0 9.32200418470612
v -14.0 -21.0 9.326416381270667
v -13.0 -21.0 9.338180389834479
v -12.0 -21.0 9.356191918713664
v -11.0 -21.0 9.379272911418404
v -10.0 -21.0 9.406212997297548
v -9.0 -21.0 9.435804490532465
v -8.0 -21.0 9.466870848534601
v -7.0 -21.0 9.498288860157766
v -6.0 -21.0 9.529005101201939
v -5.0 -21.0 9.55804736860906
v -4.0 -21.0 9.58453189147075
v -3.0 -21.0 9.607667127607172
v -2.0 -21.0 9.626754903652108
v -1.0 -21.0 9.641189560757713
v 0.0 -21.0 9.65045564405776
v 1.0 -21.0 9.65412453789242
v 2.0 -21.0 9.65185031469205
v 3.0 -21.0 9.643364945070255
v 4.0 -21.0 9.62847291896147
v 5.0 -21.0 9.607045258419722
v 6.0 -21.0 9.579012864871869
v 7.0 -21.0 9.544359137320551
v 8.0 -21.0 9.503111820896082
v 9.0 -21.0 9.455334092881584
v 10.0 -21.0 9.401114959893082
v 11.0 -21.0 9.340559118174692
v 12.0 -21.0 9.273776511229032
v 13.0 -21.0 9.200871897377123
v 14.0 -21.0 9.121934806814489
v 15.0 -21.0 9.037030316589423
v 16.0 -21.0 8.946191097173372
v 17.0 -21.0 8.849411181970979
v 18.0 -21.0 8.746641879088568
v 19.0 -21.0 8.63779018277903
v 20.0 -21.0 8.522719952068107
v 21.0 -21.0 8.401256009959269
v 22.0 -21.0 8.273191183896436
v 23.0 -21.0 8.138296163880561
v 24.0 -21.0 7.996331906883391
v 25.0 -21.0 7.847064173635115
v 26.0 -21.0 7.690279655155495
v 27.0 -21.0 7.525803039681674
v 28.0 -21.0 7.353514292970526
v 29.0 -21.0 7.173365381806916
v 30.0 -21.0 6.985395665470729
v 31.0 -21.0 6.789745214229942
v 32.0 -21.0 6.586665386625928
v 33.0 -21.0 6.376526105093061
v 34.0 -21.0 6.159819406890457
v 35.0 -21.0 5.937159007225044
v 36.0 -21.0 5.709275785290756
v 37.0 -21.0 5.477009282430277
v 38.0 -21.0 5.2412954752345335
v 39.0 -21.0 5.003151246016519
v 40.0 -21.0 4.7636561105679185
v 41.0 -21.0 4.523931871704141
v 42.0 -21.0 4.285120941914052
v 43.0 -21.0 4.048364116603136
v 44.0 -21.0 3.8147785802634875
v 45.0 -21.0 3.585436892849177
v 46.0 -21.0 3.361347636047858
v 47.0 -21.0 3.1434383040236225
v 48.0 -21.0 2.9325409068173807
v 49.0 -21.0 2.729380623984269
v -50.0 -20.0 5.159046880242329
v -49.0 -20.0 5.558473656854922
v -48.0 -20.0 5.962842152816222
v -47.0 -20.0 6.367878845442018
v -46.0 -20.0 6.769053462534267
v -45.0 -20.0 7.16170329283833
v -44.0 -20.0 7.5411704799164045
v -43.0 -20.0 7.902946461813761
v -42.0 -20.0 8.242816985886325
v -41.0 -20.0 8.557000779921006
v -40.0 -20.0 8.84227504086958
v -39.0 -20.0 9.096081422318562
v -38.0 -20.0 9.31660713771135
v -37.0 -20.0 9.502837091106684
v -36.0 -20.0 9.654574514226821
v -35.0 -20.0 9.772429318700866
v -34.0 -20.0 9.857775143658566
v -33.0 -20.0 9.912677766544691
v -32.0 -20.0 9.939799032706365
v -31.0 -20.0 9.9422816483653
v -30.0 -20.0 9.923620999238402
v -29.0 -20.0 9.887530561617805
v -28.0 -20.0 9.837807455801212
v -27.0 -20.0 9.778204277445587
v -26.0 -20.0 9.712312583420339
v -25.0 -20.0 9.643462380280452
v -24.0 -20.0 9.574640755538105
v -23.0 -20.0 9.508431500711957
v -22.0 -20.0 9.446976294799965
v -21.0 -20.0 9.391956831928143
v -20.0 -20.0 9.34459625659627
v -19.0 -20.0 9.305677463884876
v -18.0 -20.0 9.27557525866115
v -17.0 -20.0 9.25429905461873
v -16.0 -20.0 9.241542719219751
v -15.0 -20.0 9.236738306861541
v -14.0 -20.0 9.239110730966136
v -13.0 -20.0 9.247730860430035
v -12.0 -20.0 9.261565038889229
v -11.0 -20.0 9.279519570189834
v -10.0 -20.0 9.300479248954737
v -9.0 -20.0 9.323339507208624
v -8.0 -20.0 9.347032171407642
v -7.0 -20.0 9.370545162828432
v -6.0 -20.0 9.392936720833001
v -5.0 -20.0 9.413344883598846
v -4.0 -20.0 9.430993031466965
v -3.0 -20.0 9.445192295877133
v -2.0 -20.0 9.455341576788348
v -1.0 -20.0 9.460925809879603
v 0.0 -20.0 9.46151299814568
v 1.0 -20.0 9.456750386149562
v 2.0 -20.0 9.446360022665262
v 3.0 -20.0 9.430133839752136
v 4.0 -20.0 9.407928281647191
v 5.0 -20.0 9.379658450538846
v 6.0 -20.0 9.345291700756741
v 7.0 -20.0 9.304840608024664
v 8.0 -20.0 9.25835526372339
v 9.0 -20.0 9.20591489122655
v 10.0 -20.0 9.147618846447877
v 11.0 -20.0 9.083577140883376
v 12.0 -20.0 9.013900705194732
v 13.0 -20.0 8.938691687212179
v 14.0 -20.0 8.858034142945176
v 15.0 -20.0 8.77198552637038
v 16.0 -20.0 8.680569408178245
v 17.0 -20.0 8.583769851554306
v 18.0 -20.0 8.481527842437647
v 19.0 -20.0 8.373740112420109
v 20.0 -20.0 8.260260606346808
v 21.0 -20.0 8.140904737445904
v 22.0 -20.0 8.015456445835154
v 23.0 -20.0 7.883677938297513
v 24.0 -20.0 7.745321846057689
v 25.0 -20.0 7.60014540122053
v 26.0 -20.0 7.447926109849874
v 27.0 -20.0 7.288478298141153
v 28.0 -20.0 7.121669834495132
v 29.0 -20.0 6.947438289752377
v 30.0 -20.0 6.7658057937456375
v 31.0 -20.0 6.576891879897423
v 32.0 -20.0 6.380923679827385
v 33.0 -20.0 6.178242933639327
v 34.0 -20.0 5.969309413520072
v 35.0 -20.0 5.754700511600573
v 36.0 -20.0 5.535106909543368
v 37.0 -20.0 5.311324418127172
v 38.0 -20.0 5.084242241113645
v 39.0 -20.0 4.854828070203385
v 40.0 -20.0 4.624110549134678
v 41.0 -20.0 4.393159748543253
v 42.0 -20.0 4.163066364414464
v 43.0 -20.0 3.934920389119276
v 44.0 -20.0 3.7097900044955097
v 45.0 -20.0 3.4887014126012303
v 46.0 -20.0 3.272620254860592
v 47.0 -20.0 3.0624351791393094
v 48.0 -20.0 2.8589440028120476
v 49.0 -20.0 2.6628427948636504
v -50.0 -19.0 5.064437570290364
v -49.0 -19.0 5.454653559043557
v -48.0 -19.0 5.849941346476206
v -47.0 -19.0 6.246161751890129
v -46.0 -19.0 6.638921067667307
v -45.0 -19.0 7.023691910912881
v -44.0 -19.0 7.395946963445286
v -43.0 -19.0 7.751299874686638
v -42.0 -19.0 8.085646864696805
v -41.0 -19.0 8.39530220871804
v -40.0 -19.0 8.677120855093388
v -39.0 -19.0 8.92860193763013
v -38.0 -19.0 9.147967868713508
v -37.0 -19.0 9.3342149839108
v -36.0 -19.0 9.487133265684184
v -35.0 -19.0 9.6072943936296
v -34.0 -19.0 9.69600912851077
v -33.0 -19.0 9.755256711773203
v -32.0 -19.0 9.787590434001432
v -31.0 -19.0 9.796024695998867
v -30.0 -19.0 9.783909682229487
v -29.0 -19.0 9.75480014736392
v -28.0 -19.0 9.712324775630016
v -27.0 -19.0 9.660062135478295
v -26.0 -19.0 9.60142847352826
v -25.0 -19.0 9.53958154913928
v -24.0 -19.0 9.47734349598525
v -23.0 -19.0 9.417144407153678
v -22.0 -19.0 9.360987070152712
v -21.0 -19.0 9.31043211203654
v -20.0 -19.0 9.266601820631047
v -19.0 -19.0 9.230200133426473
v -18.0 -19.0 9.201545757211228
v -17.0 -19.0 9.180615103744941
v -16.0 -19.0 9.16709168544351
v -15.0 -19.0 9.160418780461201
v -14.0 -19.0 9.159852508002924
v -13.0 -19.0 9.164512905262203
v -12.0 -19.0 9.173431118513403
v -11.0 -19.0 9.185591366459398
v -10.0 -19.0 9.199966863423429
v -9.0 -19.0 9.215549370669335
v -8.0 -19.0 9.23137245234387
v -7.0 -19.0 9.246528833838497
v -6.0 -19.0 9.26018248908918
v -5.0 -19.0 9.271576221415621
v -4.0 -19.0 9.280035558003014
v -3.0 -19.0 9.284969763530684
v -2.0 -19.0 9.285870708961754
v -1.0 -19.0 9.282310223495847
v 0.0 -19.0 9.273936427341097
v 1.0 -19.0 9.260469405219887
v 2.0 -19.0 9.241696448295867
v 3.0 -19.0 9.217466975881447
v 4.0 -19.0 9.187687155460875
v 5.0 -19.0 9.152314175022843
v 6.0 -19.0 9.11135008750564
v 7.0 -19.0 9.064835142904698
v 8.0 -19.0 9.012840546704002
v 9.0 -19.0 8.955460629408524
v 10.0 -19.0 8.89280447533781
v 11.0 -19.0 8.824987132807676
v 12.0 -19.0 8.752120605189631
v 13.0 -19.0 8.674304895841008
v 14.0 -19.0 8.591619442649892
v 15.0 -19.0 8.504115323807808
v 16.0 -19.0 8.411808640408182
v 17.0 -19.0 8.31467548000221
v 18.0 -19.0 8.212648836428713
v 19.0 -19.0 8.105617804987059
v 20.0 -19.0 7.993429290117428
v 21.0 -19.0 7.875892358754677
v 22.0 -19.0 7.752785251605921
v 23.0 -19.0 7.623864933264808
v 24.0 -19.0 7.488878927757406
v 25.0 -19.0 7.347579056744221
v 26.0 -19.0 7.199736581099288
v 27.0 -19.0 7.045158150348731
v 28.0 -19.0 6.883701894864535
v 29.0 -19.0 6.715292957716364
v 30.0 -19.0 6.539937759835457
v 31.0 -19.0 6.357736324765123
v 32.0 -19.0 6.1688920567621786
v 33.0 -19.0 5.973718465286183
v 34.0 -19.0 5.772642454975641
v 35.0 -19.0 5.56620394646924
v 36.0 -19.0 5.355051752106907
v 37.0 -19.0 5.139935793165557
v 38.0 -19.0 4.921695903211587
v 39.0 -19.0 4.701247607125549
v 40.0 -19.0 4.479565389992365
v 41.0 -19.0 4.257664068286028
v 42.0 -19.0 4.0365789431968375
v 43.0 -19.0 3.8173454500095207
v 44.0 -19.0 3.6009790175611274
v 45.0 -19.0 3.388455819325806
v 46.0 -19.0 3.1806950356790473
v 47.0 -19.0 2.9785431599571277
v 48.0 -19.0 2.7827607747442653
v 49.0 -19.0 2.5940121058059367
v -50.0 -18.0 4.9893349082319505
v -49.0 -18.0 5.372347936956501
v -48.0 -18.0 5.760605493027357
v -47.0 -18.0 6.15007265462776
v -46.0 -18.0 6.536459043242634
v -45.0 -18.0 6.915337083860704
v -44.0 -18.0 7.28227322978373
v -43.0 -18.0 7.632966498190681
v -42.0 -18.0 7.963387910060963
v -41.0 -18.0 8.269914056430952
v -40.0 -18.0 8.549448069278476
v -39.0 -18.0 8.799521773639228
v -38.0 -18.0 9.018373716220788
v -37.0 -18.0 9.204999048209011
v -36.0 -18.0 9.359168798798256
v -35.0 -18.0 9.481417800347362
v -34.0 -18.0 9.573002291217845
v -33.0 -18.0 9.635829900687225
v -32.0 -18.0 9.67236619264982
v -31.0 -18.0 9.685523110643265
v -30.0 -18.0 9.678535452642137
v -29.0 -18.0 9.654831869187186
v -28.0 -18.0 9.617906816740588
v -27.0 -18.0 9.571199437348344
v -26.0 -18.0 9.51798453290812
v -25.0 -18.0 9.461279737510768
v -24.0 -18.0 9.403771758765025
v -23.0 -18.0 9.34776325835555
v -22.0 -18.0 9.295140669434723
v -21.0 -18.0 9.247362088677194
v -20.0 -18.0 9.205463401601659
v -19.0 -18.0 9.170080047760468
v -18.0 -18.0 9.14148133180469
v -17.0 -18.0 9.119613939645177
v -16.0 -18.0 9.104151309087907
v -15.0 -18.0 9.094545699211247
v -14.0 -18.0 9.090080159522167
v -13.0 -18.0 9.089918070054727
v -12.0 -18.0 9.093148457572399
v -11.0 -18.0 9.098825844525418
v -10.0 -18.0 9.106003916262182
v -9.0 -18.0 9.113762766407627
v -8.0 -18.0 9.121229877892263
v -7.0 -18.0 9.12759530489531
v -6.0 -18.0 9.132121734769337
v -5.0 -18.0 9.134150232145101
v -4.0 -18.0 9.13310250904656
v -3.0 -18.0 9.128480538261918
v -2.0 -18.0 9.119864248093606
v -1.0 -18.0 9.106907921465078
v 0.0 -18.0 9.089335787257008
v 1.0 -18.0 9.066937151284119
v 2.0 -18.0 9.039561280951842
v 3.0 -18.0 9.007112141213062
v 4.0 -18.0 8.969542987073634
v 5.0 -18.0 8.926850753903933
v 6.0 -18.0 8.879070152921008
v 7.0 -18.0 8.826267374771227
v 8.0 -18.0 8.768533326486944
v 9.0 -18.0 8.705976371860077
v 10.0 -18.0 8.63871460683979
v 11.0 -18.0 8.566867773417036
v 12.0 -18.0 8.490548990648662
v 13.0 -18.0 8.40985655299799
v 14.0 -18.0 8.32486610739194
v 15.0 -18.0 8.235623565425918
v 16.0 -18.0 8.142139131187653
v 17.0 -18.0 8.04438282480503
v 18.0 -18.0 7.942281855243271
v 19.0 -18.0 7.835720143021372
v 20.0 -18.0 7.724540216106569
v 21.0 -18.0 7.608547603714144
v 22.0 -18.0 7.487517738059529
v 23.0 -18.0 7.361205249510431
v 24.0 -18.0 7.229355413186248
v 25.0 -18.0 7.091717382420889
v 26.0 -18.0 6.9480587341874545
v 27.0 -18.0 6.798180760608995
v 28.0 -18.0 6.641933875099852
v 29.0 -18.0 6.479232466158662
v 30.0 -18.0 6.31006852931575
v 31.0 -18.0 6.134523439244135
v 32.0 -18.0 5.9527772885762245
v 33.0 -18.0 5.765115314554286
v 34.0 -18.0 5.571931054509607
v 35.0 -18.0 5.373726010035977
v 36.0 -18.0 5.171105750211079
v 37.0 -18.0 4.964772538293648
v 38.0 -18.0 4.755514715814295
v 39.0 -18.0 4.544193215079691
v 40.0 -18.0 4.3317256888611775
v 41.0 -18.0 4.119068838727318
v 42.0 -18.0 3.9071995869594662
v 43.0 -18.0 3.697095768885344
v 44.0 -18.0 3.4897170222553604
v 45.0 -18.0 3.2859865192582016
v 46.0 -18.0 3.086774127865876
v 47.0 -18.0 2.89288150674823
v 48.0 -18.0 2.705029537396098
v 49.0 -18.0 2.523848384409017
v -50.0 -17.0 4.936086486402551
v -49.0 -17.0 5.3140948110967505
v -48.0 -17.0 5.697558970346979
v -47.0 -17.0 6.082515089740343
v -46.0 -17.0 6.464739731428957
v -45.0 -17.0 6.839866528852237
v -44.0 -17.0 7.203516035760638
v -43.0 -17.0 7.551433162062368
v -42.0 -17.0 7.879625790281929
v -41.0 -17.0 8.184497771189841
v -40.0 -17.0 8.462969535368929
v -39.0 -17.0 8.712580045373933
v -38.0 -17.0 8.931564730291239
v -37.0 -17.0 9.118905334349604
v -36.0 -17.0 9.27434918521365
v -35.0 -17.0 9.398397132562456
v -34.0 -17.0 9.492261195710418
v -33.0 -17.0 9.55779465933494
v -32.0 -17.0 9.597398846296532
v -31.0 -17.0 9.613911972799487
v -30.0 -17.0 9.610486278445375
v -29.0 -17.0 9.590459980529706
v -28.0 -17.0 9.557230522768627
v -27.0 -17.0 9.51413510294971
v -26.0 -17.0 9.464343631641293
v -25.0 -17.0 9.410768178287476
v -24.0 -17.0 9.355991699534176
v -23.0 -17.0 9.302217520290991
v -22.0 -17.0 9.251239749483664
v -21.0 -17.0 9.204433646176392
v -20.0 -17.0 9.162763975952553
v -19.0 -17.0 9.126808658275301
v -18.0 -17.0 9.09679452570927
v -17.0 -17.0 9.072641795562879
v -16.0 -17.0 9.054013874222644
v -15.0 -17.0 9.040369339263252
v -14.0 -17.0 9.03101332896425
v -13.0 -17.0 9.02514606255862
v -12.0 -17.0 9.021906766452027
v -11.0 -17.0 9.020411844654127
v -10.0 -17.0 9.019786665555937
v -9.0 -17.0 9.01919081070946
v -8.0 -17.0 9.017837022993278
v -7.0 -17.0 9.015004389804023
v -6.0 -17.0 9.010046498892054
v -5.0 -17.0 9.002395414792444
v -4.0 -17.0 8.991562352814267
v -3.0 -17.0 8.97713588941778
v -2.0 -17.0 8.958778458796122
v -1.0 -17.0 8.93622176239149
v 0.0 -17.0 8.909261576998128
v 1.0 -17.0 8.877752302451356
v 2.0 -17.0 8.841601453788101
v 3.0 -17.0 8.800764184650784
v 4.0 -17.0 8.755237835277205
v 5.0 -17.0 8.705056433638418
v 6.0 -17.0 8.650285043583866
v 7.0 -17.0 8.591013848394564
v 8.0 -17.0 8.527351879161579
v 9.0 -17.0 8.45942034055075
v 10.0 -17.0 8.387345546240432
v 11.0 -17.0 8.311251546269725
v 12.0 -17.0 8.231252601937676
v 13.0 -17.0 8.147445733953294
v 14.0 -17.0 8.059903629818233
v 15.0 -17.0 7.968668241223705
v 16.0 -17.0 7.873745426916314
v 17.0 -17.0 7.775100997732204
v 18.0 -17.0 7.672658496571237
v 19.0 -17.0 7.5662989969249885
v 20.0 -17.0 7.455863130847714
v 21.0 -17.0 7.341155464279914
v 22.0 -17.0 7.22195122918453
v 23.0 -17.0 7.09800530401782
v 24.0 -17.0 6.96906321344964
v 25.0 -17.0 6.834873802204305
v 26.0 -17.0 6.695203133600774
v 27.0 -17.0 6.549849077504559
v 28.0 -17.0 6.39865599068541
v 29.0 -17.0 6.241528859388203
v 30.0 -17.0 6.078446272013363
v 31.0 -17.0 5.9094716200757205
v 32.0 -17.0 5.734761987062481
v 33.0 -17.0 5.554574274575189
v 34.0 -17.0 5.369268228660045
v 35.0 -17.0 5.1793061605435575
v 36.0 -17.0 4.985249298103382
v 37.0 -17.0 4.787750849735666
v 38.0 -17.0 4.587546003133747
v 39.0 -17.0 4.38543921053322
v 40.0 -17.0 4.182289222673744
v 41.0 -17.0 3.9789924207324776
v 42.0 -17.0 3.776465054929999
v 43.0 -17.0 3.57562502819726
v 44.0 -17.0 3.37737386276192
v 45.0 -17.0 3.182579458003827
v 46.0 -17.0 2.9920601922295225
v 47.0 -17.0 2.8065708432161895
v 48.0 -17.0 2.6267907075577197
v 49.0 -17.0 2.4533141927193642
v -50.0 -16.0 4.906239116698057
v -49.0 -16.0 5.281549736048494
v -48.0 -16.0 5.662561457025702
v -47.0 -16.0 6.045346445238603
v -46.0 -16.0 6.425710090387209
v -45.0 -16.0 6.799307039626612
v -44.0 -16.0 7.161770864992006
v -43.0 -16.0 7.508851715845304
v -42.0 -16.0 7.836555491744955
v -41.0 -16.0 8.141277644942344
v -40.0 -16.0 8.41992473846059
v -39.0 -16.0 8.670017364340154
v -38.0 -16.0 8.889768948032186
v -37.0 -16.0 9.07813627226757
v -36.0 -16.0 9.234839156630818
v -35.0 -16.0 9.360348511140474
v -34.0 -16.0 9.455843811321524
v -33.0 -16.0 9.523142782758859
v -32.0 -16.0 9.564607607725259
v -31.0 -16.0 9.583033167883736
v -30.0 -16.0 9.581523637090179
v -29.0 -16.0 9.563364094015858
v -28.0 -16.0 9.531893730433653
v -27.0 -16.0 9.490386718774799
v -26.0 -16.0 9.441945934899389
v -25.0 -16.0 9.389413596113037
v -24.0 -16.0 9.335301572421153
v -23.0 -16.0 9.28174276786056
v -22.0 -16.0 9.230463650723461
v -21.0 -16.0 9.182776825676498
v -20.0 -16.0 9.13959155677817
v -19.0 -16.0 9.101439414466979
v -18.0 -16.0 9.068511753370988
v -17.0 -16.0 9.040705529451081
v -16.0 -16.0 9.017674012392286
v -15.0 -16.0 8.998879204421458
v -14.0 -16.0 8.98364319160509
v -13.0 -16.0 8.971196175053576
v -12.0 -16.0 8.960719504449422
v -11.0 -16.0 8.95138261654533
v -10.0 -16.0 8.942373326019933
v -9.0 -16.0 8.932921394215665
v -8.0 -16.0 8.922315692074532
v -7.0 -16.0 8.909915566418524
v -6.0 -16.0 8.895157212046804
v -5.0 -16.0 8.877555951865709
v -4.0 -16.0 8.856705344938703
v -3.0 -16.0 8.832273993091583
v -2.0 -16.0 8.80400081750888
v -1.0 -16.0 8.771689444847546
v 0.0 -16.0 8.735202194029604
v 1.0 -16.0 8.694454004435395
v 2.0 -16.0 8.649406505630749
v 3.0 -16.0 8.600062307214124
v 4.0 -16.0 8.546459491249143
v 5.0 -16.0 8.488666222742728
v 6.0 -16.0 8.426775356946948
v 7.0 -16.0 8.360898914924427
v 8.0 -16.0 8.291162317982632
v 9.0 -16.0 8.217698312908297
v 10.0 -16.0 8.140640577933791
v 11.0 -16.0 8.060117067788996
v 12.0 -16.0 7.976243228387868
v 13.0 -16.0 7.889115281007859
v 14.0 -16.0 7.79880383593863
v 15.0 -16.0 7.70534814091413
v 16.0 -16.0 7.608751295646933
v 17.0 -16.0 7.508976767217019
v 18.0 -16.0 7.405946520213298
v 19.0 -16.0 7.29954103031527
v 20.0 -16.0 7.189601382040746
v 21.0 -16.0 7.0759335638787
v 22.0 -16.0 6.958314971598915
v 23.0 -16.0 6.83650301895276
v 24.0 -16.0 6.7102456408106
v 25.0 -16.0 6.579293363955463
v 26.0 -16.0 6.443412522132665
v 27.0 -16.0 6.302399110886545
v 28.0 -16.0 6.1560927196068
v 29.0 -16.0 6.004389947170064
v 30.0 -16.0 5.847256706134261
v 31.0 -16.0 5.684738849410999
v 32.0 -16.0 5.5169706116814305
v 33.0 -16.0 5.3441804427572634
v 34.0 -16.0 5.166693917265044
v 35.0 -16.0 4.984933528787808
v 36.0 -16.0 4.799415310326343
v 37.0 -16.0 4.610742359505857
v 38.0 -16.0 4.419595479130272
v 39.0 -16.0 4.226721264612371
v 40.0 -16.0 4.032918073389953
v 41.0 -16.0 3.839020392703891
v 42.0 -16.0 3.6458821774832497
v 43.0 -16.0 3.45435975753755
v 44.0 -16.0 3.2652949124066195
v 45.0 -16.0 3.0794986842582213
v 46.0 -16.0 2.8977364467880937
v 47.0 -16.0 2.7207146750137907
v 48.0 -16.0 2.549069771928012
v 49.0 -16.0 2.3833592085345727
v -50.0 -15.0 4.900501681248981
v -49.0 -15.0 5.275445765869115
v -48.0 -15.0 5.6563651694758015
v -47.0 -15.0 6.039332691495523
v -46.0 -15.0 6.420144202787028
v -45.0 -15.0 6.794435116975816
v -44.0 -15.0 7.157811076834831
v -43.0 -15.0 7.505987136530291
v -42.0 -15.0 7.834928858187649
v -41.0 -15.0 8.140988277372806
v -40.0 -15.0 8.42102768467697
v -39.0 -15.0 8.67252464164797
v -38.0 -15.0 8.893652581096191
v -37.0 -15.0 9.083332676941964
v -36.0 -15.0 9.241254314369208
v -35.0 -15.0 9.367863326530244
v -34.0 -15.0 9.464319051917604
v -33.0 -15.0 9.532423064938202
v -32.0 -15.0 9.574524008004126
v -31.0 -15.0 9.593404194095266
v -30.0 -15.0 9.592154472229472
v -29.0 -15.0 9.574044209581666
v -28.0 -15.0 9.542393137789714
v -27.0 -15.0 9.500451270296855
v -26.0 -15.0 9.451292188792507
v -25.0 -15.0 9.397723811724193
v -24.0 -15.0 9.342219403792196
v -23.0 -15.0 9.286870174515363
v -22.0 -15.0 9.23335945320891
v -21.0 -15.0 9.18295720967975
v -20.0 -15.0 9.136532686426126
v -19.0 -15.0 9.094582166122567
v -18.0 -15.0 9.057268438661097
v -17.0 -15.0 9.024468351338667
v -16.0 -15.0 8.995824899091652
v -15.0 -15.0 8.970800597939935
v -14.0 -15.0 8.948729332522987
v -13.0 -15.0 8.928864421700775
v -12.0 -15.0 8.910421249334506
v -11.0 -15.0 8.892613410439322
v -10.0 -15.0 8.87468188421636
v -9.0 -15.0 8.855917233668894
v -8.0 -15.0 8.835675226231151
v -7.0 -15.0 8.813386561325984
v -6.0 -15.0 8.78856157861077
v -5.0 -15.0 8.760790912041417
v -4.0 -15.0 8.72974306249517
v -3.0 -15.0 8.69515980174274
v -2.0 -15.0 8.656850210845933
v -1.0 -15.0 8.614684014384112
v 0.0 -15.0 8.568584714862006
v 1.0 -15.0 8.518522873719705
v 2.0 -15.0 8.464509738445846
v 3.0 -15.0 8.406591288445581
v 4.0 -15.0 8.344842671750342
v 5.0 -15.0 8.279362933895678
v 6.0 -15.0 8.210269900407338
v 7.0 -15.0 8.137695064253938
v 8.0 -15.0 8.061778346466316
v 9.0 -15.0 7.982662637547031
v 10.0 -15.0 7.900488083845269
v 11.0 -15.0 7.815386150546558
v 12.0 -15.0 7.727473564729767
v 13.0 -15.0 7.636846311461546
v 14.0 -15.0 7.543573916863717
v 15.0 -15.0 7.447694298936162
v 16.0 -15.0 7.3492094951052955
v 17.0 -15.0 7.248082581756339
v 18.0 -15.0 7.144236083665754
v 19.0 -15.0 7.037552130177724
v 20.0 -15.0 6.92787455171955
v 21.0 -15.0 6.815013027949198
v 22.0 -15.0 6.6987493019832165
v 23.0 -15.0 6.578845369377109
v 24.0 -15.0 6.455053442181072
v 25.0 -15.0 6.327127384164038
v 26.0 -15.0 6.194835219777909
v 27.0 -15.0 6.057972242676136
v 28.0 -15.0 5.916374194727997
v 29.0 -15.0 5.769929957332959
v 30.0 -15.0 5.618593195767077
v 31.0 -15.0 5.46239242493883
v 32.0 -15.0 5.301439020231665
v 33.0 -15.0 5.135932777354359
v 34.0 -15.0 4.966164726126643
v 35.0 -15.0 4.792517019513011
v 36.0 -15.0 4.615459844740196
v 37.0 -15.0 4.435545431285921
v 38.0 -15.0 4.253399354151083
v 39.0 -15.0 4.069709443729735
v 40.0 -15.0 3.8852127101159666
v 41.0 -15.0 3.70068076524173
v 42.0 -15.0 3.5169042775381945
v 43.0 -15.0 3.334677019028223
v 44.0 -15.0 3.1547800635757746
v 45.0 -15.0 2.977966668594915
v 46.0 -15.0 2.8049483233452714
v 47.0 -15.0 2.636382378619068
v 48.0 -15.0 2.472861589607709
v 49.0 -15.0 2.3149058110044685
v -50.0 -14.0 4.918738755082111
v -49.0 -14.0 5.295587164265081
v -48.0 -14.0 5.678708800979552
v -47.0 -14.0 6.064142703340738
v -46.0 -14.0 6.447638143943587
v -45.0 -14.0 6.824772549880542
v -44.0 -14.0 7.1910843658669314
v -43.0 -14.0 7.54221502405328
v -42.0 -14.0 7.874053265946146
v -41.0 -14.0 8.182874554505734
v -40.0 -14.0 8.465468280866741
v -39.0 -14.0 8.719245935668802
v -38.0 -14.0 8.94232436334796
v -37.0 -14.0 9.133579590671628
v -36.0 -14.0 9.292668422262029
v -35.0 -14.0 9.420016900165257
v -34.0 -14.0 9.516776687657753
v -33.0 -14.0 9.584752310347302
v -32.0 -14.0 9.626303829874244
v -31.0 -14.0 9.644230818379636
v -30.0 -14.0 9.641644358652602
v -29.0 -14.0 9.62183416783106
v -28.0 -14.0 9.58813782600513
v -27.0 -14.0 9.54381851995735
v -26.0 -14.0 9.49195675676592
v -25.0 -14.0 9.435360259134198
v -24.0 -14.0 9.376494837441673
v -23.0 -14.0 9.317437560953158
v -22.0 -14.0 9.25985213474797
v -21.0 -14.0 9.204985126802898
v -20.0 -14.0 9.153680656042594
v -19.0 -14.0 9.106410395371833
v -18.0 -14.0 9.063315284426295
v -17.0 -14.0 9.024255179681195
v -16.0 -14.0 8.988862767080379
v -15.0 -14.0 8.956598380091503
v -14.0 -14.0 8.926802848996598
v -13.0 -14.0 8.898746095819746
v -12.0 -14.0 8.871669825366228
v -11.0 -14.0 8.844823294095303
v -10.0 -14.0 8.817491721886144
v -9.0 -14.0 8.789017415227121
v -8.0 -14.0 8.758814073705283
v -7.0 -14.0 8.726375045775557
v -6.0 -14.0 8.691276485247272
v -5.0 -14.0 8.653176445100788
v -4.0 -14.0 8.61181094406227
v -3.0 -14.0 8.56698797112436
v -2.0 -14.0 8.518580272620389
v -1.0 -14.0 8.466517614039693
v 0.0 -14.0 8.41077904156235
v 1.0 -14.0 8.351385501064014
v 2.0 -14.0 8.288393017111568
v 3.0 -14.0 8.221886500319892
v 4.0 -14.0 8.151974144554206
v 5.0 -14.0 8.07878229931548
v 6.0 -14.0 8.002450658271856
v 7.0 -14.0 7.923127591207083
v 8.0 -14.0 7.840965460763863
v 9.0 -14.0 7.756115802927581
v 10.0 -14.0 7.668724305769745
v 11.0 -14.0 7.578925588328368
v 12.0 -14.0 7.486837854011731
v 13.0 -14.0 7.3925575638955365
v 14.0 -14.0 7.296154338393507
v 15.0 -14.0 7.197666345359596
v 16.0 -14.0 7.097096464093493
v 17.0 -14.0 6.9944095246469224
v 18.0 -14.0 6.889530908467705
v 19.0 -14.0 6.782346759618293
v 20.0 -14.0 6.672705997076604
v 21.0 -14.0 6.560424241051142
v 22.0 -14.0 6.445289674273354
v 23.0 -14.0 6.327070758398777
v 24.0 -14.0 6.205525622194118
v 25.0 -14.0 6.080412838641053
v 26.0 -14.0 5.951503218835586
v 27.0 -14.0 5.818592177424277
v 28.0 -14.0 5.6815121721655455
v 29.0 -14.0 5.540144692644132
v 30.0 -14.0 5.3944312723168935
v 31.0 -14.0 5.244383024431404
v 32.0 -14.0 5.090088254801538
v 33.0 -14.0 4.931717780265428
v 34.0 -14.0 4.769527676843839
v 35.0 -14.0 4.603859291017358
v 36.0 -14.0 4.435136465238297
v 37.0 -14.0 4.263860048482857
v 38.0 -14.0 4.090599878020742
v 39.0 -14.0 3.91598452369494
v 40.0 -14.0 3.7406891756447584
v 41.0 -14.0 3.5654221263589507
v 42.0 -14.0 3.3909103452272866
v 43.0 -14.0 3.2178846667412677
v 44.0 -14.0 3.0470651119517935
v 45.0 -14.0 2.8791468378517284
v 46.0 -14.0 2.7147871633661533
v 47.0 -14.0 2.554594056977023
v 48.0 -14.0 2.399116393824632
v 49.0 -14.0 2.2488362040369987
v -50.0 -13.0 4.959994929574082
v -49.0 -13.0 5.340876788349636
v -48.0 -13.0 5.728348088938523
v -47.0 -13.0 6.118382094025195
v -46.0 -13.0 6.506647119243198
v -45.0 -13.0 6.888626840996818
v -44.0 -13.0 7.259756403391668
v -43.0 -13.0 7.6155683271022605
v -42.0 -13.0 7.951841241365801
v -41.0 -13.0 8.26474390464064
v -40.0 -13.0 8.55096691822457
v -39.0 -13.0 8.807834999409746
v -38.0 -13.0 9.033393651593158
v -37.0 -13.0 9.226465488706992
v -36.0 -13.0 9.386673240616584
v -35.0 -13.0 9.514428453146907
v -34.0 -13.0 9.610886949598479
v -33.0 -13.0 9.677874082603473
v -32.0 -13.0 9.717784527406996
v -31.0 -13.0 9.733462724161406
v -30.0 -13.0 9.728070975411285
v -29.0 -13.0 9.704952594797355
v -28.0 -13.0 9.667497377820839
v -27.0 -13.0 9.619016062113335
v -26.0 -13.0 9.56262943738453
v -25.0 -13.0 9.501176456896864
v -24.0 -13.0 9.437144213021682
v -23.0 -13.0 9.372621094387792
v -22.0 -13.0 9.309272960069855
v -21.0 -13.0 9.248340849442632
v -20.0 -13.0 9.190657673125765
v -19.0 -13.0 9.136680551006652
v -18.0 -13.0 9.086534998410514
v -17.0 -13.0 9.040067004231084
v -16.0 -13.0 8.996899164945445
v -15.0 -13.0 8.956487387992944
v -14.0 -13.0 8.918175198099767
v -13.0 -13.0 8.88124330756918
v -12.0 -13.0 8.844952784842173
v -11.0 -13.0 8.8085808198727
v -10.0 -13.0 8.771448695206418
v -9.0 -13.0 8.732942095215957
v -8.0 -13.0 8.69252430229866
v -7.0 -13.0 8.64974312930239
v -6.0 -13.0 8.604232623480392
v -5.0 -13.0 8.555710658364426
v -4.0 -13.0 8.503973521202905
v -3.0 -13.0 8.448888523480631
v -2.0 -13.0 8.390385530228093
v -1.0 -13.0 8.328448139644312
v 0.0 -13.0 8.263105065652901
v 1.0 -13.0 8.194422097584278
v 2.0 -13.0 8.122494845531016
v 3.0 -13.0 8.047442336329953
v 4.0 -13.0 7.969401409900662
v 5.0 -13.0 7.8885217823899945
v 6.0 -13.0 7.8049615923559115
v 7.0 -13.0 7.718883228049955
v 8.0 -13.0 7.630449244890828
v 9.0 -13.0 7.539818218134221
v 10.0 -13.0 7.44714043104408
v 11.0 -13.0 7.352553367241659
v 12.0 -13.0 7.256177050566196
v 13.0 -13.0 7.158109349849851
v 14.0 -13.0 7.058421432911767
v 15.0 -13.0 6.957153607916234
v 16.0 -13.0 6.854311826163066
v 17.0 -13.0 6.749865134876429
v 18.0 -13.0 6.64374435969791
v 19.0 -13.0 6.535842264139156
v 20.0 -13.0 6.4260153786926635
v 21.0 -13.0 6.3140876187283705
v 22.0 -13.0 6.199855722199058
v 23.0 -13.0 6.083096441090805
v 24.0 -13.0 5.963575320716599
v 25.0 -13.0 5.84105680483873
v 26.0 -13.0 5.715315318497062
v 27.0 -13.0 5.586146909974526
v 28.0 -13.0 5.453380983217707
v 29.0 -13.0 5.316891625636473
v 30.0 -13.0 5.176608035437603
v 31.0 -13.0 5.03252357783006
v 32.0 -13.0 4.884703049331239
v 33.0 -13.0 4.733287801300466
v 34.0 -13.0 4.578498463761825
v 35.0 -13.0 4.420635113594342
v 36.0 -13.0 4.260074841636651
v 37.0 -13.0 4.097266785234051
v 38.0 -13.0 3.932724800354977
v 39.0 -13.0 3.7670180451228554
v 40.0 -13.0 3.6007598296555248
v 41.0 -13.0 3.4345951516482263
v 42.0 -13.0 3.269187380499671
v 43.0 -13.0 3.1052045735483054
v 44.0 -13.0 2.943305906033652
v 45.0 -13.0 2.7841286728414545
v 46.0 -13.0 2.6282762771611807
v 47.0 -13.0 2.4763075620365465
v 48.0 -13.0 2.328727769270545
v 49.0 -13.0 2.1859813305282394
v -50.0 -12.0 5.0225486804261745
v -49.0 -12.0 5.409375892126073
v -48.0 -12.0 5.803121658572209
v -47.0 -12.0 6.199665112008234
v -46.0 -12.0 6.59456332605515
v -45.0 -12.0 6.983174838448953
v -44.0 -12.0 7.3607999331908855
v -43.0 -12.0 7.722831486253429
v -42.0 -12.0 8.064909127761338
v -41.0 -12.0 8.383068865985782
v -40.0 -12.0 8.67388022885537
v -39.0 -12.0 8.934563439986533
v -38.0 -12.0 9.163080144825006
v -37.0 -12.0 9.35819267742453
v -36.0 -12.0 9.519488705664267
v -35.0 -12.0 9.647370174099848
v -34.0 -12.0 9.743007619286638
v -33.0 -12.0 9.808262995739875
v -32.0 -12.0 9.845585964119001
v -31.0 -12.0 9.857890022807567
v -30.0 -12.0 9.848415811568884
v -29.0 -12.0 9.820589327003958
v -28.0 -12.0 9.777882657048716
v -27.0 -12.0 9.723684204530883
v -26.0 -12.0 9.66118430659585
v -25.0 -12.0 9.593280776660823
v -24.0 -12.0 9.522507325851278
v -23.0 -12.0 9.450986194392657
v -22.0 -12.0 9.38040476592699
v -21.0 -12.0 9.312014557290697
v -20.0 -12.0 9.246649855471388
v -19.0 -12.0 9.18476246466465
v -18.0 -12.0 9.126468550681507
v -17.0 -12.0 9.0716034191913
v -16.0 -12.0 9.019780205403539
v -15.0 -12.0 8.970448834247332
v -14.0 -12.0 8.922952168950298
v -13.0 -12.0 8.876576934929941
v -12.0 -12.0 8.830597720001387
v -11.0 -12.0 8.784313053270049
v -10.0 -12.0 8.737073206784686
v -9.0 -12.0 8.688299911969338
v -8.0 -12.0 8.63749861617959
v -7.0 -12.0 8.58426421499358
v -6.0 -12.0 8.528281385242362
v -5.0 -12.0 8.469320722802347
v -4.0 -12.0 8.407231874079804
v -3.0 -12.0 8.341934760495963
v -2.0 -12.0 8.273409851880222
v -1.0 -12.0 8.201688267688521
v 0.0 -12.0 8.126842292763921
v 1.0 -12.0 8.048976702719937
v 2.0 -12.0 7.968221115714208
v 3.0 -12.0 7.884723432034359
v 4.0 -12.0 7.798644297171077
v 5.0 -12.0 7.710152431753307
v 6.0 -12.0 7.619420614219317
v 7.0 -12.0 7.526622078557905
v 8.0 -12.0 7.431927097154136
v 9.0 -12.0 7.335499553411929
v 10.0 -12.0 7.2374933648312
v 11.0 -12.0 7.138048688086553
v 12.0 -12.0 7.037287916314929
v 13.0 -12.0 6.935311558029424
v 14.0 -12.0 6.832194159844016
v 15.0 -12.0 6.727980495205012
v 16.0 -12.0 6.62268228334011
v 17.0 -12.0 6.51627572283408
v 18.0 -12.0 6.408700120470916
v 19.0 -12.0 6.299857867906155
v 20.0 -12.0 6.189615967828273
v 21.0 -12.0 6.077809240707141
v 22.0 -12.0 5.964245257625216
v 23.0 -12.0 5.848710949748198
v 24.0 -12.0 5.730980747081827
v 25.0 -12.0 5.610826004842437
v 26.0 -12.0 5.4880253913336015
v 27.0 -12.0 5.362375842264145
v 28.0 -12.0 5.233703637496145
v 29.0 -12.0 5.10187513047154
v 30.0 -12.0 4.966806659721827
v 31.0 -12.0 4.828473196036615
v 32.0 -12.0 4.68691532664751
v 33.0 -12.0 4.542244246381203
v 34.0 -12.0 4.394644511190059
v 35.0 -12.0 4.244374406935309
v 36.0 -12.0 4.091763890368428
v 37.0 -12.0 3.9372101642994877
v 38.0 -12.0 3.7811710494404314
v 39.0 -12.0 3.6241564062815077
v 40.0 -12.0 3.4667179372216235
v 41.0 -12.0 3.3094377585793624
v 42.0 -12.0 3.152916171698178
v 43.0 -12.0 2.9977590809376458
v 44.0 -12.0 2.8445655039091475
v 45.0 -12.0 2.6939155969933952
v 46.0 -12.0 2.5463595790978975
v 47.0 -12.0 2.40240788173245
v 48.0 -12.0 2.2625227873684315
v 49.0 -12.0 2.127111744641191
v -50.0 -11.0 5.103993565272379
v -49.0 -11.0 5.4983939380442175
v -48.0 -11.0 5.900049536112894
v -47.0 -11.0 6.3047218026383804
v -46.0 -11.0 6.707831558505633
v -45.0 -11.0 7.10458641886459
v -44.0 -11.0 7.490126006195384
v -43.0 -11.0 7.859678534796482
v -42.0 -11.0 8.20872121650567
v -41.0 -11.0 8.533136275607008
v -40.0 -11.0 8.829354242693448
v -39.0 -11.0 9.094476659695957
v -38.0 -11.0 9.326371358959644
v -37.0 -11.0 9.523735015470256
v -36.0 -11.0 9.686119604470138
v -35.0 -11.0 9.813921581398336
v -34.0 -11.0 9.908334868553256
v -33.0 -11.0 9.97127090674201
v -32.0 -11.0 10.0052509432125
v -31.0 -11.0 10.013277236926376
v -30.0 -11.0 9.998690864000492
v -29.0 -11.0 9.965024241681544
v -28.0 -11.0 9.91585635054168
v -27.0 -11.0 9.854677962510042
v -26.0 -11.0 9.784773060198399
v -25.0 -11.0 9.709121176331335
v -24.0 -11.0 9.630323726046466
v -23.0 -11.0 9.550555690189345
v -22.0 -11.0 9.47154236775317
v -21.0 -11.0 9.394559464694288
v -20.0 -11.0 9.320453611618397
v -19.0 -11.0 9.249679559289321
v -18.0 -11.0 9.18234981026294
v -17.0 -11.0 9.118292297753946
v -16.0 -11.0 9.057111883405087
v -15.0 -11.0 8.998251858729246
v -14.0 -11.0 8.94105223351705
v -13.0 -11.0 8.884802307035146
v -12.0 -11.0 8.828785775476243
v -11.0 -11.0 8.7723173708976
v -10.0 -11.0 8.714770703534889
v -9.0 -11.0 8.655597555336072
v -8.0 -11.0 8.594339326325604
v -7.0 -11.0 8.530631658578704
v -6.0 -11.0 8.464203457907217
v -5.0 -11.0 8.394871612222278
v -4.0 -11.0 8.322532685275657
v -3.0 -11.0 8.247152765775068
v -2.0 -11.0 8.168756496517123
v -1.0 -11.0 8.087416117317977
v 0.0 -11.0 8.003241148351952
v 1.0 -11.0 7.916369133523164
v 2.0 -11.0 7.826957670088172
v 3.0 -11.0 7.735177781134577
v 4.0 -11.0 7.641208548858319
v 5.0 -11.0 7.545232823195692
v 6.0 -11.0 7.447433754022318
v 7.0 -11.0 7.347991865316105
v 8.0 -11.0 7.247082393874871
v 9.0 -11.0 7.144872649128047
v 10.0 -11.0 7.0415192085932325
v 11.0 -11.0 6.937164838801347
v 12.0 -11.0 6.831935116522824
v 13.0 -11.0 6.725934812056395
v 14.0 -11.0 6.619244177560465
v 15.0 -11.0 6.5119153519561515
v 16.0 -11.0 6.403969143985778
v 17.0 -11.0 6.2953924822784595
v 18.0 -11.0 6.186136823287174
v 19.0 -11.0 6.076117784235004
v 20.0 -11.0 5.965216220245706
v 21.0 -11.0 5.8532808959768
v 22.0 -11.0 5.7401328172094885
v 23.0 -11.0 5.625571193004681
v 24.0 -11.0 5.5093809008907435
v 25.0 -11.0 5.391341232930208
v 26.0 -11.0 5.271235615881942
v 27.0 -11.0 5.148861929684446
v 28.0 -11.0 5.024042999609978
v 29.0 -11.0 4.896636811720509
v 30.0 -11.0 4.76654600016195
v 31.0 -11.0 4.633726178234292
v 32.0 -11.0 4.498192731433589
v 33.0 -11.0 4.360025756808891
v 34.0 -11.0 4.219372914966759
v 35.0 -11.0 4.076450054064381
v 36.0 -11.0 3.9315395638869255
v 37.0 -11.0 3.7849865172150086
v 38.0 -11.0 3.6371927499634804
v 39.0 -11.0 3.4886091163071034
v 40.0 -11.0 3.3397262262211407
v 41.0 -11.0 3.191064027485159
v 42.0 -11.0 3.043160630189416
v 43.0 -11.0 2.8965607882009485
v 44.0 -11.0 2.7518044490319284
v 45.0 -11.0 2.6094157622659724
v 46.0 -11.0 2.4698928991943085
v 47.0 -11.0 2.3336989853779295
v 48.0 -11.0 2.2012543867981185
v 49.0 -11.0 2.072930522710104
v -50.0 -10.0 5.201343523300949
v -49.0 -10.0 5.604604892960391
v -48.0 -10.0 6.015460514437261
v -47.0 -10.0 6.429536331771515
v -46.0 -10.0 6.842098178763318
v -45.0 -10.0 7.248183589453602
v -44.0 -10.0 7.642752488496661
v -43.0 -10.0 8.020850085411093
v -42.0 -10.0 8.377774095480476
v -41.0 -10.0 8.709237692970792
v -40.0 -10.0 9.011519456019261
v -39.0 -10.0 9.281592027952014
v -38.0 -10.0 9.517222285666374
v -37.0 -10.0 9.717037407481438
v -36.0 -10.0 9.880553256985632
v -35.0 -10.0 10.008163793094191
v -34.0 -10.0 10.101092601708466
v -33.0 -10.0 10.161309934522162
v -32.0 -10.0 10.191420658418059
v -31.0 -10.0 10.194530113305133
v -30.0 -10.0 10.174095935707497
v -29.0 -10.0 10.133774367670624
v -28.0 -10.0 10.07726942661915
v -27.0 -10.0 10.00819260450753
v -26.0 -10.0 9.929939581917782
v -25.0 -10.0 9.845588906957461
v -24.0 -10.0 9.757825842906723
v -23.0 -10.0 9.668892781629452
v -22.0 -10.0 9.580565892843797
v -21.0 -10.0 9.494156153407737
v -20.0 -10.0 9.410531667790933
v -19.0 -10.0 9.330157308726394
v -18.0 -10.0 9.253147198157624
v -17.0 -10.0 9.179325402507615
v -16.0 -10.0 9.10829039471318
v -15.0 -10.0 9.039479279536703
v -14.0 -10.0 8.972228417082793
v -13.0 -10.0 8.905827836537542
v -12.0 -10.0 8.839567635075396
v -11.0 -10.0 8.772775341373793
v -10.0 -10.0 8.704843937468803
v -9.0 -10.0 8.635250839556296
v -8.0 -10.0 8.563568615451524
v -7.0 -10.0 8.48946855520745
v -6.0 -10.0 8.41271841498506
v -5.0 -10.0 8.333175734793471
v -4.0 -10.0 8.250778106443946
v -3.0 -10.0 8.165531660693762
v -2.0 -10.0 8.077498874904702
v -1.0 -10.0 7.986786596706493
v 0.0 -10.0 7.893534955248275
v 1.0 -10.0 7.797907606986529
v 2.0 -10.0 7.700083551808503
v 3.0 -10.0 7.600250568636933
v 4.0 -10.0 7.4986001654295364
v 5.0 -10.0 7.395323821720785
v 6.0 -10.0 7.290610224955114
v 7.0 -10.0 7.184643164815983
v 8.0 -10.0 7.0775997503567725
v 9.0 -10.0 6.969648648817774
v 10.0 -10.0 6.860948106703999
v 11.0 -10.0 6.7516435957735705
v 12.0 -10.0 6.641865020867145
v 13.0 -10.0 6.53172352435509
v 14.0 -10.0 6.421308014843571
v 15.0 -10.0 6.310681627783201
v 16.0 -10.0 6.199878386107143
v 17.0 -10.0 6.08890036502962
v 18.0 -10.0 5.977715673751306
v 19.0 -10.0 5.86625754737229
v 20.0 -10.0 5.754424796373372
v 21.0 -10.0 5.642083792216457
v 22.0 -10.0 5.52907208126577
v 23.0 -10.0 5.415203621902337
v 24.0 -10.0 5.30027553862075
v 25.0 -10.0 5.184076189365396
v 26.0 -10.0 5.066394255209255
v 27.0 -10.0 4.947028490562253
v 28.0 -10.0 4.825797721936828
v 29.0 -10.0 4.702550656826867
v 30.0 -10.0 4.577175062710939
v 31.0 -10.0 4.44960589914105
v 32.0 -10.0 4.319832031366069
v 33.0 -10.0 4.18790121871165
v 34.0 -10.0 4.0539231507443025
v 35.0 -10.0 3.9180703941685993
v 36.0 -10.0 3.7805772082019207
v 37.0 -10.0 3.6417362806054636
v 38.0 -10.0 3.501893525693802
v 39.0 -10.0 3.3614411651299374
v 40.0 -10.0 3.2208093785351894
v 41.0 -10.0 3.080456861209973
v 42.0 -10.0 2.940860658874751
v 43.0 -10.0 2.802505663624868
v 44.0 -10.0 2.6658741515651503
v 45.0 -10.0 2.5314357220793764
v 46.0 -10.0 2.3996379634120726
v 47.0 -10.0 2.270898121840417
v 48.0 -10.0 2.145595995281117
v 49.0 -10.0 2.0240682100465466
v -50.0 -9.0 5.311158108832715
v -49.0 -9.0 5.724185447755667
v -48.0 -9.0 6.145143420930784
v -47.0 -9.0 6.5695111416499365
v -46.0 -9.0 6.99238776271189
v -45.0 -9.0 7.408628978689488
v -44.0 -9.0 7.813003505020459
v -43.0 -9.0 8.200362595404968
v -42.0 -9.0 8.5658143815355
v -41.0 -9.0 8.904894047283031
v -40.0 -9.0 9.213720675979973
v -39.0 -9.0 9.4891320791854
v -38.0 -9.0 9.72879001811043
v -37.0 -9.0 9.931249898121076
v -36.0 -9.0 10.09599113390102
v -35.0 -9.0 10.223406787617613
v -34.0 -9.0 10.314753587382915
v -33.0 -9.0 10.372065841701808
v -32.0 -9.0 10.398038890181596
v -31.0 -9.0 10.395889411459354
v -30.0 -9.0 10.369201027859491
v -29.0 -9.0 10.321764136395954
v -28.0 -9.0 10.257418747360926
v -27.0 -9.0 10.179908369677445
v -26.0 -9.0 10.092751739019032
v -25.0 -9.0 9.999137569352406
v -24.0 -9.0 9.901845671955083
v -23.0 -9.0 9.803195885457558
v -22.0 -9.0 9.705024444928902
v -21.0 -9.0 9.608685815080547
v -20.0 -9.0 9.515076719235365
v -19.0 -9.0 9.424678172617536
v -18.0 -9.0 9.337610799195598
v -17.0 -9.0 9.253698564321894
v -16.0 -9.0 9.172536250033431
v -15.0 -9.0 9.093556473742712
v -14.0 -9.0 9.016092728754165
v -13.0 -9.0 8.93943572671203
v -12.0 -9.0 8.862881170958106
v -11.0 -9.0 8.785767918236923
v -10.0 -9.0 8.707506239866332
v -9.0 -9.0 8.627596533389713
v -8.0 -9.0 8.545639338488732
v -7.0 -9.0 8.461337867659793
v -6.0 -9.0 8.374494476142743
v -5.0 -9.0 8.285002579501727
v -4.0 -9.0 8.19283550012984
v -3.0 -9.0 8.098033608367611
v -2.0 -9.0 8.000690943634524
v -1.0 -9.0 7.900942279021945
v 0.0 -9.0 7.798951350258655
v 1.0 -9.0 7.694900725166584
v 2.0 -9.0 7.588983557904159
v 3.0 -9.0 7.481397265504078
v 4.0 -9.0 7.37233899142734
v 5.0 -9.0 7.262002588130517
v 6.0 -9.0 7.150576761281057
v 7.0 -9.0 7.038243972957804
v 8.0 -9.0 6.925179698187637
v 9.0 -9.0 6.8115516644561405
v 10.0 -9.0 6.697518771300681
v 11.0 -9.0 6.583229478940596
v 12.0 -9.0 6.468819562049298
v 13.0 -9.0 6.354409237459587
v 14.0 -9.0 6.240099783014395
v 15.0 -9.0 6.125969859794124
v 16.0 -9.0 6.0120718237753215
v 17.0 -9.0 5.898428359740253
v 18.0 -9.0 5.785029786459841
v 19.0 -9.0 5.671832366901055
v 20.0 -9.0 5.558757912143173
v 21.0 -9.0 5.445694896871
v 22.0 -9.0 5.332501213734802
v 23.0 -9.0 5.2190085908772055
v 24.0 -9.0 5.105028589576
v 25.0 -9.0 4.990359995296726
v 26.0 -9.0 4.874797322917317
v 27.0 -9.0 4.758140081732529
v 28.0 -9.0 4.640202392751127
v 29.0 -9.0 4.520822522638286
v 30.0 -9.0 4.399871896426428
v 31.0 -9.0 4.277263174020935
v 32.0 -9.0 4.152957021176829
v 33.0 -9.0 4.026967270345979
v 34.0 -9.0 3.899364245989505
v 35.0 -9.0 3.770276117462328
v 36.0 -9.0 3.6398882350691295
v 37.0 -9.0 3.508440496177737
v 38.0 -9.0 3.376222873611398
v 39.0 -9.0 3.243569313845228
v 40.0 -9.0 3.1108502745551387
v 41.0 -9.0 2.9784642174931895
v 42.0 -9.0 2.84682840215041
v 43.0 -9.0 2.716369337840835
v 44.0 -9.0 2.5875132472295013
v 45.0 -9.0 2.460676874273083
v 46.0 -9.0 2.3362589360636568
v 47.0 -9.0 2.2146324737081646
v 48.0 -9.0 2.096138305037358
v 49.0 -9.0 1.9810797246958052
v -50.0 -8.0 5.429682657827113
v -49.0 -8.0 5.852969677056779
v -48.0 -8.0 6.2845163247007445
v -47.0 -8.0 6.719650508572692
v -46.0 -8.0 7.153300542642133
v -45.0 -8.0 7.5801364210836395
v -44.0 -8.0 7.9947321458550284
v -43.0 -8.0 8.391741906050845
v -42.0 -8.0 8.766081555674859
v -41.0 -8.0 9.113106011659845
v -40.0 -8.0 9.42877299475617
v -39.0 -8.0 9.70978401083654
v -38.0 -8.0 9.953694609997681
v -37.0 -8.0 10.158987696952245
v -36.0 -8.0 10.325105875160508
v -35.0 -8.0 10.452441321248626
v -34.0 -8.0 10.542284308966705
v -33.0 -8.0 10.596734026561514
v -32.0 -8.0 10.618577560922036
v -31.0 -8.0 10.611144687499316
v -30.0 -8.0 10.578147281973616
v -29.0 -8.0 10.523512687630975
v -28.0 -8.0 10.45122022034784
v -27.0 -8.0 10.36514921761299
v -26.0 -8.0 10.268945736165428
v -25.0 -8.0 10.165913309966575
v -24.0 -8.0 10.058931254930467
v -23.0 -8.0 9.950402014514081
v -22.0 -8.0 9.842227137416542
v -21.0 -8.0 9.735809799378167
v -20.0 -8.0 9.632080427227429
v -19.0 -8.0 9.531541018703633
v -18.0 -8.0 9.434323200649908
v -17.0 -8.0 9.34025491872549
v -16.0 -8.0 9.248930860864254
v -15.0 -8.0 9.159782218644914
v -14.0 -8.0 9.072142106258184
v -13.0 -8.0 8.985303801953439
v -12.0 -8.0 8.898569871171253
v -11.0 -8.0 8.811291103126775
v -10.0 -8.0 8.722894986438742
v -9.0 -8.0 8.63290412363705
v -8.0 -8.0 8.540945514521818
v -7.0 -8.0 8.44675201494414
v -6.0 -8.0 8.350157503876275
v -5.0 -8.0 8.251087380596127
v -4.0 -8.0 8.149545984995285
v -3.0 -8.0 8.045602410705426
v -2.0 -8.0 7.939375987467039
v -1.0 -8.0 7.831022469879687
v 0.0 -8.0 7.720721706444603
v 1.0 -8.0 7.6086672950803536
v 2.0 -8.0 7.495058475520433
v 3.0 -8.0 7.38009427857476
v 4.0 -8.0 7.263969757510942
v 5.0 -8.0 7.146873975193219
v 6.0 -8.0 7.028989316631694
v 7.0 -8.0 6.910491641922811
v 8.0 -8.0 6.79155078808004
v 9.0 -8.0 6.672330966117792
v 10.0 -8.0 6.552990675587372
v 11.0 -8.0 6.433681864003275
v 12.0 -8.0 6.314548182989912
v 13.0 -8.0 6.1957223252641
v 14.0 -8.0 6.07732255528544
v 15.0 -8.0 5.959448660755531
v 16.0 -8.0 5.842177642834517
v 17.0 -8.0 5.725559522914334
v 18.0 -8.0 5.609613668763558
v 19.0 -8.0 5.494326031624121
v 20.0 -8.0 5.379647640245331
v 21.0 -8.0 5.265494622523487
v 22.0 -8.0 5.151749927277169
v 23.0 -8.0 5.038266806188541
v 24.0 -8.0 4.924873998290339
v 25.0 -8.0 4.81138244571589
v 26.0 -8.0 4.697593268070327
v 27.0 -8.0 4.583306640595877
v 28.0 -8.0 4.468331163284873
v 29.0 -8.0 4.352493277121091
v 30.0 -8.0 4.235646280443947
v 31.0 -8.0 4.117678521781001
v 32.0 -8.0 3.9985203924350956
v 33.0 -8.0 3.878149808386464
v 34.0 -8.0 3.7565959515472174
v 35.0 -8.0 3.633941129522661
v 36.0 -8.0 3.510320705203499
v 37.0 -8.0 3.3859211374744875
v 38.0 -8.0 3.2609762574232435
v 39.0 -8.0 3.1357619768176743
v 40.0 -8.0 3.0105896843708635
v 41.0 -8.0 2.885798628489948
v 42.0 -8.0 2.7617476118495112
v 43.0 -8.0 2.6388063332022544
v 44.0 -8.0 2.5173467061327495
v 45.0 -8.0 2.397734464477015
v 46.0 -8.0 2.280321331944355
v 47.0 -8.0 2.1654379915792745
v 48.0 -8.0 2.0533880418410613
v 49.0 -8.0 1.9444430731110156
v -50.0 -7.0 5.552997704196545
v -49.0 -7.0 5.9866138957796515
v -48.0 -7.0 6.428806882355757
v -47.0 -7.0 6.874756156822081
v -46.0 -7.0 7.319222780035918
v -45.0 -7.0 7.75669528189328
v -44.0 -7.0 8.181557638628748
v -43.0 -7.0 8.58827187182206
v -42.0 -7.0 8.971566393153013
v -41.0 -7.0 9.326620344503405
v -40.0 -7.0 9.649233959959995
v -39.0 -7.0 9.935975456603607
v -38.0 -7.0 10.184296136308415
v -37.0 -7.0 10.392607180544625
v -36.0 -7.0 10.560313916284343
v -35.0 -7.0 10.687805948888483
v -34.0 -7.0 10.776404292168335
v -33.0 -7.0 10.82826926059197
v -32.0 -7.0 10.846275217574236
v -31.0 -7.0 10.833860120125705
v -30.0 -7.0 10.794859032774783
v -29.0 -7.0 10.733331328534863
v -28.0 -7.0 10.653391139673898
v -27.0 -7.0 10.55904981451469
v -26.0 -7.0 10.454077779614622
v -25.0 -7.0 10.341891440825579
v -24.0 -7.0 10.225468747671007
v -23.0 -7.0 10.107294966160474
v -22.0 -7.0 9.989338219269136
v -21.0 -7.0 9.87305260212455
v -20.0 -7.0 9.759405266946503
v -19.0 -7.0 9.64892286767862
v -18.0 -7.0 9.54175218157748
v -17.0 -7.0 9.437729571989427
v -16.0 -7.0 9.336454178203507
v -15.0 -7.0 9.23736024598499
v -14.0 -7.0 9.139784763345897
v -13.0 -7.0 9.043027452686282
v -12.0 -7.0 8.946401108566434
v -11.0 -7.0 8.849271186058342
v -10.0 -7.0 8.751084378398561
v -9.0 -7.0 8.651386631782184
v -8.0 -7.0 8.549831603820927
v -7.0 -7.0 8.446180970250449
v -6.0 -7.0 8.340298224835
v -5.0 -7.0 8.23213771304287
v -4.0 -7.0 8.121730610760524
v -3.0 -7.0 8.00916942878313
v -2.0 -7.0 7.894592417213306
v -1.0 -7.0 7.778168985957097
v 0.0 -7.0 7.660086971303431
v 1.0 -7.0 7.540542284790506
v 2.0 -7.0 7.419731197124673
v 3.0 -7.0 7.297845251865236
v 4.0 -7.0 7.175068583042569
v 5.0 -7.0 7.051577237002056
v 6.0 -7.0 6.927539977691881
v 7.0 -7.0 6.80311998931588
v 8.0 -7.0 6.678476880471253
v 9.0 -7.0 6.553768436016844
v 10.0 -7.0 6.429151650245438
v 11.0 -7.0 6.3047826979231925
v 12.0 -7.0 6.180815646641445
v 13.0 -7.0 6.057399871517103
v 14.0 -7.0 5.934676287971674
v 15.0 -7.0 5.812772657168136
v 16.0 -7.0 5.6917983304594495
v 17.0 -7.0 5.571838875311304
v 18.0 -7.0 5.452951060332394
v 19.0 -7.0 5.335158669685606
v 20.0 -7.0 5.2184495693565935
v 21.0 -7.0 5.102774364955344
v 22.0 -7.0 4.988046881046985
v 23.0 -7.0 4.8741465653960825
v 24.0 -7.0 4.760922788742609
v 25.0 -7.0 4.648200882420213
v 26.0 -7.0 4.535789641824432
v 27.0 -7.0 4.423489931194299
v 28.0 -7.0 4.311103959859094
v 29.0 -7.0 4.198444764982884
v 30.0 -7.0 4.085345431375968
v 31.0 -7.0 3.9716676033335423
v 32.0 -7.0 3.8573088930386197
v 33.0 -7.0 3.7422088597897405
v 34.0 -7.0 3.6263533183143624
v 35.0 -7.0 3.509776826528558
v 36.0 -7.0 3.3925632972825794
v 37.0 -7.0 3.274844769405552
v 38.0 -7.0 3.156798456058367
v 39.0 -7.0 3.0386422593350044
v 40.0 -7.0 2.920628996598132
v 41.0 -7.0 2.8030396246393714
v 42.0 -7.0 2.68617577186728
v 43.0 -7.0 2.5703518966943313
v 44.0 -7.0 2.4558873832302632
v 45.0 -7.0 2.343098865020318
v 46.0 -7.0 2.2322930360800943
v 47.0 -7.0 2.1237601683668155
v 48.0 -7.0 2.0177685087404353
v 49.0 -7.0 1.9145596790779378
v -50.0 -6.0 5.677171480290065
v -49.0 -6.0 6.12076492748392
v -48.0 -6.0 6.5732364197217334
v -47.0 -6.0 7.02962692162674
v -46.0 -6.0 7.484541481569033
v -45.0 -6.0 7.932299392337882
v -44.0 -6.0 8.367107364069076
v -43.0 -6.0 8.783248023738338
v -42.0 -6.0 9.175274570675384
v -41.0 -6.0 9.538201498099822
v -40.0 -6.0 9.86768104606252
v -39.0 -6.0 10.160155536487032
v -38.0 -6.0 10.412976948640045
v -37.0 -6.0 10.624486950967185
v -36.0 -6.0 10.794052980496817
v -35.0 -6.0 10.922058672968513
v -34.0 -6.0 11.009849782565555
v -33.0 -6.0 11.05963946505086
v -32.0 -6.0 11.07437921761035
v -31.0 -6.0 11.057603688609216
v -30.0 -6.0 11.01325885403869
v -29.0 -6.0 10.945523627145066
v -28.0 -6.0 10.858634810535701
v -27.0 -6.0 10.756724465809924
v -26.0 -6.0 10.643677369325907
v -25.0 -6.0 10.523014390865564
v -24.0 -6.0 10.397805546906694
v -23.0 -6.0 10.270614321733058
v -22.0 -6.0 10.143472787881676
v -21.0 -6.0 10.01788523832079
v -20.0 -6.0 9.894856577019402
v -19.0 -6.0 9.774940671610192
v -18.0 -6.0 9.658303278286283
v -17.0 -6.0 9.54479399169771
v -16.0 -6.0 9.434021904827953
v -15.0 -6.0 9.325430214445971
v -14.0 -6.0 9.218365790842975
v -13.0 -6.0 9.112140655309542
v -12.0 -6.0 9.006083287974793
v -11.0 -6.0 8.899578645425482
v -10.0 -6.0 8.792096640127246
v -9.0 -6.0 8.683209577496282
v -8.0 -6.0 8.5725996343695
v -7.0 -6.0 8.460057883452608
v -6.0 -6.0 8.345476624391711
v -5.0 -6.0 8.228836886028562
v -4.0 -6.0 8.110192935852616
v -3.0 -6.0 7.989655495469918
v -2.0 -6.0 7.8673751405783365
v -1.0 -6.0 7.743527085864814
v 0.0 -6.0 7.61829824349694
v 1.0 -6.0 7.491877120514124
v 2.0 -6.0 7.36444680508325
v 3.0 -6.0 7.2361810013361385
v 4.0 -6.0 7.107242821682333
v 5.0 -6.0 6.9777858454882695
v 6.0 -6.0 6.847956812018978
v 7.0 -6.0 6.717899238201004
v 8.0 -6.0 6.587757238899933
v 9.0 -6.0 6.457678875819429
v 10.0 -6.0 6.327818463670012
v 11.0 -6.0 6.198337408166565
v 12.0 -6.0 6.069403326008417
v 13.0 -6.0 5.941187386655606
v 14.0 -6.0 5.8138600031183
v 15.0 -6.0 5.687585168454281
v 16.0 -6.0 5.562513872539223
v 17.0 -6.0 5.438777129402353
v 18.0 -6.0 5.316479192481079
v 19.0 -6.0 5.195691531485057
v 20.0 -6.0 5.0764480925936395
v 21.0 -6.0 4.958742269912278
v 22.0 -6.0 4.842525890198319
v 23.0 -6.0 4.727710366715611
v 24.0 -6.0 4.614170024516831
v 25.0 -6.0 4.50174745103291
v 26.0 -6.0 4.3902605937524095
v 27.0 -6.0 4.27951121995184
v 28.0 -6.0 4.169294278048468
v 29.0 -6.0 4.059407659314738
v 30.0 -6.0 3.9496618525774703
v 31.0 -6.0 3.839889010652743
v 32.0 -6.0 3.729951001056404
v 33.0 -6.0 3.6197460889251176
v 34.0 -6.0 3.5092139902235147
v 35.0 -6.0 3.3983391311651943
v 36.0 -6.0 3.287152048672127
v 37.0 -6.0 3.1757289607568557
v 38.0 -6.0 3.0641896201199703
v 39.0 -6.0 2.952693635412526
v 40.0 -6.0 2.8414355001680383
v 41.0 -6.0 2.7306386081974128
v 42.0 -6.0 2.6205485561597075
v 43.0 -6.0 2.511426039863267
v 44.0 -6.0 2.4035396421167867
v 45.0 -6.0 2.297158788662594
v 46.0 -6.0 2.1925471172564635
v 47.0 -6.0 2.089956465868327
v 48.0 -6.0 1.9896216418716495
v 49.0 -6.0 1.8917560874979122
v -50.0 -5.0 5.798409101753551
v -49.0 -5.0 6.251224730934352
v -48.0 -5.0 6.713200042735732
v -47.0 -5.0 7.179254113885616
v -46.0 -5.0 7.643854495878459
v -45.0 -5.0 8.101171056050367
v -44.0 -5.0 8.54525364990338
v -43.0 -5.0 8.970225739964295
v -42.0 -5.0 9.370484536594304
v -41.0 -5.0 9.740897277534401
v -40.0 -5.0 10.076982999365187
v -39.0 -5.0 10.375069643273456
v -38.0 -5.0 10.632417572626425
v -37.0 -5.0 10.84730248700324
v -36.0 -5.0 11.019053160595584
v -35.0 -5.0 11.148042225882223
v -34.0 -5.0 11.235631146595253
v -33.0 -5.0 11.28407334534781
v -32.0 -5.0 11.296381949078878
v -31.0 -5.0 11.276170599146248
v -30.0 -5.0 11.227477100832079
v -29.0 -5.0 11.154580278682522
v -28.0 -5.0 11.061820245550729
v -27.0 -5.0 10.95343143555237
v -26.0 -5.0 10.833396302358645
v -25.0 -5.0 10.705325695713688
v -24.0 -5.0 10.572369778493401
v -23.0 -5.0 10.437161119639478
v -22.0 -5.0 10.301789470663552
v -21.0 -5.0 10.16780585583773
v -20.0 -5.0 10.03625209314084
v -19.0 -5.0 9.907710786320457
v -18.0 -5.0 9.782370215726997
v -17.0 -5.0 9.660098393449742
v -16.0 -5.0 9.54052078887123
v -15.0 -5.0 9.423096800834616
v -14.0 -5.0 9.307190863786932
v -13.0 -5.0 9.192135033974981
v -12.0 -5.0 9.077280918191
v -11.0 -5.0 8.962039802494012
v -10.0 -5.0 8.84591074784897
v -9.0 -5.0 8.72849719737641
v -8.0 -5.0 8.609513257291196
v -7.0 -5.0 8.488781258303923
v -6.0 -5.0 8.366222477608646
v -5.0 -5.0 8.241843015445045
v -4.0 -5.0 8.11571679375248
v -3.0 -5.0 7.987967501162905
v -2.0 -5.0 7.85875107407393
v -1.0 -5.0 7.728240003670079
v 0.0 -5.0 7.596610418561948
v 1.0 -5.0 7.464032535735371
v 2.0 -5.0 7.330664720413773
v 3.0 -5.0 7.1966510677516125
v 4.0 -5.0 7.062122133052469
v 5.0 -5.0 6.927198206623495
v 6.0 -5.0 6.791994365209459
v 7.0 -5.0 6.656626440958193
v 8.0 -5.0 6.5212170332675194
v 9.0 -5.0 6.38590074595193
v 10.0 -5.0 6.250827954285658
v 11.0 -5.0 6.116166581364721
v 12.0 -5.0 5.982101574820104
v 13.0 -5.0 5.848832004557813
v 14.0 -5.0 5.716565930195023
v 15.0 -5.0 5.585513394145056
v 16.0 -5.0 5.455878066138249
v 17.0 -5.0 5.327848184398997
v 18.0 -5.0 5.201587499651531
v 19.0 -5.0 5.077226927972924
v 20.0 -5.0 4.954857560099198
v 21.0 -5.0 4.834525565911129
v 22.0 -5.0 4.716229385214259
v 23.0 -5.0 4.599919423921641
v 24.0 -5.0 4.485500293783222
v 25.0 -5.0 4.3728354589123475
v 26.0 -5.0 4.261753996827948
v 27.0 -5.0 4.152059056074454
v 28.0 -5.0 4.043537503777099
v 29.0 -5.0 3.9359702081238725
v 30.0 -5.0 3.8291423925608323
v 31.0 -5.0 3.7228535271571666
v 32.0 -5.0 3.616926282420373
v 33.0 -5.0 3.5112141544739206
v 34.0 -5.0 3.405607469806877
v 35.0 -5.0 3.3000375845950223
v 36.0 -5.0 3.1944792003142273
v 37.0 -5.0 3.0889508175413156
v 38.0 -5.0 2.9835134383658577
v 39.0 -5.0 2.8782677011216182
v 40.0 -5.0 2.773349687075543
v 41.0 -5.0 2.6689256765252534
v 42.0 -5.0 2.5651861518448875
v 43.0 -5.0 2.462339348688827
v 44.0 -5.0 2.3606046457851364
v 45.0 -5.0 2.2602060609324477
v 46.0 -5.0 2.1613660885930446
v 47.0 -5.0 2.064300075548452
v 48.0 -5.0 1.9692112880739308
v 49.0 -5.0 1.8762867794368576
v -50.0 -4.0 5.913192093416121
v -49.0 -4.0 6.374104383688448
v -48.0 -4.0 6.8444351180518455
v -47.0 -4.0 7.3190042805535676
v -46.0 -4.0 7.792167062891342
v -45.0 -4.0 8.257970614231093
v -44.0 -4.0 8.710335297168271
v -43.0 -4.0 9.143252407831858
v -42.0 -4.0 9.550988733394858
v -41.0 -4.0 9.92828732934115
v -40.0 -4.0 10.27055361908085
v -39.0 -4.0 10.574016409927657
v -38.0 -4.0 10.835854675734714
v -37.0 -4.0 11.054282902627715
v -36.0 -4.0 11.228590291499591
v -35.0 -4.0 11.359131968554301
v -34.0 -4.0 11.447273348247615
v -33.0 -4.0 11.495291683729342
v -32.0 -4.0 11.506241400751845
v -31.0 -4.0 11.483791846296755
v -30.0 -4.0 11.43204744726888
v -29.0 -4.0 11.355360884507524
v -28.0 -4.0 11.258149728361328
v -27.0 -4.0 11.144726106187584
v -26.0 -4.0 11.01914748978913
v -25.0 -4.0 10.885094756981301
v -24.0 -4.0 10.745781478283302
v -23.0 -4.0 10.60389609742357
v -22.0 -4.0 10.461576493169908
v -21.0 -4.0 10.320414484562788
v -20.0 -4.0 10.181486289463823
v -19.0 -4.0 10.045403841265344
v -18.0 -4.0 9.912381239284016
v -17.0 -4.0 9.782310441349276
v -16.0 -4.0 9.654840553713365
v -15.0 -4.0 9.529455659006292
v -14.0 -4.0 9.405546957327207
v -13.0 -4.0 9.282475983171295
v -12.0 -4.0 9.159626709892303
v -11.0 -4.0 9.036445382675586
v -10.0 -4.0 8.912467864837344
v -9.0 -4.0 8.78733509267283
v -8.0 -4.0 8.660797880924191
v -7.0 -4.0 8.532712790471043
v -6.0 -4.0 8.403031062070992
v -5.0 -4.0 8.271782745533566
v -4.0 -4.0 8.139058130719691
v -3.0 -4.0 8.004988438022746
v -2.0 -4.0 7.869727476764868
v -1.0 -4.0 7.733435656358401
v 0.0 -4.0 7.596267363102145
v 1.0 -4.0 7.4583623202984715
v 2.0 -4.0 7.3198411550027105
v 3.0 -4.0 7.1808050235981415
v 4.0 -4.0 7.041338820900642
v 5.0 -4.0 6.901517231237448
v 6.0 -4.0 6.761412688877243
v 7.0 -4.0 6.621104208701857
v 8.0 -4.0 6.480686030062111
v 9.0 -4.0 6.340275085285662
v 10.0 -4.0 6.200016451039935
v 11.0 -4.0 6.060086151604732
v 12.0 -4.0 5.920690939102056
v 13.0 -4.0 5.782064954498878
v 14.0 -4.0 5.644463450886967
v 15.0 -4.0 5.508154013928473
v 16.0 -4.0 5.373405922945267
v 17.0 -4.0 5.240478444004675
v 18.0 -4.0 5.109608923530559
v 19.0 -4.0 4.98100155413394
v 20.0 -4.0 4.854817616900813
v 21.0 -4.0 4.731167875734579
v 22.0 -4.0 4.610107623773196
v 23.0 -4.0 4.49163467678708
v 24.0 -4.0 4.375690392503345
v 25.0 -4.0 4.262163586127712
v 26.0 -4.0 4.15089702688962
v 27.0 -4.0 4.041696050713538
v 28.0 -4.0 3.934338718384807
v 29.0 -4.0 3.8285868905887313
v 30.0 -4.0 3.724197580405804
v 31.0 -4.0 3.620933975975765
v 32.0 -4.0 3.5185755939813816
v 33.0 -4.0 3.4169271193958046
v 34.0 -4.0 3.315825598823271
v 35.0 -4.0 3.215145774108949
v 36.0 -4.0 3.1148034609593904
v 37.0 -4.0 3.0147569867997364
v 38.0 -4.0 2.9150067974520146
v 39.0 -4.0 2.8155934197627173
v 40.0 -4.0 2.716594025128597
v 41.0 -4.0 2.6181178766298374
v 42.0 -4.0 2.5203009611225804
v 43.0 -4.0 2.4233001090689594
v 44.0 -4.0 2.3272868916301546
v 45.0 -4.0 2.2324415595040756
v 46.0 -4.0 2.138947254150426
v 47.0 -4.0 2.046984682330738
v 48.0 -4.0 1.9567274020063479
v 49.0 -4.0 1.8683378239895276
v -50.0 -3.0 6.0184022883714
v -49.0 -3.0 6.485960827513867
v -48.0 -3.0 6.963170899381486
v -47.0 -3.0 7.4447815180947465
v -46.0 -3.0 7.925066377029229
v -45.0 -3.0 8.397982569994543
v -44.0 -3.0 8.857354326554942
v -43.0 -3.0 9.297073612182032
v -42.0 -3.0 9.711307825934734
v -41.0 -3.0 10.094703812935128
v -40.0 -3.0 10.442577116022202
v -39.0 -3.0 10.751075882345122
v -38.0 -3.0 11.017310110534796
v -37.0 -3.0 11.23943889674811
v -36.0 -3.0 11.416710872588272
v -35.0 -3.0 11.549455930965127
v -34.0 -3.0 11.63902937861994
v -33.0 -3.0 11.687712594367557
v -32.0 -3.0 11.698576878346863
v -31.0 -3.0 11.675319250313198
v -30.0 -3.0 11.622080345711044
v -29.0 -3.0 11.543255182064152
v -28.0 -3.0 11.443307409749814
v -27.0 -3.0 11.326596773063086
v -26.0 -3.0 11.197228001690503
v -25.0 -3.0 11.058927386793101
v -24.0 -3.0 10.914951055003307
v -23.0 -3.0 10.768026631327166
v -22.0 -3.0 10.620327761639505
v -21.0 -3.0 10.473479004611454
v -20.0 -3.0 10.328587021297077
v -19.0 -3.0 10.186292863646345
v -18.0 -3.0 10.046839520426968
v -17.0 -3.0 9.910148707224087
v -16.0 -3.0 9.775901137341402
v -15.0 -3.0 9.643615107164443
v -14.0 -3.0 9.512719081635554
v -13.0 -3.0 9.382614976201513
v -12.0 -3.0 9.252729907788215
v -11.0 -3.0 9.1225552465554
v -10.0 -3.0 8.99167277526243
v -9.0 -3.0 8.859768604535969
v -8.0 -3.0 8.726636168448133
v -7.0 -3.0 8.592170120133394
v -6.0 -3.0 8.45635325993814
v -5.0 -3.0 8.319238767706262
v -4.0 -3.0 8.180929992794113
v -3.0 -3.0 8.041559901832514
v -2.0 -3.0 7.901272019653885
v -1.0 -3.0 7.760204349307349
v 0.0 -3.0 7.618477349528405
v 1.0 -3.0 7.476186609411847
v 2.0 -3.0 7.333400417083682
v 3.0 -3.0 7.190161997804311
v 4.0 -3.0 7.046495821517765
v 5.0 -3.0 6.902417072129385
v 6.0 -3.0 6.7579431485933155
v 7.0 -3.0 6.613105943814271
v 8.0 -3.0 6.467963627517594
v 9.0 -3.0 6.322610742345912
v 10.0 -3.0 6.177185599527268
v 11.0 -3.0 6.031874215232542
v 12.0 -3.0 5.886910338708886
v 13.0 -3.0 5.742571461578968
v 14.0 -3.0 5.59917103545147
v 15.0 -3.0 5.457047433930145
v 16.0 -3.0 5.3165504502003245
v 17.0 -3.0 5.178026303100967
v 18.0 -3.0 5.041802220672551
v 19.0 -3.0 4.908171676470109
v 20.0 -3.0 4.777381274507338
v 21.0 -3.0 4.6496201250063685
v 22.0 -3.0 4.525012342489901
v 23.0 -3.0 4.403613051314928
v 24.0 -3.0 4.28540802419049
v 25.0 -3.0 4.170316828488862
v 26.0 -3.0 4.058199132461032
v 27.0 -3.0 3.9488636437539384
v 28.0 -3.0 3.8420790256547313
v 29.0 -3.0 3.7375860665080034
v 30.0 -3.0 3.63511036379261
v 31.0 -3.0 3.534374820966747
v 32.0 -3.0 3.435111333582783
v 33.0 -3.0 3.337071150415987
v 34.0 -3.0 3.240033523682099
v 35.0 -3.0 3.1438123983781727
v 36.0 -3.0 3.0482610241308543
v 37.0 -3.0 2.9532744952976975
v 38.0 -3.0 2.858790330270106
v 39.0 -3.0 2.764787285087761
v 40.0 -3.0 2.6712826578562585
v 41.0 -3.0 2.5783283791703697
v 42.0 -3.0 2.486006201346436
v 43.0 -3.0 2.394422298350188
v 44.0 -3.0 2.30370157208397
v 45.0 -3.0 2.213981932649193
v 46.0 -3.0 2.1254087837856535
v 47.0 -3.0 2.0381299031405313
v 48.0 -3.0 1.9522908632037654
v 49.0 -3.0 1.868031095091963
v -50.0 -2.0 6.111424835197312
v -49.0 -2.0 6.583910549865856
v -48.0 -2.0 7.0662529109873295
v -47.0 -2.0 7.553162395894892
v -46.0 -2.0 8.038866686041994
v -45.0 -2.0 8.517270289404356
v -44.0 -2.0 8.982139500372401
v -43.0 -2.0 9.427304497061154
v -42.0 -2.0 9.846868737436921
v -41.0 -2.0 10.235414784149437
v -40.0 -2.0 10.58819538507949
v -39.0 -2.0 10.901299125237484
v -38.0 -2.0 11.171781240508949
v -37.0 -2.0 11.397752168898167
v -36.0 -2.0 11.578418968701017
v -35.0 -2.0 11.714077660158111
v -34.0 -2.0 11.806057616777355
v -33.0 -2.0 11.856622100394947
v -32.0 -2.0 11.868831666024468
v -31.0 -2.0 11.846379257041317
v -30.0 -2.0 11.79340721795741
v -29.0 -2.0 11.714317084900527
v -28.0 -2.0 11.61358285703496
v -27.0 -2.0 11.495577558277532
v -26.0 -2.0 11.36442138061369
v -25.0 -2.0 11.22385771686899
v -24.0 -2.0 11.077161128717517
v -23.0 -2.0 10.927078950351293
v -22.0 -2.0 10.775805984801536
v -21.0 -2.0 10.624989767475558
v -20.0 -2.0 10.47576227121908
v -19.0 -2.0 10.328792785634866
v -18.0 -2.0 10.184356050774554
v -17.0 -2.0 10.042409548942828
v -16.0 -2.0 9.902674109430563
v -15.0 -2.0 9.764712584156472
v -14.0 -2.0 9.628002216053122
v -13.0 -2.0 9.491997349529097
v -12.0 -2.0 9.356180229824375
v -11.0 -2.0 9.220098722343018
v -10.0 -2.0 9.083390785961845
v -9.0 -2.0 8.945796405049338
v -8.0 -2.0 8.807158390086855
v -7.0 -2.0 8.667413978914716
v -6.0 -2.0 8.526579505740811
v -5.0 -2.0 8.38473055972695
v -4.0 -2.0 8.241980043547505
v -3.0 -2.0 8.098456384528008
v -2.0 -2.0 7.954283870186357
v -1.0 -2.0 7.809566702066516
v 0.0 -2.0 7.664377914318621
v 1.0 -2.0 7.5187538155247315
v 2.0 -2.0 7.372694113649448
v 3.0 -2.0 7.226167404720722
v 4.0 -2.0 7.079121275006021
v 5.0 -2.0 6.9314959107273415
v 6.0 -2.0 6.783239851258389
v 7.0 -2.0 6.6343263777170085
v 8.0 -2.0 6.484769007598196
v 9.0 -2.0 6.33463466728963
v 10.0 -2.0 6.184053328173389
v 11.0 -2.0 6.0332231996306165
v 12.0 -2.0 5.882410946946724
v 13.0 -2.0 5.731946811631764
v 14.0 -2.0 5.58221492113585
v 15.0 -2.0 5.4336394500575675
v 16.0 -2.0 5.286667605244565
v 17.0 -2.0 5.141750628863756
v 18.0 -2.0 4.999324131542311
v 19.0 -2.0 4.859789076937609
v 20.0 -2.0 4.723494644461807
v 21.0 -2.0 4.590724012250748
v 22.0 -2.0 4.461683848852224
v 23.0 -2.0 4.336498005177165
v 24.0 -2.0 4.215205585500791
v 25.0 -2.0 4.097763274265769
v 26.0 -2.0 3.9840515272936754
v 27.0 -2.0 3.873884019692354
v 28.0 -2.0 3.7670195898400216
v 29.0 -2.0 3.6631758342154366
v 30.0 -2.0 3.5620434900781612
v 31.0 -2.0 3.463300785261243
v 32.0 -2.0 3.366627025783985
v 33.0 -2.0 3.2717148193337655
v 34.0 -2.0 3.1782804817150043
v 35.0 -2.0 3.0860723304270303
v 36.0 -2.0 2.9948767225180672
v 37.0 -2.0 2.904521833031672
v 38.0 -2.0 2.814879288721999
v 39.0 -2.0 2.725863865074583
v 40.0 -2.0 2.6374315214283603
v 41.0 -2.0 2.549576089735795
v 42.0 -2.0 2.4623249494786044
v 43.0 -2.0 2.3757340178666526
v 44.0 -2.0 2.289882364698452
v 45.0 -2.0 2.20486672934917
v 46.0 -2.0 2.12079617731515
v 47.0 -2.0 2.0377870892279883
v 48.0 -2.0 1.9559586293659306
v 49.0 -2.0 1.8754287959497966
v -50.0 -1.0 6.190226061380595
v -49.0 -1.0 6.665715490387603
v -48.0 -1.0 7.151236915778874
v -47.0 -1.0 7.64149786168313
v -46.0 -1.0 8.13071885739722
v -45.0 -1.0 8.612792795761926
v -44.0 -1.0 9.081469755596501
v -43.0 -1.0 9.53055909855708
v -42.0 -1.0 9.954139005197119
v -41.0 -1.0 10.346762576261256
v -40.0 -1.0 10.703649315555117
v -39.0 -1.0 11.020851293539339
v -38.0 -1.0 11.295384561292119
v -37.0 -1.0 11.525318367047353
v -36.0 -1.0 11.709817280612524
v -35.0 -1.0 11.849134259262947
v -34.0 -1.0 11.944555761142793
v -33.0 -1.0 11.998302984119322
v -32.0 -1.0 12.013395944808304
v -31.0 -1.0 11.993489211995207
v -30.0 -1.0 11.942689520078886
v -29.0 -1.0 11.865366124922346
v -28.0 -1.0 11.765964610329627
v -27.0 -1.0 11.648833960732816
v -26.0 -1.0 11.518075197252795
v -25.0 -1.0 11.37741788882779
v -24.0 -1.0 11.230128584441099
v -23.0 -1.0 11.078952862151516
v -22.0 -1.0 10.926090441121216
v -21.0 -1.0 10.77320081359766
v -20.0 -1.0 10.621435246462335
v -19.0 -1.0 10.471489853564544
v -18.0 -1.0 10.32367378154932
v -17.0 -1.0 10.177986371272498
v -16.0 -1.0 10.034197406189268
v -15.0 -1.0 9.891925163751134
v -14.0 -1.0 9.75070785521541
v -13.0 -1.0 9.6100650769093
v -12.0 -1.0 9.469547008577363
v -11.0 -1.0 9.328770198703026
v -10.0 -1.0 9.187439803928545
v -9.0 -1.0 9.04535904792247
v -8.0 -1.0 8.902427399102947
v -7.0 -1.0 8.758629516752427
v -6.0 -1.0 8.614017374527029
v -5.0 -1.0 8.468688142801938
v -4.0 -1.0 8.322760408178072
v -3.0 -1.0 8.176351147094094
v -2.0 -1.0 8.02955557254024
v -1.0 -1.0 7.882431563626469
v 0.0 -1.0 7.7349898956096155
v 1.0 -1.0 7.587190944103958
v 2.0 -1.0 7.438947975022914
v 3.0 -1.0 7.290136586098476
v 4.0 -1.0 7.14060937124338
v 5.0 -1.0 6.990214468077208
v 6.0 -1.0 6.838816349646106
v 7.0 -1.0 6.686317054747511
v 8.0 -1.0 6.532676029100387
v 9.0 -1.0 6.3779268727528855
v 10.0 -1.0 6.2221895468357165
v 11.0 -1.0 6.065676963060949
v 12.0 -1.0 5.9086953306076975
v 13.0 -1.0 5.751638128662501
v 14.0 -1.0 5.594974066916103
v 15.0 -1.0 5.439229849347707
v 16.0 -1.0 5.284968931768238
v 17.0 -1.0 5.132767731971939
v 18.0 -1.0 4.983190894689384
v 19.0 -1.0 4.836767225588073
v 20.0 -1.0 4.693967795182348
v 21.0 -1.0 4.5551874914674295
v 22.0 -1.0 4.420730994804403
v 23.0 -1.0 4.29080379107731
v 24.0 -1.0 4.165508462629273
v 25.0 -1.0 4.044846132984449
v 26.0 -1.0 3.928722618760632
v 27.0 -1.0 3.816958581981235
v 28.0 -1.0 3.709302791991019
v 29.0 -1.0 3.6054475040299168
v 30.0 -1.0 3.5050449392384584
v 31.0 -1.0 3.407723900012285
v 32.0 -1.0 3.31310566196286
v 33.0 -1.0 3.2208184331711527
v 34.0 -1.0 3.1305098458570093
v 35.0 -1.0 3.0418571286543012
v 36.0 -1.0 2.954574785043577
v 37.0 -1.0 2.8684197637439546
v 38.0 -1.0 2.783194241974503
v 39.0 -1.0 2.6987462478438906
v 40.0 -1.0 2.6149684222149663
v 41.0 -1.0 2.5317952643122044
v 42.0 -1.0 2.4491992221351686
v 43.0 -1.0 2.367185982719574
v 44.0 -1.0 2.285789293395037
v 45.0 -1.0 2.205065608474438
v 46.0 -1.0 2.1250888110195008
v 47.0 -1.0 2.045945210629066
v 48.0 -1.0 1.9677289690313886
v 49.0 -1.0 1.890538058294676
v -50.0 0.0 6.253403220377337
v -49.0 0.0 6.729837872929434
v -48.0 0.0 7.216448839244091
v -47.0 0.0 7.707978174724611
v -46.0 0.0 8.198680142888474
v -45.0 0.0 8.682479089939957
v -44.0 0.0 9.153152707025516
v -43.0 0.0 9.604532564769864
v -42.0 0.0 10.030712165863696
v -41.0 0.0 10.426251724509752
v -40.0 0.0 10.786368568191198
v -39.0 0.0 11.107102530919365
v -38.0 0.0 11.385446963482877
v -37.0 0.0 11.61943795051604
v -36.0 0.0 11.808196856157345
v -35.0 0.0 11.951924225868616
v -34.0 0.0 12.051846122237956
v -33.0 0.0 12.110116924274733
v -32.0 0.0 12.129685239660537
v -31.0 0.0 12.114131666675325
v -30.0 0.0 12.06748854696411
v -29.0 0.0 11.994052485651734
v -28.0 0.0 11.89820026501517
v -27.0 0.0 11.784217893714292
v -26.0 0.0 11.656151027037497
v -25.0 0.0 11.517683022095758
v -24.0 0.0 11.372044640757387
v -23.0 0.0 11.221957076421969
v -22.0 0.0 11.0696077427047
v -21.0 0.0 10.916656281255607
v -20.0 0.0 10.764266643399354
v -19.0 0.0 10.613159953109305
v -18.0 0.0 10.463682198486856
v -17.0 0.0 10.31588061441511
v -16.0 0.0 10.1695828638081
v -15.0 0.0 10.024473725969907
v -14.0 0.0 9.880164869086457
v -13.0 0.0 9.736254324905595
v -12.0 0.0 9.592373405095413
v -11.0 0.0 9.448219917955317
v -10.0 0.0 9.303577592263025
v -9.0 0.0 9.15832253911578
v -8.0 0.0 9.012418345650064
v -7.0 0.0 8.86590197407217
v -6.0 0.0 8.718863025488687
v -5.0 0.0 8.57141912060634
v -4.0 0.0 8.423690156375088
v -3.0 0.0 8.27577403326521
v -2.0 0.0 8.127726131600975
v -1.0 0.0 7.979544371594753
v 0.0 0.0 7.831161149516645
v 1.0 0.0 7.682442835380055
v 2.0 0.0 7.533196883139741
v 3.0 0.0 7.383185982951393
v 4.0 0.0 7.232148117625829
v 5.0 0.0 7.079820911342728
v 6.0 0.0 6.9259683124189175
v 7.0 0.0 6.77040745982557
v 8.0 0.0 6.6130335606056425
v 9.0 0.0 6.453840754619127
v 10.0 0.0 6.2929372522821385
v 11.0 0.0 6.130553474601905
v 12.0 0.0 5.967042465465554
v 13.0 0.0 5.802872437870119
v 14.0 0.0 5.6386119083432025
v 15.0 0.0 5.474908417488944
v 16.0 0.0 5.312462285038956
v 17.0 0.0 5.1519971702108895
v 18.0 0.0 4.9942293805329605
v 19.0 0.0 4.839837886996534
v 20.0 0.0 4.689436867452498
v 21.0 0.0 4.543552333730442
v 22.0 0.0 4.402604031602161
v 23.0 0.0 4.266893373734309
v 24.0 0.0 4.1365977140878085
v 25.0 0.0 4.011770836267258
v 26.0 0.0 3.892349141524389
v 27.0 0.0 3.778162710184034
v 28.0 0.0 3.6689501895770444
v 29.0 0.0 3.564376338733513
v 30.0 0.0 3.464051032522822
v 31.0 0.0 3.3675485853005327
v 32.0 0.0 3.274426380415632
v 33.0 0.0 3.1842419677436267
v 34.0 0.0 3.0965679962544614
v 35.0 0.0 3.011004562958778
v 36.0 0.0 2.927188766399437
v 37.0 0.0 2.8448014387625316
v 38.0 0.0 2.763571186376615
v 39.0 0.0 2.683275988676624
v 40.0 0.0 2.603742689195271
v 41.0 0.0 2.5248447604547364
v 42.0 0.0 2.446498741686209
v 43.0 0.0 2.3686597394646354
v 44.0 0.0 2.291316352639837
v 45.0 0.0 2.2144853404238973
v 46.0 0.0 2.138206301747189
v 47.0 0.0 2.062536579830129
v 48.0 0.0 1.987546552199982
v 49.0 0.0 1.9133154159974421
v -50.0 1.0 6.300204625177302
v -49.0 1.0 6.775462294299449
v -48.0 1.0 7.261008806916096
v -47.0 1.0 7.751658852385143
v -46.0 1.0 8.241741959934531
v -45.0 1.0 8.725257656790472
v -44.0 1.0 9.19605573456686
v -43.0 1.0 9.648033647014463
v -42.0 1.0 10.075341443921298
v -41.0 1.0 10.47258361971188
v -40.0 1.0 10.83500694135994
v -39.0 1.0 11.158663781421746
v -38.0 1.0 11.440541714376296
v -37.0 1.0 11.678652064739167
v -36.0 1.0 11.8720725857105
v -35.0 1.0 12.020942306726171
v -34.0 1.0 12.126409591363638
v -33.0 1.0 12.190537354247896
v -32.0 1.0 12.216171967153228
v -31.0 1.0 12.206784442265121
v -30.0 1.0 12.166293866431106
v -29.0 1.0 12.098883688859667
v -28.0 1.0 12.008821319459248
v -27.0 1.0 11.900290626401883
v -26.0 1.0 11.777245439053372
v -25.0 1.0 11.6432902207708
v -24.0 1.0 11.501591857511011
v -23.0 1.0 11.354824203684617
v -22.0 1.0 11.205144817638073
v -21.0 1.0 11.054201361830522
v -20.0 1.0 10.90316355686914
v -19.0 1.0 10.7527754406003
v -18.0 1.0 10.603422025292492
v -17.0 1.0 10.45520425788567
v -16.0 1.0 10.308016425731124
v -15.0 1.0 10.161620742771419
v -14.0 1.0 10.015714712450096
v -13.0 1.0 9.869987901432715
v -12.0 1.0 9.72416588240806
v -11.0 1.0 9.578040233480031
v -10.0 1.0 9.4314845474512
v -9.0 1.0 9.284457352867035
v -8.0 1.0 9.136993641046338
v -7.0 1.0 8.989187304003595
v -6.0 1.0 8.841167203304368
v -5.0 1.0 8.69306980518263
v -4.0 1.0 8.545011336278025
v -3.0 1.0 8.397062247520454
v -2.0 1.0 8.249226437765245
v -1.0 1.0 8.10142720691715
v 0.0 1.0 7.953501310194982
v 1.0 1.0 7.805201807123809
v 2.0 1.0 7.6562096829327215
v 3.0 1.0 7.506153512825525
v 4.0 1.0 7.354635789579543
v 5.0 1.0 7.201263989255126
v 6.0 1.0 7.0456840503352645
v 7.0 1.0 6.887613720908609
v 8.0 1.0 6.726873206127446
v 9.0 1.0 6.563410727990721
v 10.0 1.0 6.397320978410954
v 11.0 1.0 6.228854974852252
v 12.0 1.0 6.058420471578796
v 13.0 1.0 5.886572784287119
v 14.0 1.0 5.71399659185574
v 15.0 1.0 5.541479926867202
v 16.0 1.0 5.369882103465232
v 17.0 1.0 5.200097715418551
v 18.0 1.0 5.033019042584518
v 19.0 1.0 4.869499221192091
v 20.0 1.0 4.710318370828913
v 21.0 1.0 4.556154552792892
v 22.0 1.0 4.407560997071699
v 23.0 1.0 4.264950523199797
v 24.0 1.0 4.128587541263062
v 25.0 1.0 3.998587499246033
v 26.0 1.0 3.874923181578849
v 27.0 1.0 3.75743689172002
v 28.0 1.0 3.645857288322204
v 29.0 1.0 3.5398194976800395
v 30.0 1.0 3.4388870914863356
v 31.0 1.0 3.342574585946933
v 32.0 1.0 3.2503692667894444
v 33.0 1.0 3.1617513514374327
v 34.0 1.0 3.0762117401795424
v 35.0 1.0 2.9932668593234104
v 36.0 1.0 2.9124703409738437
v 37.0 1.0 2.8334215004594867
v 38.0 1.0 2.755770752746753
v 39.0 1.0 2.6792222475619822
v 40.0 1.0 2.6035340979885278
v 41.0 1.0 2.528516631257554
v 42.0 1.0 2.4540291082151087
v 43.0 1.0 2.379975346077591
v 44.0 1.0 2.3062986448526135
v 45.0 1.0 2.232976368413482
v 46.0 1.0 2.1600144732492583
v 47.0 1.0 2.0874422169408655
v 48.0 1.0 2.015307218824322
v 49.0 1.0 1.9436709902727065
v -50.0 2.0 6.330520250984373
v -49.0 2.0 6.802485149117362
v -48.0 2.0 7.284819370432103
v -47.0 2.0 7.772447699930748
v -46.0 2.0 8.259815753610306
v -45.0 2.0 8.741041215516695
v -44.0 2.0 9.210089706394681
v -43.0 2.0 9.660967508192847
v -42.0 2.0 10.087921784200752
v -41.0 2.0 10.48563792768676
v -40.0 2.0 10.849423360289313
v -39.0 2.0 11.175367546756275
v -38.0 2.0 11.460469191403378
v -37.0 2.0 11.702723462606318
v -36.0 2.0 11.901164520345755
v -35.0 2.0 12.055861412241617
v -34.0 2.0 12.167868335190724
v -33.0 2.0 12.239133098908562
v -32.0 2.0 12.272370149907323
v -31.0 2.0 12.270906526037164
v -30.0 2.0 12.23851046775322
v -29.0 2.0 12.179213029075514
v -28.0 2.0 12.097132892113912
v -27.0 2.0 11.99631374297932
v -26.0 2.0 11.880582120402538
v -25.0 2.0 11.753431752041482
v -24.0 2.0 11.617938224951681
v -23.0 2.0 11.476705582293997
v -22.0 2.0 11.331844275163691
v -21.0 2.0 11.184977979232077
v -20.0 2.0 11.037275228005864
v -19.0 2.0 10.889500693396869
v -18.0 2.0 10.742080292126753
v -17.0 2.0 10.59517410512185
v -16.0 2.0 10.448751324486818
v -15.0 2.0 10.302662021746846
v -14.0 2.0 10.156701379157784
v -13.0 2.0 10.010663054112614
v -12.0 2.0 9.864379467880696
v -11.0 2.0 9.717747944739772
v -10.0 2.0 9.570742708237301
v -9.0 2.0 9.423413713409467
v -8.0 2.0 9.275874116193673
v -7.0 2.0 9.128278825105582
v -6.0 2.0 8.980797027198838
v -5.0 2.0 8.83358182104911
v -4.0 2.0 8.686740122524894
v -3.0 2.0 8.540305840339983
v -2.0 2.0 8.394218961305953
v -1.0 2.0 8.248312661427033
v 0.0 2.0 8.102309898821678
v 1.0 2.0 7.9558301870841595
v 2.0 2.0 7.808406440434201
v 3.0 2.0 7.659510978481211
v 4.0 2.0 7.508589035555747
v 5.0 2.0 7.355097493369002
v 6.0 2.0 7.198546096566797
v 7.0 2.0 7.038538158131357
v 8.0 2.0 6.874807739886386
v 9.0 2.0 6.707250508303673
v 10.0 2.0 6.535945902868513
v 11.0 2.0 6.361168879105108
v 12.0 2.0 6.1833902494741535
v 13.0 2.0 6.003265478632674
v 14.0 2.0 5.821612624414608
v 15.0 2.0 5.639380882218742
v 16.0 2.0 5.457611825508015
v 17.0 2.0 5.277395889510293
v 18.0 2.0 5.099826887640401
v 19.0 2.0 4.925957369800179
v 20.0 2.0 4.756757438416284
v 21.0 2.0 4.593079260376076
v 22.0 2.0 4.4356289942180736
v 23.0 2.0 4.284947244851345
v 24.0 2.0 4.141398519198972
v 25.0 2.0 4.005169539827926
v 26.0 2.0 3.8762757269933386
v 27.0 2.0 3.7545747187379765
v 28.0 2.0 3.6397854866317676
v 29.0 2.0 3.5315114304016437
v 30.0 2.0 3.4292657940702576
v 31.0 2.0 3.332497824371377
v 32.0 2.0 3.240618266246466
v 33.0 2.0 3.1530230325998274
v 34.0 2.0 3.0691141672646096
v 35.0 2.0 2.988317513876711
v 36.0 2.0 2.910096785381753
v 37.0 2.0 2.833963980744878
v 38.0 2.0 2.7594863045311655
v 39.0 2.0 2.6862899046886444
v 40.0 2.0 2.6140608526892075
v 41.0 2.0 2.5425438510546874
v 42.0 2.0 2.471539172216922
v 43.0 2.0 2.4008983175280423
v 44.0 2.0 2.330518844726309
v 45.0 2.0 2.2603387548087737
v 46.0 2.0 2.190330762778743
v 47.0 2.0 2.120496707586303
v 48.0 2.0 2.0508622897741082
v 49.0 2.0 1.9814722644208642
v -50.0 3.0 6.344844467754074
v -49.0 3.0 6.811473218156277
v -48.0 3.0 7.288519916141315
v -47.0 3.0 7.77105508110594
v -46.0 3.0 8.2536792544701
v -45.0 3.0 8.730669177350581
v -44.0 3.0 9.196147937224456
v -43.0 3.0 9.644271568101729
v -42.0 3.0 10.069423050554741
v -41.0 3.0 10.466403678443138
v -40.0 3.0 10.830611452571091
v -39.0 3.0 11.158196587818036
v -38.0 3.0 11.446185376386133
v -37.0 3.0 11.692565466988645
v -36.0 3.0 11.896327968173948
v -35.0 3.0 12.057464483587356
v -34.0 3.0 12.176920024479168
v -33.0 3.0 12.256505493866879
v -32.0 3.0 12.298775880044749
v -31.0 3.0 12.306882246903049
v -30.0 3.0 12.284406924186142
v -29.0 3.0 12.235191901016027
v -28.0 3.0 12.163170294170946
v -27.0 3.0 12.072209945652226
v -26.0 3.0 11.965976804626045
v -25.0 3.0 11.847823912241273
v -24.0 3.0 11.720709705729266
v -23.0 3.0 11.587147170666338
v -22.0 3.0 11.449183268727133
v -21.0 3.0 11.308406200791394
v -20.0 3.0 11.165976545972615
v -19.0 3.0 11.022677219945464
v -18.0 3.0 10.878976553241591
v -17.0 3.0 10.735098595646384
v -16.0 3.0 10.591094967634657
v -15.0 3.0 10.446913140878175
v -14.0 3.0 10.302456859083042
v -13.0 3.0 10.157635423253257
v -12.0 3.0 10.012399678509126
v -11.0 3.0 9.866763676057467
v -10.0 3.0 9.720812077186041
v -9.0 3.0 9.574694361253243
v -8.0 3.0 9.428607753203607
v -7.0 3.0 9.282771465449423
v -6.0 3.0 9.137395330659686
v -5.0 3.0 8.992646171003791
v -4.0 3.0 8.848615298410254
v -3.0 3.0 8.705290370157474
v -2.0 3.0 8.562534444265438
v -1.0 3.0 8.420074509458184
v 0.0 3.0 8.2775010358042
v 1.0 3.0 8.13427924689259
v 2.0 3.0 7.989771905653383
v 3.0 3.0 7.843272495254461
v 4.0 3.0 7.694046830229024
v 5.0 3.0 7.541380417125294
v 6.0 3.0 7.384628358327815
v 7.0 3.0 7.223264304771742
v 8.0 3.0 7.05692494275559
v 9.0 3.0 6.885446754766355
v 10.0 3.0 6.70889230805956
v 11.0 3.0 6.527564058126387
v 12.0 3.0 6.342004547170537
v 13.0 3.0 6.152982855363421
v 14.0 3.0 5.9614681422221105
v 15.0 3.0 5.768592014625799
v 16.0 3.0 5.575602202984223
v 17.0 3.0 5.383810559888105
v 18.0 3.0 5.194538679340801
v 19.0 3.0 5.009064456619597
v 20.0 3.0 4.828572680521929
v 21.0 3.0 4.654112304767904
v 22.0 3.0 4.486562434581898
v 23.0 3.0 4.326608350094707
v 24.0 3.0 4.174728136611294
v 25.0 3.0 4.031189766859827
v 26.0 3.0 3.896057837471608
v 27.0 3.0 3.769208643565075
v 28.0 3.0 3.6503519082223996
v 29.0 3.0 3.5390572783024177
v 30.0 3.0 3.434783649577138
v 31.0 3.0 3.3369094749525305
v 32.0 3.0 3.244762412535005
v 33.0 3.0 3.1576469530966578
v 34.0 3.0 3.0748689950652697
v 35.0 3.0 2.9957566773310695
v 36.0 3.0 2.9196771081916135
v 37.0 3.0 2.846048921101425
v 38.0 3.0 2.7743508299807136
v 39.0 3.0 2.7041265410186948
v 40.0 3.0 2.6349865027385726
v 41.0 3.0 2.5666070451615215
v 42.0 3.0 2.498727479426893
v 43.0 3.0 2.4311457105857044
v 44.0 3.0 2.3637128687357367
v 45.0 3.0 2.2963273972353972
v 46.0 3.0 2.2289289604239166
v 47.0 3.0 2.1614924545695833
v 48.0 3.0 2.0940223303990333
v 49.0 3.0 2.026547367509409
v -50.0 4.0 6.34421402933078
v -49.0 4.0 6.803594872646334
v -48.0 4.0 7.273411035492811
v -47.0 4.0 7.74891153068273
v -46.0 4.0 8.22488754430279
v -45.0 4.0 8.695812516188704
v -44.0 4.0 9.156005357025002
v -43.0 4.0 9.59980960064903
v -42.0 4.0 10.021779809615563
v -41.0 4.0 10.416865607286596
v -40.0 4.0 10.780583410558494
v -39.0 4.0 11.109166341697426
v -38.0 4.0 11.399683902928805
v -37.0 4.0 11.65012473773454
v -36.0 4.0 11.859438053820599
v -35.0 4.0 12.027531871886756
v -34.0 4.0 12.155228987001044
v -33.0 4.0 12.244184168361919
v -32.0 4.0 12.296768469770639
v -31.0 4.0 12.315928396894371
v -30.0 4.0 12.305028943155273
v -29.0 4.0 12.267690085352182
v -28.0 4.0 12.207626206545045
v -27.0 4.0 12.128497131809812
v -26.0 4.0 12.033778120154842
v -25.0 4.0 11.926654392152493
v -24.0 4.0 11.809943751954853
v -23.0 4.0 11.68604875686106
v -22.0 4.0 11.556937861911768
v -21.0 4.0 11.424153163479243
v -20.0 4.0 11.288840894586306
v -19.0 4.0 11.151799757690164
v -18.0 4.0 11.013541550429625
v -17.0 4.0 10.874358342136505
v -16.0 4.0 10.73439065862786
v -15.0 4.0 10.593691671686532
v -14.0 4.0 10.452283194869915
v -13.0 4.0 10.31020027954826
v -12.0 4.0 10.167522305404056
v -11.0 4.0 10.024389594442503
v -10.0 4.0 9.881005681721842
v -9.0 4.0 9.737626394073118
v -8.0 4.0 9.594537774251018
v -7.0 4.0 9.452025605306178
v -6.0 4.0 9.310339809508115
v -5.0 4.0 9.169657296340302
v -4.0 4.0 9.030046901086916
v -3.0 4.0 8.891439884225719
v -2.0 4.0 8.753609057536943
v -1.0 4.0 8.616158983137733
v 0.0 4.0 8.478528887996866
v 1.0 4.0 8.340008994750317
v 2.0 4.0 8.19976994926257
v 3.0 4.0 8.056903996708071
v 4.0 4.0 7.91047559773493
v 5.0 4.0 7.759578361603572
v 6.0 4.0 7.603394574391403
v 7.0 4.0 7.441253273690903
v 8.0 4.0 7.272682802354861
v 9.0 4.0 7.097454072890581
v 10.0 4.0 6.915611373226886
v 11.0 4.0 6.727488398422432
v 12.0 4.0 6.533708232134857
v 13.0 4.0 6.3351671393620705
v 14.0 4.0 6.133003171904781
v 15.0 4.0 5.928551634321473
v 16.0 4.0 5.723290324890804
v 17.0 4.0 5.518778085625915
v 18.0 4.0 5.31659052469266
v 19.0 4.0 5.1182567987551595
v 20.0 4.0 4.925201075296206
v 21.0 4.0 4.73869177496278
v 22.0 4.0 4.559800980863187
v 23.0 4.0 4.389375567954444
v 24.0 4.0 4.228020728657811
v 25.0 4.0 4.076095725102121
v 26.0 4.0 3.9337209484750293
v 27.0 4.0 3.8007947612674626
v 28.0 4.0 3.6770181698903133
v 29.0 4.0 3.5619251353046635
v 30.0 4.0 3.454916272173489
v 31.0 4.0 3.355293791926921
v 32.0 4.0 3.2622957804757022
v 33.0 4.0 3.1751282292484166
v 34.0 4.0 3.0929936191160796
v 35.0 4.0 3.0151152531216
v 36.0 4.0 2.9407569135133684
v 37.0 4.0 2.86923775640055
v 38.0 4.0 2.799942636569774
v 39.0 4.0 2.7323282668840916
v 40.0 4.0 2.6659257597148085
v 41.0 4.0 2.600340176375333
v 42.0 4.0 2.535247733068157
v 43.0 4.0 2.4703912894580613
v 44.0 4.0 2.405574690640892
v 45.0 4.0 2.340656456671064
v 46.0 4.0 2.275543226386667
v 47.0 4.0 2.2101832726570003
v 48.0 4.0 2.144560320929567
v 49.0 4.0 2.078687826560699
v -50.0 5.0 6.3301256952768155
v -49.0 5.0 6.7805287329792
v -48.0 5.0 7.241354160082152
v -47.0 5.0 7.708058470069104
v -46.0 5.0 8.175655133975797
v -45.0 5.0 8.638847675040852
v -44.0 5.0 9.09218489811602
v -43.0 5.0 9.530231433513139
v -42.0 5.0 9.947745342013366
v -41.0 5.0 10.339853624093713
v -40.0 5.0 10.702216186860712
v -39.0 5.0 11.031169202060191
v -38.0 5.0 11.323839835577584
v -37.0 5.0 11.578225980833707
v -36.0 5.0 11.793236767264927
v -35.0 5.0 11.968692076675927
v -34.0 5.0 12.10528189005836
v -33.0 5.0 12.204488798854994
v -32.0 5.0 12.268479248922734
v -31.0 5.0 12.299970870833079
v -30.0 5.0 12.302084457683275
v -29.0 5.0 12.278189706189307
v -28.0 5.0 12.231753722406957
v -27.0 5.0 12.166200551731155
v -26.0 5.0 12.084788716425061
v -25.0 5.0 11.990512064443152
v -24.0 5.0 11.886027306507414
v -23.0 5.0 11.773609608064259
v -22.0 5.0 11.655135665230679
v -21.0 5.0 11.532091964838925
v -20.0 5.0 11.40560451362766
v -19.0 5.0 11.276485290140918
v -18.0 5.0 11.14529005759566
v -17.0 5.0 11.012381974980984
v -16.0 5.0 10.877995626018189
v -15.0 5.0 10.742296598570576
v -14.0 5.0 10.605432523880367
v -13.0 5.0 10.467572452256736
v -12.0 5.0 10.328932525699269
v -11.0 5.0 10.189787038511842
v -10.0 5.0 10.050465090872983
v -9.0 5.0 9.911334081749107
v -8.0 5.0 9.772772208074494
v -7.0 5.0 9.63513289522872
v -6.0 5.0 9.498704644347779
v -5.0 5.0 9.363670116259973
v -4.0 5.0 9.230068358759915
v -3.0 5.0 9.097763911940987
v -2.0 5.0 8.966426095872308
v -1.0 5.0 8.835521111213833
v 0.0 5.0 8.704318698405846
v 1.0 5.0 8.571914054503871
v 2.0 5.0 8.437264564915886
v 3.0 5.0 8.299239750157884
v 4.0 5.0 8.156681743431566
v 5.0 5.0 8.008472692530201
v 6.0 5.0 7.853604801132818
v 7.0 5.0 7.691248355827313
v 8.0 5.0 7.52081306838054
v 9.0 5.0 7.341998410522922
v 10.0 5.0 7.154829311084319
v 11.0 5.0 6.95967457102275
v 12.0 5.0 6.757246551178587
v 13.0 5.0 6.548582000349011
v 14.0 5.0 6.335005206582314
v 15.0 5.0 6.118075861778913
v 16.0 5.0 5.8995250294537485
v 17.0 5.0 5.681183319695603
v 18.0 5.0 5.464905754228209
v 19.0 5.0 5.252497830782658
v 20.0 5.0 5.04564698531609
v 21.0 5.0 4.8458630481897735
v 22.0 5.0 4.654430464920059
v 23.0 5.0 4.472374087315082
v 24.0 5.0 4.3004393262441
v 25.0 5.0 4.13908647903613
v 26.0 5.0 3.9884981771633177
v 27.0 5.0 3.848598200490466
v 28.0 5.0 3.7190794089163703
v 29.0 5.0 3.5994382645721927
v 30.0 5.0 3.4890133511233583
v 31.0 5.0 3.3870254171485312
v 32.0 5.0 3.2926167414963716
v 33.0 5.0 3.2048879961479027
v 34.0 5.0 3.122931220603193
v 35.0 5.0 3.0458579778765578
v 36.0 5.0 2.972822198632992
v 37.0 5.0 2.903037608046785
v 38.0 5.0 2.835789950281969
v 39.0 5.0 2.7704444681146687
v 40.0 5.0 2.7064492585330755
v 41.0 5.0 2.643335214305222
v 42.0 5.0 2.580713286466799
v 43.0 5.0 2.518269776279606
v 44.0 5.0 2.4557603013441986
v 45.0 5.0 2.3930029927174106
v 46.0 5.0 2.3298713801154505
v 47.0 5.0 2.2662873204720713
v 48.0 5.0 2.202214228741897
v 49.0 5.0 2.137650783955846
v -50.0 6.0 6.304438805917918
v -49.0 6.0 6.7443556689026485
v -48.0 6.0 7.1946529180209
v -47.0 6.0 7.651019044993446
v -46.0 6.0 8.108716616537315
v -45.0 6.0 8.56270758603298
v -44.0 6.0 9.007799651981923
v -43.0 6.0 9.438807223173676
v -42.0 6.0 9.850719213399618
v -41.0 6.0 10.238865031368928
v -40.0 6.0 10.599069853313983
v -39.0 6.0 10.927790619090187
v -38.0 6.0 11.222225175518302
v -37.0 6.0 11.480388544883088
v -36.0 6.0 11.701152310706291
v -35.0 6.0 11.884245432698172
v -34.0 6.0 12.03021724473977
v -33.0 6.0 12.140365759015358
v -32.0 6.0 12.216636508525715
v -31.0 6.0 12.261498846960318
v -30.0 6.0 12.277807767331474
v -29.0 6.0 12.268659827601164
v -28.0 6.0 12.237251667017864
v -27.0 6.0 12.186748899739637
v -26.0 6.0 12.120171969145414
v -25.0 6.0 12.04030396046143
v -24.0 6.0 11.949623547261389
v -23.0 6.0 11.85026434309751
v -22.0 6.0 11.744000090309667
v -21.0 6.0 11.632253472209074
v -20.0 6.0 11.516124982537265
v -19.0 6.0 11.396437294372605
v -18.0 6.0 11.27378997216659
v -17.0 6.0 11.148619166012542
v -16.0 6.0 11.021257090248529
v -15.0 6.0 10.891986572338928
v -14.0 6.0 10.761086702602547
v -13.0 6.0 10.628866553962874
v -12.0 6.0 10.495685005314543
v -11.0 6.0 10.361955826524008
v -10.0 6.0 10.228138306158147
v -9.0 6.0 10.094714768574766
v -8.0 6.0 9.962157283845096
v -7.0 6.0 9.830886675589563
v -6.0 6.0 9.701227536327508
v -5.0 6.0 9.57336333100903
v -4.0 6.0 9.447295778073647
v -3.0 6.0 9.322812525048054
v -2.0 6.0 9.199466677563818
v -1.0 6.0 9.076571009272817
v 0.0 6.0 8.953208708012966
v 1.0 6.0 8.828261354440565
v 2.0 6.0 8.700453557002051
v 3.0 6.0 8.568412371812254
v 4.0 6.0 8.430738418187763
v 5.0 6.0 8.286084562496393
v 6.0 6.0 8.133237278886861
v 7.0 6.0 7.971195381598014
v 8.0 6.0 7.799240809121924
v 9.0 6.0 7.616996540932852
v 10.0 6.0 7.424467520989466
v 11.0 6.0 7.222061590256068
v 12.0 6.0 7.010588802478668
v 13.0 6.0 6.791238999090839
v 14.0 6.0 6.565539023585433
v 15.0 6.0 6.3352923363427225
v 16.0 6.0 6.102504934058817
v 17.0 6.0 5.869302294038689
v 18.0 6.0 5.637842495736574
v 19.0 6.0 5.4102307002683
v 20.0 6.0 5.188439811039096
v 21.0 6.0 4.9742414469536635
v 22.0 6.0 4.769150412589579
v 23.0 6.0 4.574384743216867
v 24.0 6.0 4.3908422392237805
v 25.0 6.0 4.219093282979197
v 26.0 6.0 4.059388736863649
v 27.0 6.0 3.9116809194626128
v 28.0 6.0 3.7756550888659426
v 29.0 6.0 3.6507685434823087
v 30.0 6.0 3.536294373942573
v 31.0 6.0 3.431367036966388
v 32.0 6.0 3.335027231574156
v 33.0 6.0 3.2462639895246466
v 34.0 6.0 3.1640523928261666
v 35.0 6.0 3.0873858520346507
v 36.0 6.0 3.0153023772604546
v 37.0 6.0 2.9469047164617646
v 38.0 6.0 2.8813746006620984
v 39.0 6.0 2.8179816118827317
v 40.0 6.0 2.756087375099375
v 41.0 6.0 2.6951458764111913
v 42.0 6.0 2.634700737354089
v 43.0 6.0 2.574380244655024
v 44.0 6.0 2.5138908616608613
v 45.0 6.0 2.453009847646362
v 46.0 6.0 2.3915774979573667
v 47.0 6.0 2.3294894027520097
v 48.0 6.0 2.266689013441666
v 49.0 6.0 2.2031607095064305
v -50.0 7.0 6.269268707344798
v -49.0 7.0 6.697440669132948
v -48.0 7.0 7.135923374427135
v -47.0 7.0 7.580656875191014
v -46.0 7.0 8.027174292621067
v -45.0 7.0 8.470718775384887
v -44.0 7.0 8.906380296091038
v -43.0 7.0 9.329246276630235
v -42.0 7.0 9.734558778351973
v -41.0 7.0 10.11787018659407
v -40.0 7.0 10.475189053778829
v -39.0 7.0 10.803108090467905
v -38.0 7.0 11.098907207988113
v -37.0 7.0 11.360625965195277
v -36.0 7.0 11.58710165195283
v -35.0 7.0 11.77797140878228
v -34.0 7.0 11.933639064555614
v -33.0 7.0 12.055209589931783
v -32.0 7.0 12.144396038145555
v -31.0 7.0 12.2034054248792
v -30.0 7.0 12.234811070910041
v -29.0 7.0 12.241419427892039
v -28.0 7.0 12.226139313639166
v -27.0 7.0 12.191860834080927
v -26.0 7.0 12.141350144807644
v -25.0 7.0 12.077164720419086
v -24.0 7.0 12.001592090823731
v -23.0 7.0 11.9166132137578
v -22.0 7.0 11.823889919688314
v -21.0 7.0 11.724774309158773
v -20.0 7.0 11.620336698076832
v -19.0 7.0 11.511407757594931
v -18.0 7.0 11.39862991481889
v -17.0 7.0 11.282512872006876
v -16.0 7.0 11.163488243818724
v -15.0 7.0 11.04195876429911
v -14.0 7.0 10.918338224786048
v -13.0 7.0 10.793079211112829
v -12.0 7.0 10.666686751260618
v -11.0 7.0 10.53971710164422
v -10.0 7.0 10.412762032320932
v -9.0 7.0 10.286420062067592
v -8.0 7.0 10.161257089369341
v -7.0 7.0 10.037759713090256
v -6.0 7.0 9.916285187947391
v -5.0 7.0 9.797012370296887
v -4.0 7.0 9.67989814183616
v -3.0 7.0 9.564643626495187
v -2.0 7.0 9.45067402861052
v -1.0 7.0 9.337135128121382
v 0.0 7.0 9.222908404115834
v 1.0 7.0 9.106645479590307
v 2.0 7.0 8.986821169478999
v 3.0 7.0 8.861802972076578
v 4.0 7.0 8.729933484442364
v 5.0 7.0 8.589621061368295
v 6.0 7.0 8.439433182491516
v 7.0 7.0 8.27818653040687
v 8.0 7.0 8.105027770880211
v 9.0 7.0 7.919499482829249
v 10.0 7.0 7.721586586638222
v 11.0 7.0 7.51173989882661
v 12.0 7.0 7.290874996765285
v 13.0 7.0 7.060346279630942
v 14.0 7.0 6.821897817373566
v 15.0 7.0 6.577594144526728
v 16.0 7.0 6.329735451212731
v 17.0 7.0 6.080762548065377
v 18.0 7.0 5.833157470337969
v 19.0 7.0 5.589345616731049
v 20.0 7.0 5.351604910733448
v 21.0 7.0 5.12198668537165
v 22.0 7.0 4.9022519155566515
v 23.0 7.0 4.69382516470869
v 24.0 7.0 4.497767290512064
v 25.0 7.0 4.3147666804691704
v 26.0 7.0 4.14514765837071
v 27.0 7.0 3.9888937920150083
v 28.0 7.0 3.845683187139285
v 29.0 7.0 3.714932490475751
v 30.0 7.0 3.5958462371767133
v 31.0 7.0 3.487468333205263
v 32.0 7.0 3.388732814005459
v 33.0 7.0 3.2985115097988116
v 34.0 7.0 3.2156568155602723
v 35.0 7.0 3.139038353839596
v 36.0 7.0 3.067572882837061
v 37.0 7.0 3.0002473032303096
v 38.0 7.0 2.936135030231805
v 39.0 7.0 2.8744063094816914
v 40.0 7.0 2.814333264775315
v 41.0 7.0 2.755290579177095
v 42.0 7.0 2.696752741912827
v 43.0 7.0 2.6382887583616053
v 44.0 7.0 2.5795551376200123
v 45.0 7.0 2.5202878590379565
v 46.0 7.0 2.4602938914071943
v 47.0 7.0 2.3994427088713346
v 48.0 7.0 2.33765812567655
v 49.0 7.0 2.274910663989006
v -50.0 8.0 6.226877098846773
v -49.0 8.0 6.642311305294499
v -48.0 8.0 7.067960537423084
v -47.0 8.0 7.50003074616985
v -46.0 8.0 7.934341426426103
v -45.0 8.0 8.36643380613319
v -44.0 8.0 8.79169759104855
v -43.0 8.0 9.205510707953572
v -42.0 8.0 9.603385321513134
v -41.0 8.0 9.981112647373482
v -40.0 8.0 10.33489883276322
v -39.0 8.0 10.66148447185849
v -38.0 8.0 10.958241165465948
v -37.0 8.0 11.223239873149327
v -36.0 8.0 11.455287544983602
v -35.0 8.0 11.653930526284023
v -34.0 8.0 11.819425343304522
v -33.0 8.0 11.95267953231919
v -32.0 8.0 12.055167006123854
v -31.0 8.0 12.128823919867937
v -30.0 8.0 12.175931995868371
v -29.0 8.0 12.198996731893672
v -28.0 8.0 12.200627834394174
v -27.0 8.0 12.18342861931044
v -26.0 8.0 12.149900081789065
v -25.0 8.0 12.102363957683137
v -24.0 8.0 12.042907509445266
v -23.0 8.0 11.973351099417762
v -22.0 8.0 11.895237991917712
v -21.0 8.0 11.80984436366286
v -20.0 8.0 11.71820628858784
v -19.0 8.0 11.621159559126628
v -18.0 8.0 11.519387644363029
v -17.0 8.0 11.413472872374506
v -16.0 8.0 11.303946043464318
v -15.0 8.0 11.191330099387887
v -14.0 8.0 11.076174145893502
v -13.0 8.0 10.959074999658919
v -12.0 8.0 10.84068445040181
v -11.0 8.0 10.721701537867053
v -10.0 8.0 10.602850284717078
v -9.0 8.0 10.484844443188024
v -8.0 8.0 10.368341848542581
v -7.0 8.0 10.253891868484551
v -6.0 8.0 10.141880138304979
v -5.0 8.0 10.032475223376242
v -4.0 8.0 9.925582007564014
v -3.0 8.0 9.820806434153285
v -2.0 8.0 9.71743570864249
v -1.0 8.0 9.614437216913524
v 0.0 8.0 9.510478251532875
v 1.0 8.0 9.40396723577122
v 2.0 8.0 9.293115579333119
v 3.0 8.0 9.176017704472294
v 4.0 8.0 9.050745273352627
v 5.0 8.0 8.915450357885312
v 6.0 8.0 8.768471343152223
v 7.0 8.0 8.608434843746807
v 8.0 8.0 8.434346903471504
v 9.0 8.0 8.245667264241645
v 10.0 8.0 8.042361503491824
v 11.0 8.0 7.824927277470482
v 12.0 8.0 7.594392655902519
v 13.0 8.0 7.35228644638927
v 14.0 8.0 7.100582323140919
v 15.0 8.0 6.841620332784456
v 16.0 8.0 6.578010805013769
v 17.0 8.0 6.312526733464099
v 18.0 8.0 6.047991239654976
v 19.0 8.0 5.787166764898314
v 20.0 8.0 5.532652174519803
v 21.0 8.0 5.286793071807103
v 22.0 8.0 5.051609406310316
v 23.0 8.0 4.8287430451227635
v 24.0 8.0 4.619426487617166
v 25.0 8.0 4.42447246976469
v 26.0 8.0 4.24428293271737
v 27.0 8.0 4.078874805165008
v 28.0 8.0 3.927919322518924
v 29.0 8.0 3.7907911983184723
v 30.0 8.0 3.666623864286467
v 31.0 8.0 3.5543671698387693
v 32.0 8.0 3.452844325918736
v 33.0 8.0 3.3608054275629353
v 34.0 8.0 3.2769755274973975
v 35.0 8.0 3.2000958960177917
v 36.0 8.0 3.128957736139158
v 37.0 8.0 3.0624281856099893
v 38.0 8.0 2.999468900863689
v 39.0 8.0 2.9391478680503216
v 40.0 8.0 2.8806453209164813
v 41.0 8.0 2.823254772297155
v 42.0 8.0 2.766380200177205
v 43.0 8.0 2.709530389611574
v 44.0 8.0 2.6523113386832913
v 45.0 8.0 2.5944175098734004
v 46.0 8.0 2.535622565223507
v 47.0 8.0 2.475770078796302
v 48.0 8.0 2.414764583879778
v 49.0 8.0 2.352563192266353
v -50.0 9.0 6.179565152016895
v -49.0 9.0 6.581539269669362
v -48.0 9.0 6.993608243429922
v -47.0 9.0 7.412252983773221
v -46.0 9.0 7.833589480230334
v -45.0 9.0 8.253467981329711
v -44.0 9.0 8.667589400284074
v -43.0 9.0 9.071633853632184
v -42.0 9.0 9.461395162476554
v -41.0 9.0 9.832914449091104
v -40.0 9.0 10.182605725107393
v -39.0 9.0 10.507366633800443
v -38.0 9.0 10.804668277577319
v -37.0 9.0 11.0726192870111
v -36.0 9.0 11.310000881973915
v -35.0 9.0 11.51627151634248
v -34.0 9.0 11.691541639847964
v -33.0 9.0 11.836520999007247
v -32.0 9.0 11.952442584296154
v -31.0 9.0 12.040968683085037
v -30.0 9.0 12.104085419206617
v -29.0 9.0 12.143992592089276
v -28.0 9.0 12.162995556650586
v -27.0 9.0 12.1634053380873
v -26.0 9.0 12.14745221970977
v -25.0 9.0 12.11721677278472
v -24.0 9.0 12.074580829221432
v -23.0 9.0 12.021199351945329
v -22.0 9.0 11.958492650719839
v -21.0 9.0 11.887657026042389
v -20.0 9.0 11.809690783035872
v -19.0 9.0 11.725431699074013
v -18.0 9.0 11.63560148606498
v -17.0 9.0 11.540852570161382
v -16.0 9.0 11.441812607411874
v -15.0 9.0 11.33912253717986
v -14.0 9.0 11.233464608640155
v -13.0 9.0 11.125577654770238
v -12.0 9.0 11.016257884016538
v -11.0 9.0 10.906344560350957
v -10.0 9.0 10.796691093304204
v -9.0 9.0 10.688123203520451
v -8.0 9.0 10.581386906062983
v -7.0 9.0 10.47709000001269
v -6.0 9.0 10.375641504609334
v -5.0 9.0 10.27719397713786
v -4.0 9.0 10.18159383072586
v -3.0 9.0 10.088344599000006
v -2.0 9.0 9.996587546688072
v -1.0 9.0 9.90510310429776
v 0.0 9.0 9.812335345238179
v 1.0 9.0 9.716440192284303
v 2.0 9.0 9.61535633563552
v 3.0 9.0 9.506896091540362
v 4.0 9.0 9.388851769898388
v 5.0 9.0 9.259111697099065
v 6.0 9.0 9.115778992227517
v 7.0 9.0 8.957285631415212
v 8.0 9.0 8.782494329185473
v 9.0 9.0 8.59078134172394
v 10.0 9.0 8.382094426474946
v 11.0 9.0 8.156981794087981
v 12.0 9.0 7.916589835186243
v 13.0 9.0 7.6626295341850295
v 14.0 9.0 7.397313615716303
v 15.0 9.0 7.123268426346638
v 16.0 9.0 6.843426173617525
v 17.0 9.0 6.560904298645578
v 18.0 9.0 6.278879366527534
v 19.0 9.0 6.000462892457464
v 20.0 9.0 5.728586006212167
v 21.0 9.0 5.465898867312304
v 22.0 9.0 5.214689389794476
v 23.0 9.0 4.976824255852868
v 24.0 9.0 4.753713537718361
v 25.0 9.0 4.54629864744175
v 26.0 9.0 4.355061916329792
v 27.0 9.0 4.180054962559046
v 28.0 9.0 4.020942195371135
v 29.0 9.0 3.877055349580725
v 30.0 9.0 3.747454833575572
v 31.0 9.0 3.6309938681135936
v 32.0 9.0 3.526381832162247
v 33.0 9.0 3.432243844166341
v 34.0 9.0 3.347174317643403
v 35.0 9.0 3.269782968336056
v 36.0 9.0 3.1987324558074817
v 37.0 9.0 3.132767468676711
v 38.0 9.0 3.070735578481635
v 39.0 9.0 3.0116005765690863
v 40.0 9.0 2.9544492692294435
v 41.0 9.0 2.89849284728394
v 42.0 9.0 2.8430639840681455
v 43.0 9.0 2.787610771379711
v 44.0 9.0 2.731688499252508
v 45.0 9.0 2.6749501443949453
v 46.0 9.0 2.6171362732863903
v 47.0 9.0 2.5580649051797066
v 48.0 9.0 2.4976217294926584
v 49.0 9.0 2.435750939183319
v -50.0 10.0 6.12957466295191
v -49.0 10.0 6.517630816376403
v -48.0 10.0 6.915638823328596
v -47.0 10.0 7.320358478471535
v -46.0 10.0 7.728206842031308
v -45.0 10.0 8.135348340709712
v -44.0 10.0 8.5378007428094
v -43.0 10.0 8.93155238271248
v -42.0 10.0 9.312685023397528
v -41.0 10.0 9.677496105391402
v -40.0 10.0 10.022613909188832
v -39.0 10.0 10.345099394825862
v -38.0 10.0 10.64252917675828
v -37.0 10.0 10.9130552032978
v -36.0 10.0 11.155438158090002
v -35.0 10.0 11.369053275436212
v -34.0 10.0 11.553869029352002
v -33.0 10.0 11.710400877140417
v -32.0 10.0 11.83964377581571
v -31.0 10.0 11.942988425564689
v -30.0 10.0 12.022127038745218
v -29.0 10.0 12.078954831957855
v -28.0 10.0 12.115473378400656
v -27.0 10.0 12.133701462934363
v -26.0 10.0 12.135598212377667
v -25.0 10.0 12.123002114578071
v -24.0 10.0 12.097588194815893
v -23.0 10.0 12.06084419666496
v -22.0 10.0 12.01406522265538
v -21.0 10.0 11.958365022203912
v -20.0 10.0 11.894701046605782
v -19.0 10.0 11.823909578420311
v -18.0 10.0 11.746746718267218
v -17.0 10.0 11.663930788218137
v -16.0 10.0 11.57618178234125
v -15.0 10.0 11.484253842362111
v -14.0 10.0 11.388957330409525
v -13.0 10.0 11.291167874671876
v -12.0 10.0 11.191820735270833
v -11.0 10.0 11.091889929758617
v -10.0 10.0 10.99235271834999
v -9.0 10.0 10.894141220683624
v -8.0 10.0 10.798084054978741
v -7.0 10.0 10.704841887989573
v -6.0 10.0 10.614841588076024
v -5.0 10.0 10.528214212794344
v -4.0 10.0 10.444742272195885
v -3.0 10.0 10.363821539024807
v -2.0 10.0 10.284442098547428
v -1.0 10.0 10.205192344201556
v 0.0 10.0 10.124288265491602
v 1.0 10.0 10.039628713354984
v 2.0 10.0 9.948875472743744
v 3.0 10.0 9.849555058963679
v 4.0 10.0 9.739177339057553
v 5.0 10.0 9.615364523121206
v 6.0 10.0 9.47598292299987
v 7.0 10.0 9.319269260181363
v 8.0 10.0 9.143943301746555
v 9.0 10.0 8.949299240761185
v 10.0 10.0 8.735269484500629
v 11.0 10.0 8.50245628120326
v 12.0 10.0 8.252128763459725
v 13.0 10.0 7.986185335816104
v 14.0 10.0 7.707083687435578
v 15.0 10.0 7.417742869344633
v 16.0 10.0 7.121423661520843
v 17.0 10.0 6.821594727275478
v 18.0 10.0 6.521792721541497
v 19.0 10.0 6.225484554728588
v 20.0 10.0 5.935939442846511
v 21.0 10.0 5.656117279157532
v 22.0 10.0 5.388578366479612
v 23.0 10.0 5.135417803423777
v 24.0 10.0 4.898225983654842
v 25.0 10.0 4.678074899770202
v 26.0 10.0 4.4755283768678895
v 27.0 10.0 4.290673097906171
v 28.0 10.0 4.123166388009969
v 29.0 10.0 3.9722962225884486
v 30.0 10.0 3.837048801931862
v 31.0 10.0 3.71617924924454
v 32.0 10.0 3.6082814736889
v 33.0 10.0 3.5118539158388877
v 34.0 10.0 3.4253586773098967
v 35.0 10.0 3.347272351321185
v 36.0 10.0 3.276127649760716
v 37.0 10.0 3.2105456134415578
v 38.0 10.0 3.1492587612715197
v 39.0 10.0 3.0911259635308803
v 40.0 10.0 3.0351401119677717
v 41.0 10.0 2.980429814701949
v 42.0 10.0 2.926256385314581
v 43.0 10.0 2.872007346374308
v 44.0 10.0 2.8171875531820634
v 45.0 10.0 2.7614088880215824
v 46.0 10.0 2.704379300203125
v 47.0 10.0 2.6458917902413406
v 48.0 10.0 2.5858137707055633
v 49.0 10.0 2.52407709030446
v -50.0 11.0 6.079001609560795
v -49.0 11.0 6.452930951034555
v -48.0 11.0 6.836647870731425
v -47.0 11.0 7.227190151338685
v -46.0 11.0 7.621275294215475
v -45.0 11.0 8.015381630263665
v -44.0 11.0 8.4058439559116
v -43.0 11.0 8.78895953255814
v -42.0 11.0 9.161099391958093
v -41.0 11.0 9.518819306107057
v -40.0 11.0 9.85896457416531
v -39.0 11.0 10.17876298646947
v -38.0 11.0 10.475900946905465
v -37.0 11.0 10.748578733073776
v -36.0 11.0 10.99554217736903
v -35.0 11.0 11.216089561403338
v -34.0 11.0 11.410054111918916
v -33.0 11.0 11.577764041303247
v -32.0 11.0 11.719983467095243
v -31.0 11.0 11.837838665324448
v -30.0 11.0 11.93273488056887
v -29.0 11.0 12.00626928201148
v -28.0 11.0 12.06014560585139
v -27.0 11.0 12.096095581533692
v -26.0 11.0 12.115811454722053
v -25.0 11.0 12.120892870198928
v -24.0 11.0 12.11281015487697
v -23.0 11.0 12.092884742977555
v -22.0 11.0 12.062286207697767
v -21.0 11.0 12.022044191859536
v -20.0 11.0 11.973072534312616
v -19.0 11.0 11.916202121194988
v -18.0 11.0 11.852218484588871
v -17.0 11.0 11.781899941031389
v -16.0 11.0 11.706052108935657
v -15.0 11.0 11.625534955217349
v -14.0 11.0 11.541279075800087
v -13.0 11.0 11.454288683212596
v -12.0 11.0 11.365629721675429
v -11.0 11.0 11.276402613754847
v -10.0 11.0 11.187700313236164
v -9.0 11.0 11.100553538331162
v -8.0 11.0 11.015866220873319
v -7.0 11.0 10.934345256042711
v -6.0 11.0 10.85642949348388
v -5.0 11.0 10.78222349419336
v -4.0 11.0 10.71144181457582
v -3.0 11.0 10.64336941084996
v -2.0 11.0 10.576843148636863
v -1.0 11.0 10.510258351280477
v 0.0 11.0 10.441602861660055
v 1.0 11.0 10.368519302371926
v 2.0 11.0 10.288394213925578
v 3.0 11.0 10.198470678520094
v 4.0 11.0 10.095979067955883
v 5.0 11.0 9.978278864353987
v 6.0 11.0 9.84300325612352
v 7.0 11.0 9.688197543939532
v 8.0 11.0 9.512442391422267
v 9.0 11.0 9.314953653764261
v 10.0 11.0 9.095651881382244
v 11.0 11.0 8.855196527685269
v 12.0 11.0 8.594982237266716
v 13.0 11.0 8.317097158748664
v 14.0 11.0 8.024245798432808
v 15.0 11.0 7.719641289940849
v 16.0 11.0 7.406873906102125
v 17.0 11.0 7.089764028706309
v 18.0 11.0 6.7722085214883
v 19.0 11.0 6.458029487876953
v 20.0 11.0 6.150833768371399
v 21.0 11.0 5.853890332124255
v 22.0 11.0 5.570031078852891
v 23.0 11.0 5.301578655787221
v 24.0 11.0 5.0503028865280575
v 25.0 11.0 4.817405474078258
v 26.0 11.0 4.603530925814312
v 27.0 11.0 4.40880026600093
v 28.0 11.0 4.232863122115001
v 29.0 11.0 4.074963221645222
v 30.0 11.0 3.9340122023778443
v 31.0 11.0 3.808666873702827
v 32.0 11.0 3.6974055967515387
v 33.0 11.0 3.598600190598885
v 34.0 11.0 3.5105806298648585
v 35.0 11.0 3.4316906905624225
v 36.0 11.0 3.3603335528815763
v 37.0 11.0 3.295007125420768
v 38.0 11.0 3.2343294775746987
v 39.0 11.0 3.1770552362786577
v 40.0 11.0 3.122084117507027
v 41.0 11.0 3.068462932504431
v 42.0 11.0 3.0153824537904574
v 43.0 11.0 2.9621704721287196
v 44.0 11.0 2.908282250447302
v 45.0 11.0 2.853289410746231
v 46.0 11.0 2.7968680988727175
v 47.0 11.0 2.7387870788798896
v 48.0 11.0 2.678896227809231
v 49.0 11.0 2.617115742620605
v -50.0 12.0 6.029725379477433
v -49.0 12.0 6.38954498832184
v -48.0 12.0 6.75896808801442
v -47.0 12.0 7.135305189437026
v -46.0 12.0 7.515568891912943
v -45.0 12.0 7.896546235908415
v -44.0 12.0 8.274884255842371
v -43.0 12.0 8.647185022443415
v -42.0 12.0 9.01010565682033
v -41.0 12.0 9.360458269714035
v -40.0 12.0 9.695304588595443
v -39.0 12.0 10.012040214596448
v -38.0 12.0 10.308464001274173
v -37.0 12.0 10.58282893540985
v -36.0 12.0 10.833872062942007
v -35.0 12.0 11.060822351665136
v -34.0 12.0 11.263386810072138
v -33.0 12.0 11.44171657500771
v -32.0 12.0 11.596355929546807
v -31.0 12.0 11.72817822056137
v -30.0 12.0 11.838313339243552
v -29.0 12.0 11.92807176255662
v -28.0 12.0 11.99887011591637
v -27.0 12.0 12.052162825235719
v -26.0 12.0 12.089383725259552
v -25.0 12.0 12.111900547935795
v -24.0 12.0 12.12098411049075
v -23.0 12.0 12.11779284487429
v -22.0 12.0 12.103372143500723
v -21.0 12.0 12.07866691773047
v -20.0 12.0 12.044544839555682
v -19.0 12.0 12.00182701244965
v -18.0 12.0 11.951322327488592
v -17.0 12.0 11.893861524034874
v -16.0 12.0 11.830326996030994
v -15.0 12.0 11.761674660256382
v -14.0 12.0 11.688944718006706
v -13.0 12.0 11.613258875201877
v -12.0 12.0 11.535802508972782
v -11.0 12.0 11.457791343929376
v -10.0 12.0 11.380423381345166
v -9.0 12.0 11.304818051038664
v -8.0 12.0 11.231945758841379
v -7.0 12.0 11.162552101819275
v -6.0 12.0 11.097081931293598
v -5.0 12.0 11.035609071116115
v -4.0 12.0 10.977777762897416
v -3.0 12.0 10.922761744120384
v -2.0 12.0 10.869246228312202
v -1.0 12.0 10.815436942759074
v 0.0 12.0 10.759098824571367
v 1.0 12.0 10.697625061148123
v 2.0 12.0 10.628135010344044
v 3.0 12.0 10.547597309043143
v 4.0 12.0 10.452972360193632
v 5.0 12.0 10.341366568489985
v 6.0 12.0 10.21018935239407
v 7.0 12.0 10.057303241729842
v 8.0 12.0 9.881157372717057
v 9.0 12.0 9.680895450199035
v 10.0 12.0 9.456430724333178
v 11.0 12.0 9.20848262136635
v 12.0 12.0 8.938572209865347
v 13.0 12.0 8.648976464388864
v 14.0 12.0 8.342644073401056
v 15.0 12.0 8.023078092283226
v 16.0 12.0 7.694192854269703
v 17.0 12.0 7.360154055412977
v 18.0 12.0 7.025211718195471
v 19.0 12.0 6.693535775349813
v 20.0 12.0 6.369063334174241
v 21.0 12.0 6.055365378852397
v 22.0 12.0 5.7555388908269745
v 23.0 12.0 5.472128294227752
v 24.0 12.0 5.207077956065823
v 25.0 12.0 4.961715373253067
v 26.0 12.0 4.736762819694165
v 27.0 12.0 4.532373728330686
v 28.0 12.0 4.34818902147007
v 29.0 12.0 4.183408007127363
v 30.0 12.0 4.036868314443433
v 31.0 12.0 3.907129595696866
v 32.0 12.0 3.792556297445076
v 33.0 12.0 3.69139560499771
v 34.0 12.0 3.6018475946566744
v 35.0 12.0 3.522125594509837
v 36.0 12.0 3.4505056778251317
v 37.0 12.0 3.3853650321867272
v 38.0 12.0 3.3252096217080305
v 39.0 12.0 3.268692068290963
v 40.0 12.0 3.2146210182052086
v 41.0 12.0 3.1619634438408823
v 42.0 12.0 3.109841379157909
v 43.0 12.0 3.0575245288942394
v 44.0 12.0 3.0044200558911047
v 45.0 12.0 2.9500606667931737
v 46.0 12.0 2.8940919094033113
v 47.0 12.0 2.836259385909913
v 48.0 12.0 2.7763963905421045
v 49.0 12.0 2.7144123081866347
v -50.0 13.0 5.98335570747564
v -49.0 13.0 6.329279737699134
v -48.0 13.0 6.684604693104663
v -47.0 13.0 7.046904753588546
v -46.0 13.0 7.413478166850166
v -45.0 13.0 7.781411198179502
v -44.0 13.0 8.147653998218802
v -43.0 13.0 8.509105110737584
v -42.0 13.0 8.862700620512427
v -41.0 13.0 9.205503465986142
v -40.0 13.0 9.534788265426892
v -39.0 13.0 9.848117157781768
v -38.0 13.0 10.143402641241275
v -37.0 13.0 10.41895417530985
v -36.0 13.0 10.67350634001735
v -35.0 13.0 10.906227540174791
v -34.0 13.0 11.116709509144625
v -33.0 13.0 11.304939104747653
v -32.0 13.0 11.47125500193689
v -31.0 13.0 11.616292787122402
v -30.0 13.0 11.740922581706622
v -29.0 13.0 11.846183626834193
v -28.0 13.0 11.93322023467986
v -27.0 13.0 12.003223168306548
v -26.0 13.0 12.05737989109226
v -25.0 13.0 12.096836285974316
v -24.0 13.0 12.122671454925149
v -23.0 13.0 12.135886146390943
v -22.0 13.0 12.137404298142773
v -21.0 13.0 12.12808619391771
v -20.0 13.0 12.108750872876259
v -19.0 13.0 12.08020474740246
v -18.0 13.0 12.04327291042425
v -17.0 13.0 11.998829369499775
v -16.0 13.0 11.947822442111441
v -15.0 13.0 11.891291786632493
v -14.0 13.0 11.830374020022289
v -13.0 13.0 11.766294572436657
v -12.0 13.0 11.700344328006159
v -11.0 13.0 11.63384066725511
v -10.0 13.0 11.568073715087358
v -9.0 13.0 11.504239850277116
v -8.0 13.0 11.443365775048717
v -7.0 13.0 11.386227590808863
v -6.0 13.0 11.333270283532269
v -5.0 13.0 11.284533692176813
v -4.0 13.0 11.239591324489494
v -3.0 13.0 11.197508222049228
v -2.0 13.0 11.156823413536582
v -1.0 13.0 11.115561323045762
v 0.0 13.0 11.071274855145479
v 1.0 13.0 11.021120845494858
v 2.0 13.0 10.961966277149351
v 3.0 13.0 10.890521289442502
v 4.0 13.0 10.80349274552544
v 5.0 13.0 10.697750181189937
v 6.0 13.0 10.57049452350084
v 7.0 13.0 10.419419200897853
v 8.0 13.0 10.242853271486576
v 9.0 13.0 10.039877010416344
v 10.0 13.0 9.810401982750218
v 11.0 13.0 9.555209872975702
v 12.0 13.0 9.27594706898404
v 13.0 13.0 8.975074981176146
v 14.0 13.0 8.655779064556494
v 15.0 13.0 8.321842251106714
v 16.0 13.0 7.977490764563963
v 17.0 13.0 7.627221901132282
v 18.0 13.0 7.275624203765605
v 19.0 13.0 6.927200494989707
v 20.0 13.0 6.586203499606438
v 21.0 13.0 6.256492387917301
v 22.0 13.0 5.941416659981617
v 23.0 13.0 5.643731564203999
v 24.0 13.0 5.3655469046974265
v 25.0 13.0 5.1083088388283695
v 26.0 13.0 4.872812270053744
v 27.0 13.0 4.659239832152408
v 28.0 13.0 4.467222321208611
v 29.0 13.0 4.295914792442549
v 30.0 13.0 4.144082384041538
v 31.0 13.0 4.0101902038228445
v 32.0 13.0 3.8924922324548468
v 33.0 13.0 3.7891150581873694
v 34.0 13.0 3.698133257238057
v 35.0 13.0 3.617634271864756
v 36.0 13.0 3.5457716296568873
v 37.0 13.0 3.4808062271282147
v 38.0 13.0 3.4211361245621887
v 39.0 13.0 3.3653158450920495
v 40.0 13.0 3.3120665362436914
v 41.0 13.0 3.2602785491225523
v 42.0 13.0 3.209008042539675
v 43.0 13.0 3.157469156499796
v 44.0 13.0 3.1050231537277426
v 45.0 13.0 3.0511657302740103
v 46.0 13.0 2.9955134741205303
v 47.0 13.0 2.937790226427153
v 48.0 13.0 2.8778138902320616
v 49.0 13.0 2.81548404702684
v -50.0 14.0 5.941198114472053
v -49.0 14.0 6.273605195678828
v -48.0 14.0 6.615193352036489
v -47.0 14.0 6.963788208859116
v -46.0 14.0 7.316960789239772
v -45.0 14.0 7.672083517750135
v -44.0 14.0 8.026396918415877
v -43.0 14.0 8.377084137870236
v -42.0 14.0 8.72134978364759
v -41.0 14.0 9.056499142838312
v -40.0 14.0 9.3800136846599
v -39.0 14.0 9.689618877772844
v -38.0 14.0 9.983340770636044
v -37.0 14.0 10.259548466354461
v -36.0 14.0 10.516980523619601
v -35.0 14.0 10.75475436372837
v -34.0 14.0 10.972358877797728
v -33.0 14.0 11.169631519734295
v -32.0 14.0 11.346722153243363
v -31.0 14.0 11.504046719547585
v -30.0 14.0 11.64223434801933
v -29.0 14.0 11.762071807938348
v -28.0 14.0 11.86444918352159
v -27.0 14.0 11.95031035756342
v -26.0 14.0 12.020611344080782
v -25.0 14.0 12.076288766737777
v -24.0 14.0 12.118239898255242
v -23.0 14.0 12.147314722548662
v -22.0 14.0 12.164319521810825
v -21.0 14.0 12.170030586207071
v -20.0 14.0 12.16521584735809
v -19.0 14.0 12.150661591769664
v -18.0 14.0 12.127200950240502
v -17.0 14.0 12.095740608028423
v -16.0 14.0 12.05728215377247
v -15.0 14.0 12.012934690926455
v -14.0 14.0 11.963915774581029
v -13.0 14.0 11.911538401959708
v -12.0 14.0 11.857182659989828
v -11.0 14.0 11.802251689782558
v -10.0 14.0 11.748112822926387
v -9.0 14.0 11.69602601931149
v -8.0 14.0 11.647063015105392
v -7.0 14.0 11.602021781684357
v -6.0 14.0 11.561341900106566
v -5.0 14.0 11.52502716568844
v -4.0 14.0 11.492582054013535
v -3.0 14.0 11.462968521374954
v -2.0 14.0 11.434588926872511
v -1.0 14.0 11.405299638278038
v 0.0 14.0 11.372458156068495
v 1.0 14.0 11.333004448716899
v 2.0 14.0 11.28357477674705
v 3.0 14.0 11.22064377461611
v 4.0 14.0 11.140688167451785
v 5.0 14.0 11.04036344198689
v 6.0 14.0 10.9166832721569
v 7.0 14.0 10.7671906880531
v 8.0 14.0 10.590109984055498
v 9.0 14.0 10.38446922802666
v 10.0 14.0 10.150184918676752
v 11.0 14.0 9.88810272376627
v 12.0 14.0 9.599991129429467
v 13.0 14.0 9.288488000669105
v 14.0 14.0 8.95700322736852
v 15.0 14.0 8.609583540919305
v 16.0 14.0 8.250747992593853
v 17.0 14.0 7.885304295937359
v 18.0 14.0 7.518157130642317
v 19.0 14.0 7.154119542624841
v 20.0 14.0 6.797737792484753
v 21.0 14.0 6.453138512709701
v 22.0 14.0 6.1239050006081595
v 23.0 14.0 5.812987103610487
v 24.0 14.0 5.5226466648285175
v 25.0 14.0 5.254438099623653
v 26.0 14.0 5.009221550208958
v 27.0 14.0 4.787204353835862
v 28.0 14.0 4.588005348042397
v 29.0 14.0 4.4107358569251
v 30.0 14.0 4.254091038188756
v 31.0 14.0 4.11644556251527
v 32.0 14.0 3.995948254737524
v 33.0 14.0 3.8906112430368616
v 34.0 14.0 3.7983902257931947
v 35.0 14.0 3.7172535701662
v 36.0 14.0 3.6452390114733797
v 37.0 14.0 3.5804976582043344
v 38.0 14.0 3.521325777568839
v 39.0 14.0 3.4661854172720115
v 40.0 14.0 3.413715307634822
v 41.0 14.0 3.362733697551702
v 42.0 14.0 3.312234833076335
v 43.0 14.0 3.2613807204338996
v 44.0 14.0 3.2094896601522254
v 45.0 14.0 3.1560228287599505
v 46.0 14.0 3.10056994827441
v 47.0 14.0 3.0428348452420577
v 48.0 14.0 2.9826214780659304
v 49.0 14.0 2.919820815428123
v -50.0 15.0 5.9042374665439565
v -49.0 15.0 6.223636321958875
v -48.0 15.0 6.551980172853838
v -47.0 15.0 6.887331371596858
v -46.0 15.0 7.2275181405183755
v -45.0 15.0 7.570183164999695
v -44.0 15.0 7.912841727778049
v -43.0 15.0 8.252946896439743
v -42.0 15.0 8.587958711005399
v -41.0 15.0 8.915413941325985
v -40.0 15.0 9.232992835913064
v -39.0 15.0 9.53857938778615
v -38.0 15.0 9.830312000492933
v -37.0 15.0 10.106622027776043
v -36.0 15.0 10.366258441441449
v -35.0 15.0 10.608297794304764
v -34.0 15.0 10.832139617041115
v -33.0 15.0 11.037488342372926
v -32.0 15.0 11.224323712208545
v -31.0 15.0 11.392862326799191
v -30.0 15.0 11.543513488031099
v -29.0 15.0 11.676832738653086
v -28.0 15.0 11.793476493333152
v -27.0 15.0 11.894160904287084
v -26.0 15.0 11.979627630583092
v -25.0 15.0 12.050618527546483
v -24.0 15.0 12.107860492433256
v -23.0 15.0 12.15206085124757
v -22.0 15.0 12.183912806259872
v -21.0 15.0 12.204109638214154
v -20.0 15.0 12.21336561937561
v -19.0 15.0 12.212440984330785
v -18.0 15.0 12.20216785829306
v -17.0 15.0 12.183473784088225
v -16.0 15.0 12.157399439108046
v -15.0 15.0 12.125107306316158
v -14.0 15.0 12.087878466277324
v -13.0 15.0 12.047095309563105
v -12.0 15.0 12.004208819816794
v -11.0 15.0 11.960690122991696
v -10.0 15.0 11.917967197295601
v -9.0 15.0 11.87734893219701
v -8.0 15.0 11.839940035432377
v -7.0 15.0 11.806551519000351
v -6.0 15.0 11.777612540812243
v -5.0 15.0 11.753090125436966
v -4.0 15.0 11.732423628492617
v -3.0 15.0 11.714480656163373
v -2.0 15.0 11.697540446639813
v -1.0 15.0 11.679309449401671
v 0.0 15.0 11.656972038106472
v 1.0 15.0 11.627277055807822
v 2.0 15.0 11.586658363109319
v 3.0 15.0 11.531384931203505
v 4.0 15.0 11.457733512771545
v 5.0 15.0 11.362174764071911
v 6.0 15.0 11.241562096856734
v 7.0 15.0 11.093311686690065
v 8.0 15.0 10.915562073012616
v 9.0 15.0 10.707302698501435
v 10.0 15.0 10.46846250943027
v 11.0 15.0 10.199952249986598
v 12.0 15.0 9.903657133772802
v 13.0 15.0 9.582379912462894
v 14.0 15.0 9.239737702988615
v 15.0 15.0 8.88001899835599
v 16.0 15.0 8.508009819203886
v 17.0 15.0 8.128799763198174
v 18.0 15.0 7.747579649778154
v 19.0 15.0 7.369442494443863
v 20.0 15.0 6.9991987199105035
v 21.0 15.0 6.641214937533304
v 22.0 15.0 6.299283488187852
v 23.0 15.0 5.976527432868246
v 24.0 15.0 5.675343059956998
v 25.0 15.0 5.397379449715618
v 26.0 15.0 5.143552398601032
v 27.0 15.0 4.914088202788608
v 28.0 15.0 4.708591523564665
v 29.0 15.0 4.526130841918513
v 30.0 15.0 4.365334837471649
v 31.0 15.0 4.224493335260511
v 32.0 15.0 4.101657158108574
v 33.0 15.0 3.994732189185295
v 34.0 15.0 3.9015640706711356
v 35.0 15.0 3.8200111288811747
v 36.0 15.0 3.7480042283614887
v 37.0 15.0 3.6835932438596304
v 38.0 15.0 3.624980650692315
v 39.0 15.0 3.5705433460976512
v 40.0 15.0 3.5188442234186637
v 41.0 15.0 3.4686352414858894
v 42.0 15.0 3.418853789701131
v 43.0 15.0 3.3686140785915493
v 44.0 15.0 3.3171951220436124
v 45.0 15.0 3.264026655804997
v 46.0 15.0 3.208674087894988
v 47.0 15.0 3.1508233253172673
v 48.0 15.0 3.090266086536555
v 49.0 15.0 3.026886102852521
v -50.0 16.0 5.873138250811119
v -49.0 16.0 6.180133344085268
v -48.0 16.0 6.495822051841341
v -47.0 16.0 6.8184869114867706
v -46.0 16.0 7.146195786900148
v -45.0 16.0 7.476843642122178
v -44.0 16.0 7.808202782696006
v -43.0 16.0 8.137979427033644
v -42.0 16.0 8.463873975273076
v -41.0 16.0 8.78364200996911
v -40.0 16.0 9.095152927606179
v -39.0 16.0 9.396443182617057
v -38.0 16.0 9.685761428174407
v -37.0 16.0 9.961603342970337
v -36.0 16.0 10.222734604725897
v -35.0 16.0 10.468201258265664
v -34.0 16.0 10.697327567070985
v -33.0 16.0 10.909702265897478
v -32.0 16.0 11.105154883305348
v -31.0 16.0 11.283724419114547
v -30.0 16.0 11.445623097480167
v -29.0 16.0 11.591198141951033
v -28.0 16.0 11.720894522599256
v -27.0 16.0 11.835221412687304
v -26.0 16.0 11.934724684729096
v -25.0 16.0 12.019967207261521
v -24.0 16.0 12.091518017095813
v -23.0 16.0 12.149950685014302
v -22.0 16.0 12.195850414693169
v -21.0 16.0 12.22982866211633
v -20.0 16.0 12.252543379150017
v -19.0 16.0 12.26472240874185
v -18.0 16.0 12.26718712388389
v -17.0 16.0 12.260873136787517
v -16.0 16.0 12.24684483286334
v -15.0 16.0 12.226300625457496
v -14.0 16.0 12.200566195282804
v -13.0 16.0 12.17107357843654
v -12.0 16.0 12.139324793057556
v -11.0 16.0 12.106839726657954
v -10.0 16.0 12.075089205555628
v -9.0 16.0 12.045415475735803
v -8.0 16.0 12.018943660870292
v -7.0 16.0 11.996489028978802
v -6.0 16.0 11.978465981167473
v -5.0 16.0 11.964805455230513
v -4.0 16.0 11.954887800461982
v -3.0 16.0 11.947498033394378
v -2.0 16.0 11.94080966542081
v -1.0 16.0 11.93240198528356
v 0.0 16.0 11.919313819175734
v 1.0 16.0 11.898134473885563
v 2.0 16.0 11.865129945303106
v 3.0 16.0 11.816399744029425
v 4.0 16.0 11.748057081385644
v 5.0 16.0 11.656422912506622
v 6.0 16.0 11.538222673676227
v 7.0 16.0 11.390773664372963
v 8.0 16.0 11.212151034410343
v 9.0 16.0 11.001321287939291
v 10.0 16.0 10.758234066019309
v 11.0 16.0 10.483865587977931
v 12.0 16.0 10.18021031241048
v 13.0 16.0 9.850220858047178
v 14.0 16.0 9.497699708855123
v 15.0 16.0 9.127149422076174
v 16.0 16.0 8.74359069735477
v 17.0 16.0 8.35235954066004
v 18.0 16.0 7.958895735289046
v 19.0 16.0 7.568534867764482
v 20.0 16.0 7.186315290926261
v 21.0 16.0 6.816809761572409
v 22.0 16.0 6.463989250168923
v 23.0 16.0 6.131123810480648
v 24.0 16.0 5.820722657896354
v 25.0 16.0 5.534512967714185
v 26.0 16.0 5.273454568649572
v 27.0 16.0 5.037785824956766
v 28.0 16.0 4.82709466857221
v 29.0 16.0 4.640407996933519
v 30.0 16.0 4.47629247348079
v 31.0 16.0 4.3329600909175925
v 32.0 16.0 4.20837258313774
v 33.0 16.0 4.100339782083381
v 34.0 16.0 4.00660818727171
v 35.0 16.0 3.9249372320424443
v 36.0 16.0 3.8531618921493758
v 37.0 16.0 3.7892413124147057
v 38.0 16.0 3.7312939746555505
v 39.0 16.0 3.677620569119037
v 40.0 16.0 3.6267161588662136
v 41.0 16.0 3.577273456642556
v 42.0 16.0 3.5281790943068256
v 43.0 16.0 3.478504690882847
v 44.0 16.0 3.427494354399766
v 45.0 16.0 3.37455002120745
v 46.0 16.0 3.3192157764934325
v 47.0 16.0 3.26116203741868
v 48.0 16.0 3.200170235062542
v 49.0 16.0 3.1361184160472457
v -50.0 17.0 5.848259354205746
v -49.0 17.0 6.143518136170068
v -48.0 17.0 6.4472046749394405
v -47.0 17.0 6.757803970887912
v -46.0 17.0 7.073604682099473
v -45.0 17.0 7.392734703678982
v -44.0 17.0 7.7132042262904195
v -43.0 17.0 8.032954454307614
v -42.0 17.0 8.34990973312666
v -41.0 17.0 8.66203054240807
v -40.0 17.0 8.967364688496628
v -39.0 17.0 9.264094092843587
v -38.0 17.0 9.550574826015058
v -37.0 17.0 9.82536846433246
v -36.0 17.0 10.087263418208266
v -35.0 17.0 10.335285554549385
v -34.0 17.0 10.56869815775374
v -33.0 17.0 10.786991988064692
v -32.0 17.0 10.989866846555199
v -31.0 17.0 11.17720659293754
v -30.0 17.0 11.349049946094008
v -29.0 17.0 11.505559601288079
v -28.0 17.0 11.646992210793252
v -27.0 17.0 11.773671599267914
v -26.0 17.0 11.885967238057843
v -25.0 17.0 11.98427951105999
v -24.0 17.0 12.06903270397771
v -23.0 17.0 12.14067597848578
v -22.0 17.0 12.19969189445365
v -21.0 17.0 12.246611357848488
v -20.0 17.0 12.282033238156217
v -19.0 17.0 12.30664635333943
v -18.0 17.0 12.321251095915505
v -17.0 17.0 12.32677770138142
v -16.0 17.0 12.324298067754402
v -15.0 17.0 12.315028146599824
v -14.0 17.0 12.300318260364339
v -13.0 17.0 12.281629268789157
v -12.0 17.0 12.260493307586708
v -11.0 17.0 12.238458838600202
v -10.0 17.0 12.21702094595982
v -9.0 17.0 12.197539128709902
v -8.0 17.0 12.181146195526313
v -7.0 17.0 12.168653159233768
v -6.0 17.0 12.160456140319774
v -5.0 17.0 12.15645209552803
v -4.0 17.0 12.155970571295477
v -3.0 17.0 12.15772854289574
v -2.0 17.0 12.159814672840767
v -1.0 17.0 12.15970798704918
v 0.0 17.0 12.154334061295216
v 1.0 17.0 12.140159430783404
v 2.0 17.0 12.113322237959117
v 3.0 17.0 12.069794322408054
v 4.0 17.0 12.005567269086832
v 5.0 17.0 11.916852614987986
v 6.0 17.0 11.800284702748723
v 7.0 17.0 11.653113755014148
v 8.0 17.0 11.47337675388573
v 9.0 17.0 11.260034692289823
v 10.0 17.0 11.01306667458831
v 11.0 17.0 10.73351404815648
v 12.0 17.0 10.42347103278687
v 13.0 17.0 10.08602190854503
v 14.0 17.0 9.725128421312379
v 15.0 17.0 9.34547436425303
v 16.0 17.0 8.952277018847326
v 17.0 17.0 8.551077074891651
v 18.0 17.0 8.147519657438037
v 19.0 17.0 7.7471391224312125
v 20.0 17.0 7.355159385280751
v 21.0 17.0 6.976319843565424
v 22.0 17.0 6.614734637351011
v 23.0 17.0 6.273790290948492
v 24.0 17.0 5.9560839469535045
v 25.0 17.0 5.663401675922951
v 26.0 17.0 5.396733929766241
v 27.0 17.0 5.156323261633837
v 28.0 17.0 4.941738058724017
v 29.0 17.0 4.751965264498865
v 30.0 17.0 4.585514883445477
v 31.0 17.0 4.440529397033607
v 32.0 17.0 4.314891971494628
v 33.0 17.0 4.206328384151838
v 34.0 17.0 4.112498807588498
v 35.0 17.0 4.031076849677114
v 36.0 17.0 3.959814449409043
v 37.0 17.0 3.8965922942070996
v 38.0 17.0 3.839456301115013
v 39.0 17.0 3.7866413652202495
v 40.0 17.0 3.736584020439137
v 41.0 17.0 3.6879258956314898
v 42.0 17.0 3.6395099114357645
v 43.0 17.0 3.590371086477522
v 44.0 17.0 3.5397236446679945
v 45.0 17.0 3.486945875750384
v 46.0 17.0 3.4315639322798432
v 47.0 17.0 3.373235474872506
v 48.0 17.0 3.3117338239264758
v 49.0 17.0 3.2469330533628287
v -50.0 18.0 5.829680566263623
v -49.0 18.0 6.1139035906478165
v -48.0 18.0 6.406274788535636
v -47.0 18.0 6.705463313597338
v -46.0 18.0 7.009959117866498
v -45.0 18.0 7.31810297533544
v -44.0 18.0 7.628123084220778
v -43.0 18.0 7.938176713207805
v -42.0 18.0 8.246394983985631
v -41.0 18.0 8.550928626116832
v -40.0 18.0 8.849992427653973
v -39.0 18.0 9.141906151548474
v -38.0 18.0 9.4251298960975
v -37.0 18.0 9.698292235694437
v -36.0 18.0 9.960209960909422
v -35.0 18.0 10.209898808132104
v -34.0 18.0 10.446575184427235
v -33.0 18.0 10.66964950479272
v -32.0 18.0 10.878712319116891
v -31.0 18.0 11.073514872011677
v -30.0 18.0 11.253946075880274
v -29.0 18.0 11.420008062471247
v -28.0 18.0 11.571792499385397
v -27.0 18.0 11.709459716405718
v -26.0 18.0 11.83322239416235
v -25.0 18.0 11.94333514582695
v -24.0 18.0 12.040090799414102
v -23.0 18.0 12.123823596397653
v -22.0 18.0 12.194918896485385
v -21.0 18.0 12.253828353871265
v -20.0 18.0 12.301088942028636
v -19.0 18.0 12.3373436862324
v -18.0 18.0 12.36336154874077
v -17.0 18.0 12.380053633230904
v -16.0 18.0 12.388482763580363
v -15.0 18.0 12.389863575720103
v -14.0 18.0 12.38555056351884
v -13.0 18.0 12.37701205584481
v -12.0 18.0 12.365788875214365
v -11.0 18.0 12.353437425207831
v -10.0 18.0 12.34145813974293
v -9.0 18.0 12.331211544318691
v -8.0 18.0 12.323825545092786
v -7.0 18.0 12.320098871641632
v -6.0 18.0 12.3204067325892
v -5.0 18.0 12.32461557194137
v -4.0 18.0 12.332014215057319
v -3.0 18.0 12.341268563367752
v -2.0 18.0 12.350406267193746
v -1.0 18.0 12.356836455050711
v 0.0 18.0 12.357407662019023
v 1.0 18.0 12.348504677729794
v 2.0 18.0 12.326182284873315
v 3.0 18.0 12.28633099091476
v 4.0 18.0 12.224867111587425
v 5.0 18.0 12.137937198547812
v 6.0 18.0 12.022125054193522
v 7.0 18.0 11.874648641345502
v 8.0 18.0 11.693534206050073
v 9.0 18.0 11.477755936424515
v 10.0 18.0 11.227331434541192
v 11.0 18.0 10.943366044825499
v 12.0 18.0 10.628042443258595
v 13.0 18.0 10.28455556835933
v 14.0 18.0 9.916996656492781
v 15.0 18.0 9.530193518816024
v 16.0 18.0 9.129516984594476
v 17.0 18.0 8.720665414486291
v 18.0 18.0 8.309440216890241
v 19.0 18.0 7.901525331875977
v 20.0 18.0 7.5022827251529804
v 21.0 18.0 7.1165741878666315
v 22.0 18.0 6.748617362249823
v 23.0 18.0 6.401881146719043
v 24.0 18.0 6.079022731537648
v 25.0 18.0 5.781865722298791
v 26.0 18.0 5.511416334901316
v 27.0 18.0 5.267912653959657
v 28.0 18.0 5.050900537984077
v 29.0 18.0 4.859328967511865
v 30.0 18.0 4.691657446225514
v 31.0 18.0 4.545968410510119
v 32.0 18.0 4.420078374881801
v 33.0 18.0 4.311642613876289
v 34.0 18.0 4.218249424468703
v 35.0 18.0 4.137501303657771
v 36.0 18.0 4.067081607955119
v 37.0 18.0 4.004806353884956
v 38.0 18.0 3.9486617170859435
v 39.0 18.0 3.896828464875135
v 40.0 18.0 3.847695009694283
v 41.0 18.0 3.7998610143816185
v 42.0 18.0 3.7521335439551353
v 43.0 18.0 3.7035176797336797
v 44.0 18.0 3.6532033301098368
v 45.0 18.0 3.600549726643286
v 46.0 18.0 3.5450688184067163
v 47.0 18.0 3.486408499394477
v 48.0 18.0 3.4243363438896512
v 49.0 18.0 3.3587242965604927
v -50.0 19.0 5.817237719226837
v -49.0 19.0 6.091132560477943
v -48.0 19.0 6.372882978281091
v -47.0 19.0 6.661323906063335
v -46.0 19.0 6.955126999339404
v -45.0 19.0 7.252825738119412
v -44.0 19.0 7.552846295431131
v -43.0 19.0 7.853542889338438
v -42.0 19.0 8.153236014464586
v -41.0 19.0 8.450251725454017
v -40.0 19.0 8.742960042109747
v -39.0 19.0 9.029810577781562
v -38.0 19.0 9.309363661441777
v -37.0 19.0 9.580315520444838
v -36.0 19.0 9.841516494646545
v -35.0 19.0 10.091981733251606
v -34.0 19.0 10.330894346534068
v -33.0 19.0 10.55760150504603
v -32.0 19.0 10.771604458894368
v -31.0 19.0 10.972543852607084
v -30.0 19.0 11.16018200716737
v -29.0 19.0 11.334384008895984
v -28.0 19.0 11.495099473872655
v -27.0 19.0 11.642346745412537
v -26.0 19.0 11.77620103891482
v -25.0 19.0 11.896787689140657
v -24.0 19.0 12.004281201621513
v -23.0 19.0 12.098910288598333
v -22.0 19.0 12.180968509439166
v -21.0 19.0 12.250829566225685
v -20.0 19.0 12.308965758459621
v -19.0 19.0 12.355967608745463
v -18.0 19.0 12.392562266781312
v -17.0 19.0 12.419628015584932
v -16.0 19.0 12.438202075050183
v -15.0 19.0 12.449478955440227
v -14.0 19.0 12.454796884707172
v -13.0 19.0 12.455610337952841
v -12.0 19.0 12.453447441693202
v -11.0 19.0 12.449851999233857
v -10.0 19.0 12.44631105401187
v -9.0 19.0 12.444170218043329
v -8.0 19.0 12.44454035996694
v -7.0 19.0 12.448200565760922
v -6.0 19.0 12.455503431945402
v -5.0 19.0 12.466289595143499
v -4.0 19.0 12.479818817358662
v -3.0 19.0 12.494724826958352
v -2.0 19.0 12.509000389676531
v -1.0 19.0 12.520017729020816
v 0.0 19.0 12.524587467029422
v 1.0 19.0 12.51905681345669
v 2.0 19.0 12.499444954410972
v 3.0 19.0 12.461610691849925
v 4.0 19.0 12.40144460917076
v 5.0 19.0 12.315075642922908
v 6.0 19.0 12.199080168918016
v 7.0 19.0 12.050680763131421
v 8.0 19.0 11.867921807794806
v 9.0 19.0 11.649810130289845
v 10.0 19.0 11.39641084185152
v 11.0 19.0 11.108891346006915
v 12.0 19.0 10.789509892132791
v 13.0 19.0 10.441548775212295
v 14.0 19.0 10.06919601347178
v 15.0 19.0 9.677382754973351
v 16.0 19.0 9.271586487906664
v 17.0 19.0 8.857612132899492
v 18.0 19.0 8.441364136354913
v 19.0 19.0 8.02862271226305
v 20.0 19.0 7.624836441423539
v 21.0 19.0 7.234941662364238
v 22.0 19.0 6.863216675866288
v 23.0 19.0 6.513175976833197
v 24.0 19.0 6.187506781661047
v 25.0 19.0 5.888047284469435
v 26.0 19.0 5.615803566295834
v 27.0 19.0 5.371000061500089
v 28.0 19.0 5.153157057851654
v 29.0 19.0 4.961187909861795
v 30.0 19.0 4.793508458028252
v 31.0 19.0 4.648151499198307
v 32.0 19.0 4.5228799385828795
v 33.0 19.0 4.415293344748841
v 34.0 19.0 4.322923892329454
v 35.0 19.0 4.2433189881156474
v 36.0 19.0 4.174109127508861
v 37.0 19.0 4.11306063753957
v 38.0 19.0 4.058113874866505
v 39.0 19.0 4.007408134657435
v 40.0 19.0 3.9592949855136714
v 41.0 19.0 3.9123419925854908
v 42.0 19.0 3.865328855472525
v 43.0 19.0 3.8172379071835114
v 44.0 19.0 3.767240735923994
v 45.0 19.0 3.714682441909777
v 46.0 19.0 3.6590647613370155
v 47.0 19.0 3.6000290072075267
v 48.0 19.0 3.5373395128147376
v 49.0 19.0 3.470868032125026
v -50.0 20.0 5.810563316859011
v -49.0 20.0 6.074822880337334
v -48.0 20.0 6.346633118732889
v -47.0 20.0 6.624976751368472
v -46.0 20.0 6.908687932947494
v -45.0 20.0 7.19647305014533
v -44.0 20.0 7.486936557721231
v -43.0 20.0 7.778610791767808
v -42.0 20.0 8.069988421923863
v -41.0 20.0 8.359556009777918
v -40.0 20.0 8.645827046991654
v -39.0 20.0 8.927372865790586
v -38.0 20.0 9.202849949046687
v -37.0 20.0 9.4710224100091
v -36.0 20.0 9.730778746193602
v -35.0 20.0 9.98114237334775
v -34.0 20.0 10.221275883247872
v -33.0 20.0 10.450479409739756
v -32.0 20.0 10.668183897169376
v -31.0 20.0 10.873940413174985
v -30.0 20.0 11.067406907928744
v -29.0 20.0 11.24833397549418
v -28.0 20.0 11.416551209115754
v -27.0 20.0 11.571955658195002
v -26.0 20.0 11.714503695213633
v -25.0 20.0 11.844207297240194
v -24.0 20.0 11.961135355449883
v -23.0 20.0 12.065420167837303
v -22.0 20.0 12.157268768545928
v -21.0 20.0 12.236978227891543
v -20.0 20.0 12.30495354828541
v -19.0 20.0 12.361726313111632
v -18.0 20.0 12.407971850649961
v -17.0 20.0 12.444522387776399
v -16.0 20.0 12.472373523848383
v -15.0 20.0 12.492681388439518
v -14.0 20.0 12.506748088099172
v -13.0 20.0 12.51599351978934
v -12.0 20.0 12.521912342000872
v -11.0 20.0 12.526015840789364
v -10.0 20.0 12.529759576665864
v -9.0 20.0 12.53445899344061
v -8.0 20.0 12.541196529451108
v -7.0 20.0 12.550725088895568
v -6.0 20.0 12.56337388213729
v -5.0 20.0 12.578963496545054
v -4.0 20.0 12.596737486041732
v -3.0 20.0 12.615317659972861
v -2.0 20.0 12.63268953705914
v -1.0 20.0 12.646223083775638
v 0.0 20.0 12.652731913334152
v 1.0 20.0 12.64857168023308
v 2.0 20.0 12.629775626462493
v 3.0 20.0 12.592222331169944
v 4.0 20.0 12.531827932943678
v 5.0 20.0 12.444752691632608
v 6.0 20.0 12.327609978647663
v 7.0 20.0 12.177664832641515
v 8.0 20.0 11.99300922634682
v 9.0 20.0 11.772702210080245
v 10.0 20.0 11.516865083096462
v 11.0 20.0 11.22672455655901
v 12.0 20.0 10.904600289578797
v 13.0 20.0 10.553836919071568
v 14.0 20.0 10.178684448370687
v 15.0 20.0 9.784134291047375
v 16.0 20.0 9.375721099399083
v 17.0 20.0 8.959302516162635
v 18.0 20.0 8.540830029753213
v 19.0 20.0 8.126124138181067
v 20.0 20.0 7.72066608034173
v 21.0 20.0 7.329416607141749
v 22.0 20.0 6.956669838374063
v 23.0 20.0 6.605947427577155
v 24.0 20.0 6.279935296009225
v 25.0 20.0 5.980462347776692
v 26.0 20.0 5.708518056881122
v 27.0 20.0 5.4643037881121295
v 28.0 20.0 5.2473112804245
v 29.0 20.0 5.056420922560874
v 30.0 20.0 4.890012265137479
v 31.0 20.0 4.746079570129643
v 32.0 20.0 4.622345990365857
v 33.0 20.0 4.5163710701868185
v 34.0 20.0 4.425647530234453
v 35.0 20.0 4.347684618596682
v 36.0 20.0 4.280076569548858
v 37.0 20.0 4.220555826981608
v 38.0 20.0 4.167031607102195
v 39.0 20.0 4.117615066320987
v 40.0 20.0 4.0706328019150195
v 41.0 20.0 4.024630661181646
v 42.0 20.0 3.97836989930438
v 43.0 20.0 3.9308176450707255
v 44.0 20.0 3.8811334477458628
v 45.0 20.0 3.828653427179386
v 46.0 20.0 3.772873267382181
v 47.0 20.0 3.713431009653193
v 48.0 20.0 3.6500903358843275
v 49.0 20.0 3.5827247997829756
v -50.0 21.0 5.809129657936642
v -49.0 21.0 6.064415146518727
v -48.0 21.0 6.326934844590599
v -47.0 21.0 6.595802000976321
v -46.0 21.0 6.869994835581511
v -45.0 21.0 7.148373614323142
v -44.0 21.0 7.4297021191619095
v -43.0 21.0 7.71267264089114
v -42.0 21.0 7.995933386379864
v -41.0 21.0 8.278117022807447
v -40.0 21.0 8.557868995831036
v -39.0 21.0 8.833874266988301
v -38.0 21.0 9.104881220723048
v -37.0 21.0 9.369721687857055
v -36.0 21.0 9.627326306908133
v -35.0 21.0 9.876734777414423
v -34.0 21.0 10.11710092541889
v -33.0 21.0 10.347692872760861
v -32.0 21.0 10.567888950699302
v -31.0 21.0 10.777170298481067
v -30.0 21.0 10.975111316519849
v -29.0 21.0 11.161369285009977
v -28.0 21.0 11.335674501425913
v -27.0 21.0 11.497822230242877
v -26.0 21.0 11.64766759724231
v -25.0 21.0 11.785124306234671
v -24.0 21.0 11.910167719812058
v -23.0 21.0 12.022842443514822
v -22.0 21.0 12.123274103514282
v -21.0 21.0 12.21168453358829
v -20.0 21.0 12.288409112928765
v -19.0 21.0 12.353914550619885
v -18.0 21.0 12.408815027313375
v -17.0 21.0 12.45388431460202
v -16.0 21.0 12.490061334692166
v -15.0 21.0 12.518446633848106
v -14.0 21.0 12.540287455914672
v -13.0 21.0 12.556949542412518
v -12.0 21.0 12.569874465756557
v -11.0 21.0 12.580522216434604
v -10.0 21.0 12.590299885034185
v -9.0 21.0 12.600478551342897
v -8.0 21.0 12.612101834115684
v -7.0 21.0 12.62589086088169
v -6.0 21.0 12.642151563445088
v -5.0 21.0 12.660691059068203
v -4.0 21.0 12.6807503116287
v -3.0 21.0 12.700960172567726
v -2.0 21.0 12.719327204205774
v -1.0 21.0 12.733254362678512
v 0.0 21.0 12.73959969799294
v 1.0 21.0 12.734773811946743
v 2.0 21.0 12.71487405992359
v 3.0 21.0 12.675850600770302
v 4.0 21.0 12.613696635804313
v 5.0 21.0 12.524652791089714
v 6.0 21.0 12.40541382934411
v 7.0 21.0 12.253324930201124
v 8.0 21.0 12.06655478476605
v 9.0 21.0 11.844233762503853
v 10.0 21.0 11.586547381146797
v 11.0 21.0 11.29477810540897
v 12.0 21.0 10.971291897323328
v 13.0 21.0 10.619469657998685
v 14.0 21.0 10.243587422405984
v 15.0 21.0 9.84865257946404
v 16.0 21.0 9.440206204760296
v 17.0 21.0 9.024103588410439
v 18.0 21.0 8.60628607311358
v 19.0 21.0 8.192557338150936
v 20.0 21.0 7.788376319358645
v 21.0 21.0 7.3986771739872355
v 22.0 21.0 7.027724281471481
v 23.0 21.0 6.679007458615286
v 24.0 21.0 6.355179619117681
v 25.0 21.0 6.058036271043965
v 26.0 21.0 5.788533736585377
v 27.0 21.0 5.546840960069548
v 28.0 21.0 5.332418345229937
v 29.0 21.0 5.144116269783007
v 30.0 21.0 4.980285743269332
v 31.0 21.0 4.838894031988906
v 32.0 21.0 4.717638865725776
v 33.0 21.0 4.6140559371773335
v 34.0 21.0 4.5256156734528545
v 35.0 21.0 4.449806574357259
v 36.0 21.0 4.384203667163689
v 37.0 21.0 4.326521739633847
v 38.0 21.0 4.274653927240008
v 39.0 21.0 4.226696919213994
v 40.0 21.0 4.180964507792725
v 41.0 21.0 4.135991451922841
v 42.0 21.0 4.09052969060982
v 43.0 21.0 4.0435388599669455
v 44.0 21.0 3.9941728825522103
v 45.0 21.0 3.941764147014654
v 46.0 21.0 3.885806515067369
v 47.0 21.0 3.825938109559744
v 48.0 21.0 3.761924572881388
v 49.0 21.0 3.6936432528950687
v -50.0 22.0 5.812291788587487
v -49.0 22.0 6.059220299015973
v -48.0 22.0 6.31305579396897
v -47.0 22.0 6.573025804545156
v -46.0 22.0 6.838235243750969
v -45.0 22.0 7.10768030362457
v -44.0 22.0 7.380266180121491
v -43.0 22.0 7.65482791536528
v -42.0 22.0 7.930153445384629
v -41.0 22.0 8.205007794434364
v -40.0 22.0 8.47815727866281
v -39.0 22.0 8.748392581315407
v -38.0 22.0 9.01454964171405
v -37.0 22.0 9.275527457113006
v -36.0 22.0 9.530302119923247
v -35.0 22.0 9.777936686803953
v -34.0 22.0 10.017586780571824
v -33.0 22.0 10.248502138097193
v -32.0 22.0 10.470024614064458
v -31.0 22.0 10.681583409651552
v -30.0 22.0 10.882688497659032
v -29.0 22.0 11.072923346265322
v -28.0 22.0 11.251938092024032
v -27.0 22.0 11.419444273567054
v -26.0 22.0 11.57521211018902
v -25.0 22.0 11.719071097970797
v -24.0 22.0 11.85091440824868
v -23.0 22.0 11.97070722057438
v -22.0 22.0 12.078498719842731
v -21.0 22.0 12.174437053583315
v -20.0 22.0 12.258786103007907
v -19.0 22.0 12.331942497000934
v -18.0 22.0 12.394450922902323
v -17.0 22.0 12.447015496662804
v -16.0 22.0 12.490504785443157
v -15.0 22.0 12.52594806606162
v -14.0 22.0 12.554520587879285
v -13.0 22.0 12.57751601618184
v -12.0 22.0 12.596304876486784
v -11.0 22.0 12.612278697912958
v -10.0 22.0 12.626780638301671
v -9.0 22.0 12.64102461254608
v -8.0 22.0 12.656006259020632
v -7.0 22.0 12.672410363046435
v -6.0 22.0 12.690520488458716
v -5.0 22.0 12.710137417270595
v -4.0 22.0 12.730513435925829
v -3.0 22.0 12.750309426398873
v -2.0 22.0 12.7675810473612
v -1.0 22.0 12.779798998749493
v 0.0 22.0 12.78390648457055
v 1.0 22.0 12.776414618925797
v 2.0 22.0 12.753533815250355
v 3.0 22.0 12.711336366196557
v 4.0 22.0 12.64594270355831
v 5.0 22.0 12.553721478123078
v 6.0 22.0 12.431491857992361
v 7.0 22.0 12.276715509179999
v 8.0 22.0 12.087665727336862
v 9.0 22.0 11.86356218395725
v 10.0 22.0 11.604661691027218
v 11.0 22.0 11.31229813893902
v 12.0 22.0 10.988868106455737
v 13.0 22.0 10.637762300757375
v 14.0 22.0 10.263246649590082
v 15.0 22.0 9.870300224837989
v 16.0 22.0 9.464419947074312
v 17.0 22.0 9.051403982738066
v 18.0 22.0 8.63712675887706
v 19.0 22.0 8.22731853641536
v 20.0 22.0 7.827361546544073
v 21.0 22.0 7.442112935360619
v 22.0 22.0 7.075762375231022
v 23.0 22.0 6.731729426349327
v 24.0 22.0 6.412602823625324
v 25.0 22.0 6.120121067209191
v 26.0 22.0 5.855191221442537
v 27.0 22.0 5.617940838276252
v 28.0 22.0 5.407796518229929
v 29.0 22.0 5.223581842678412
v 30.0 22.0 5.063627234646681
v 31.0 22.0 4.9258846612938925
v 32.0 22.0 4.808040874219992
v 33.0 22.0 4.7076239676253975
v 34.0 22.0 4.622099287797827
v 35.0 22.0 4.5489520267144306
v 36.0 22.0 4.485755071901071
v 37.0 22.0 4.430221782641835
v 38.0 22.0 4.380244265027097
v 39.0 22.0 4.333918397926796
v 40.0 22.0 4.289557315478976
v 41.0 22.0 4.245695295014827
v 42.0 22.0 4.201084062042771
v 43.0 22.0 4.154683443450141
v 44.0 22.0 4.105648116669727
v 45.0 22.0 4.053311954950143
v 46.0 22.0 3.9971711912884684
v 47.0 22.0 3.936867343867588
v 48.0 22.0 3.8721705846613865
v 49.0 22.0 3.802964003843673
v -50.0 23.0 5.819328069068388
v -49.0 23.0 6.058464549733382
v -48.0 23.0 6.304170924104408
v -47.0 23.0 6.555773957169555
v -46.0 23.0 6.812489148276402
v -45.0 23.0 7.073431947771982
v -44.0 23.0 7.337632305139125
v -43.0 23.0 7.604051974528868
v -42.0 23.0 7.871603831670436
v -41.0 23.0 8.139172328226042
v -40.0 23.0 8.405634137810546
v -39.0 23.0 8.669878040053144
v -38.0 23.0 8.930823148165356
v -37.0 23.0 9.187434708999323
v -36.0 23.0 9.438736884727309
v -35.0 23.0 9.68382214955955
v -34.0 23.0 9.921857187228953
v -33.0 23.0 10.152085436926525
v -32.0 23.0 10.373826687815328
v -31.0 23.0 10.586474346709643
v -30.0 23.0 10.78949118345441
v -29.0 23.0 10.98240448036044
v -28.0 23.0 11.164801565641957
v -27.0 23.0 11.336326689842084
v -26.0 23.0 11.496680106175152
v -25.0 23.0 11.645620041650343
v -24.0 23.0 11.782968000336954
v -23.0 23.0 11.908617531202996
v -22.0 23.0 12.022546232238124
v -21.0 23.0 12.124830365681815
v -20.0 23.0 12.215661046231332
v -19.0 23.0 12.295360560147929
v -18.0 23.0 12.364397008333457
v -17.0 23.0 12.423395175449825
v -16.0 23.0 12.473141348017442
v -15.0 23.0 12.514579776038202
v -14.0 23.0 12.548798631215089
v -13.0 23.0 12.577003689143572
v -12.0 23.0 12.600478569182052
v -11.0 23.0 12.620531202317796
v -10.0 23.0 12.638427239728587
v -9.0 23.0 12.655312312442547
v -8.0 23.0 12.672126328324325
v -7.0 23.0 12.689514244994866
v -6.0 23.0 12.707738866234854
v -5.0 23.0 12.72660204606183
v -4.0 23.0 12.74538112387686
v -3.0 23.0 12.762787349063773
v -2.0 23.0 12.776952410788804
v -1.0 23.0 12.785447942035752
v 0.0 23.0 12.78534104667203
v 1.0 23.0 12.773286596848228
v 2.0 23.0 12.745654417273709
v 3.0 23.0 12.698686715219434
v 4.0 23.0 12.628678466751108
v 5.0 23.0 12.532171178756423
v 6.0 23.0 12.40614874699541
v 7.0 23.0 12.248223216755397
v 8.0 23.0 12.056798255115831
v 9.0 23.0 11.83119911122569
v 10.0 23.0 11.571759731375916
v 11.0 23.0 11.279860376673962
v 12.0 23.0 10.957912350988982
v 13.0 23.0 10.609290014440397
v 14.0 23.0 10.238213829928668
v 15.0 23.0 9.849591463022312
v 16.0 23.0 9.448826655194175
v 17.0 23.0 9.0416075011006
v 18.0 23.0 8.633686745033009
v 19.0 23.0 8.2306667225759
v 20.0 23.0 7.8378006548215495
v 21.0 23.0 7.459820280561627
v 22.0 23.0 7.100797478158122
v 23.0 23.0 6.764044816625747
v 24.0 23.0 6.452057133948942
v 25.0 23.0 6.166493508979786
v 26.0 23.0 5.908196578239085
v 27.0 23.0 5.6772442082042085
v 28.0 23.0 5.47302716575897
v 29.0 23.0 5.294345671263242
v 30.0 23.0 5.139517549495469
v 31.0 23.0 5.006491044894861
v 32.0 23.0 4.8929561357075855
v 33.0 23.0 4.7964492435812796
v 34.0 23.0 4.714447462375692
v 35.0 23.0 4.644449701563247
v 36.0 23.0 4.584043352148637
v 37.0 23.0 4.530956156969491
v 38.0 23.0 4.483093849668028
v 39.0 23.0 4.438564790980933
v 40.0 23.0 4.395693274124426
v 41.0 23.0 4.353023408584533
v 42.0 23.0 4.3093155524989655
v 43.0 23.0 4.263537184713169
v 44.0 23.0 4.214849927867919
v 45.0 23.0 4.16259419144277
v 46.0 23.0 4.106272632017866
v 47.0 23.0 4.0455333543508685
v 48.0 23.0 3.980153521408151
v 49.0 23.0 3.9100238175460156
v -50.0 24.0 5.8294766627419845
v -49.0 24.0 6.061329779732334
v -48.0 24.0 6.299406836210046
v -47.0 24.0 6.543120096597045
v -46.0 24.0 6.791780928563759
v -45.0 24.0 7.044608786340258
v -44.0 24.0 7.300743093802769
v -43.0 24.0 7.5592575665016986
v -42.0 24.0 7.819176365018788
v -41.0 24.0 8.079491360508934
v -40.0 24.0 8.339179727223
v -39.0 24.0 8.597221063188869
v -38.0 24.0 8.85261328201259
v -37.0 24.0 9.10438661454161
v -36.0 24.0 9.351615203168901
v -35.0 24.0 9.593425954232075
v -34.0 24.0 9.82900452256591
v -33.0 24.0 10.057598522032558
v -32.0 24.0 10.278518271100932
v -31.0 24.0 10.49113557780645
v -30.0 24.0 10.694881229426521
v -29.0 24.0 10.889241966657854
v -28.0 24.0 11.073757780168567
v -27.0 24.0 11.248020362081869
v -26.0 24.0 11.411673472079539
v -25.0 24.0 11.564415836183503
v -24.0 24.0 11.70600698771074
v -23.0 24.0 11.836276189497788
v -22.0 24.0 11.95513425304113
v -21.0 24.0 12.06258770675253
v -20.0 24.0 12.158754380054825
v -19.0 24.0 12.243879085953937
v -18.0 24.0 12.318347731029325
v -17.0 24.0 12.38269789261335
v -16.0 24.0 12.437623716129918
v -15.0 24.0 12.483972940228295
v -14.0 24.0 12.522733990198514
v -13.0 24.0 12.555011420911471
v -12.0 24.0 12.581988556640418
v -11.0 24.0 12.604876966410668
v -10.0 24.0 12.624853407494738
v -9.0 24.0 12.642986018342448
v -8.0 24.0 12.660152771365384
v -7.0 24.0 12.676956407368131
v -6.0 24.0 12.693641150646586
v -5.0 24.0 12.710017321586841
v -4.0 24.0 12.725400400122867
v -3.0 24.0 12.738571044381406
v -2.0 24.0 12.747761962235057
v -1.0 24.0 12.750676342712723
v 0.0 24.0 12.744540807934595
v 1.0 24.0 12.726193632952455
v 2.0 24.0 12.692206447036176
v 3.0 24.0 12.639034970909371
v 4.0 24.0 12.563191788586563
v 5.0 24.0 12.46143193977399
v 6.0 24.0 12.330940475976886
v 7.0 24.0 12.16951023852812
v 8.0 24.0 11.975698116193826
v 9.0 24.0 11.748948971506024
v 10.0 24.0 11.48967824827544
v 11.0 24.0 11.199306860175195
v 12.0 24.0 10.880245107255332
v 13.0 24.0 10.535825811736741
v 14.0 24.0 10.170190313393162
v 15.0 24.0 9.788134124282871
v 16.0 24.0 9.394921647847159
v 17.0 24.0 8.996081209737838
v 18.0 24.0 8.597192594447538
v 19.0 24.0 8.203679287260304
v 20.0 24.0 7.820616727825048
v 21.0 24.0 7.452566212106791
v 22.0 24.0 7.1034418189077195
v 23.0 24.0 6.776415111385743
v 24.0 24.0 6.473859614084338
v 25.0 24.0 6.197334423318903
v 26.0 24.0 5.9476039733949575
v 27.0 24.0 5.724689105480923
v 28.0 24.0 5.527943265233261
v 29.0 24.0 5.356146924969673
v 30.0 24.0 5.207613166111881
v 31.0 24.0 5.0802977011694
v 32.0 24.0 4.971907361501196
v 33.0 24.0 4.8800021080613964
v 34.0 24.0 4.802086812859473
v 35.0 24.0 4.735690291864863
v 36.0 24.0 4.678430245423539
v 37.0 24.0 4.628063802920122
v 38.0 24.0 4.582524223264166
v 39.0 24.0 4.539944946148098
v 40.0 24.0 4.4986726179331145
v 41.0 24.0 4.45727094567702
v 42.0 24.0 4.4145172913159785
v 43.0 24.0 4.369393840925296
v 44.0 24.0 4.321075009474731
v 45.0 24.0 4.268912506312302
v 46.0 24.0 4.212419223202583
v 47.0 24.0 4.151252841488852
v 48.0 24.0 4.085199807420465
v 49.0 24.0 4.014160107769238
v -50.0 25.0 5.84196679833887
v -49.0 25.0 6.0669881309433435
v -48.0 25.0 6.297879708449376
v -47.0 25.0 6.534126924466854
v -46.0 25.0 6.775123739626107
v -45.0 25.0 7.020179827191284
v -44.0 25.0 7.268530244534347
v -43.0 25.0 7.51934726256607
v -42.0 25.0 7.7717538596578235
v -41.0 25.0 8.024838289018096
v -40.0 25.0 8.277669067594056
v -39.0 25.0 8.529309716493074
v -38.0 25.0 8.778832610639991
v -37.0 25.0 9.025331368381105
v -36.0 25.0 9.267931325980923
v -35.0 25.0 9.505797790187609
v -34.0 25.0 9.738141934384155
v -33.0 25.0 9.96422438853436
v -32.0 25.0 10.183356757398318
v -31.0 25.0 10.394901472385929
v -30.0 25.0 10.598270527589023
v -29.0 25.0 10.79292375883553
v -28.0 25.0 10.978367386544015
v -27.0 25.0 11.15415355116772
v -26.0 25.0 11.319881518703975
v -25.0 25.0 11.47520112007033
v -24.0 25.0 11.61981881172774
v -23.0 25.0 11.753506508470423
v -22.0 25.0 11.87611304920672
v -21.0 25.0 11.987577823668435
v -20.0 25.0 12.087945728341296
v -19.0 25.0 12.177382255314104
v -18.0 25.0 12.256187175953366
v -17.0 25.0 12.324804995525094
v -16.0 25.0 12.3838301623392
v -15.0 25.0 12.43400495445715
v -14.0 25.0 12.476208075188564
v -13.0 25.0 12.51143229557924
v -12.0 25.0 12.540750006109002
v -11.0 25.0 12.565266282047107
v -10.0 25.0 12.586060006873437
v -9.0 25.0 12.60411469063716
v -8.0 25.0 12.620241794335964
v -7.0 25.0 12.635000533277857
v -6.0 25.0 12.648619170113
v -5.0 25.0 12.660923601184376
v -4.0 25.0 12.671279470475042
v -3.0 25.0 12.67855401289172
v -2.0 25.0 12.681103262918938
v -1.0 25.0 12.676789139357432
v 0.0 25.0 12.663029258488724
v 1.0 25.0 12.636880220634419
v 2.0 25.0 12.595152698449175
v 3.0 25.0 12.534554116200352
v 4.0 25.0 12.451852266392821
v 5.0 25.0 12.344051093328645
v 6.0 25.0 12.208568299933248
v 7.0 25.0 12.043403584867496
v 8.0 25.0 11.847286313119955
v 9.0 25.0 11.619792311021795
v 10.0 25.0 11.361421217775638
v 11.0 25.0 11.073628298167245
v 12.0 25.0 10.758807629398895
v 13.0 25.0 10.420226868143562
v 14.0 25.0 10.061917101371181
v 15.0 25.0 9.688524304705108
v 16.0 25.0 9.30513142152057
v 17.0 25.0 8.91706183480923
v 18.0 25.0 8.529675904923621
v 19.0 25.0 8.148172246055191
v 20.0 25.0 7.777404553623983
v 21.0 25.0 7.4217231909908445
v 22.0 25.0 7.084848574722322
v 23.0 25.0 6.769780879511574
v 24.0 25.0 6.478747947822996
v 25.0 25.0 6.213190757129062
v 26.0 25.0 5.9737835609066465
v 27.0 25.0 5.760484024323224
v 28.0 25.0 5.572607412867277
v 29.0 25.0 5.408918195897019
v 30.0 25.0 5.267732277638308
v 31.0 25.0 5.147023401513756
v 32.0 25.0 5.044527993590079
v 33.0 25.0 4.957843702766439
v 34.0 25.0 4.884518039675559
v 35.0 25.0 4.822124700817012
v 36.0 25.0 4.7683262931555594
v 37.0 25.0 4.720923173472182
v 38.0 25.0 4.677888937151312
v 39.0 25.0 4.637393708290093
v 40.0 25.0 4.5978167942420045
v 41.0 25.0 4.5577504876260875
v 42.0 25.0 4.515996854464334
v 43.0 25.0 4.471559272643653
v 44.0 25.0 4.42363031699501
v 45.0 25.0 4.3715773612354
v 46.0 25.0 4.314927013979361
v 47.0 25.0 4.253349251314939
v 48.0 25.0 4.186641870839221
v 49.0 25.0 4.114715683913616
v -50.0 26.0 5.856044178223341
v -49.0 26.0 6.074630096302322
v -48.0 26.0 6.298726071959114
v -47.0 26.0 6.527879618531949
v -46.0 26.0 6.761555453321049
v -45.0 26.0 6.9991411501541805
v -44.0 26.0 7.23995499502717
v -43.0 26.0 7.483255752174354
v -42.0 26.0 7.728253940149262
v -41.0 26.0 7.974124131772992
v -40.0 26.0 8.220017735533412
v -39.0 26.0 8.465075694636056
v -38.0 26.0 8.708440556386112
v -37.0 26.0 8.949267419108548
v -36.0 26.0 9.186733353739523
v -35.0 26.0 9.420045017241728
v -34.0 26.0 9.648444317543461
v -33.0 26.0 9.871212145493015
v -32.0 26.0 10.087670347981005
v -31.0 26.0 10.297182267073342
v -30.0 26.0 10.499152301987907
v -29.0 26.0 10.69302505389906
v -28.0 26.0 10.878284678698037
v -27.0 26.0 11.05445509208106
v -26.0 26.0 11.221101638344644
v -25.0 26.0 11.377834744586837
v -24.0 26.0 11.524315933511902
v -23.0 26.0 11.660266361493994
v -22.0 26.0 11.785477788411368
v -21.0 26.0 11.899825580962691
v -20.0 26.0 12.003283015999623
v -19.0 26.0 12.09593580508689
v -18.0 26.0 12.177995432398408
v -17.0 26.0 12.249809617174037
v -16.0 26.0 12.311868015516335
v -15.0 26.0 12.36480120227921
v -14.0 26.0 12.409371058393962
v -13.0 26.0 12.44645096215887
v -12.0 26.0 12.476994663475187
v -11.0 26.0 12.501993410071442
v -10.0 26.0 12.52242177595322
v -9.0 26.0 12.539173672396844
v -8.0 26.0 12.552991133969773
v -7.0 26.0 12.564389577036863
v -6.0 26.0 12.57358421958277
v -5.0 26.0 12.580423113921691
v -4.0 26.0 12.584332665628157
v -3.0 26.0 12.58428149620237
v -2.0 26.0 12.578767986172386
v -1.0 26.0 12.56583578346742
v 0.0 26.0 12.543120003291621
v 1.0 26.0 12.507924859391334
v 2.0 26.0 12.457331184578527
v 3.0 26.0 12.388329897535499
v 4.0 26.0 12.297975160595522
v 5.0 26.0 12.183548967584233
v 6.0 26.0 12.04272740838504
v 7.0 26.0 11.873738049183142
v 8.0 26.0 11.675497860064521
v 9.0 26.0 11.447721958943001
v 10.0 26.0 11.190995086841385
v 11.0 26.0 10.906800068982859
v 12.0 26.0 10.597500363518623
v 13.0 26.0 10.266276917270678
v 14.0 26.0 9.9170226695089
v 15.0 26.0 9.554200903473598
v 16.0 26.0 9.182676000628831
v 17.0 26.0 8.807526814887611
v 18.0 26.0 8.43385373278101
v 19.0 26.0 8.066590479450284
v 20.0 26.0 7.710330908387825
v 21.0 26.0 7.36917948650657
v 22.0 26.0 7.046632124121433
v 23.0 26.0 6.7454916073197335
v 24.0 26.0 6.46781938731718
v 25.0 26.0 6.214923078214302
v 26.0 26.0 5.987376892953678
v 27.0 26.0 5.785070545673716
v 28.0 26.0 5.607280953372744
v 29.0 26.0 5.452760412759261
v 30.0 26.0 5.3198347905841
v 31.0 26.0 5.206505586608589
v 32.0 26.0 5.110550416083447
v 33.0 26.0 5.029617404194578
v 34.0 26.0 4.961310074856005
v 35.0 26.0 4.903260443765491
v 36.0 26.0 4.853189099556436
v 37.0 26.0 4.80895200708081
v 38.0 26.0 4.7685745468499325
v 39.0 26.0 4.7302738912103885
v 40.0 26.0 4.692471208383699
v 41.0 26.0 4.653795394073752
v 42.0 26.0 4.613080082700423
v 43.0 26.0 4.569355619008993
v 44.0 26.0 4.521837510726304
v 45.0 26.0 4.469912667667465
v 46.0 26.0 4.413124491873032
v 47.0 26.0 4.351157641051713
v 48.0 26.0 4.2838230616736315
v 49.0 26.0 4.211043690237663
v -50.0 27.0 5.870990371748492
v -49.0 27.0 6.083485929585707
v -48.0 27.0 6.301126233594278
v -47.0 27.0 6.523511222569045
v -46.0 27.0 6.75016592461757
v -45.0 27.0 6.980544912397797
v -44.0 27.0 7.214038683366806
v -43.0 27.0 7.449981732539834
v -42.0 27.0 7.687661992318771
v -41.0 27.0 7.926331238250982
v -40.0 27.0 8.16521600745138
v -39.0 27.0 8.403528552716676
v -38.0 27.0 8.640477363019821
v -37.0 27.0 8.87527682083882
v -36.0 27.0 9.107155637104226
v -35.0 27.0 9.335363801703721
v -34.0 27.0 9.559177905773797
v -33.0 27.0 9.777904824174396
v -32.0 27.0 9.99088388417798
v -31.0 27.0 10.19748778041453
v -30.0 27.0 10.397122617136732
v -29.0 27.0 10.589227557651885
v -28.0 27.0 10.773274628492123
v -27.0 27.0 10.94876925448988
v -26.0 27.0 11.115252083393884
v -25.0 27.0 11.272302589495988
v -24.0 27.0 11.419544821465642
v -23.0 27.0 11.556655479464418
v -22.0 27.0 11.683374273468964
v -21.0 27.0 11.799516235890152
v -20.0 27.0 11.90498534972324
v -19.0 27.0 11.999788527280133
v -18.0 27.0 12.084048658908591
v -17.0 27.0 12.158015176551672
v -16.0 27.0 12.222070378411717
v -15.0 27.0 12.276729675136666
v -14.0 27.0 12.322633980114372
v -13.0 27.0 12.360532706107783
v -12.0 27.0 12.391256266407717
v -11.0 27.0 12.415677614217584
v -10.0 27.0 12.43466317265076
v -9.0 27.0 12.449014470424718
v -8.0 27.0 12.459402842600113
v -7.0 27.0 12.46630059763238
v -6.0 27.0 12.469912991258362
v -5.0 27.0 12.47011607566099
v -4.0 27.0 12.466405902580647
v -3.0 27.0 12.457864559867398
v -2.0 27.0 12.443148048063481
v -1.0 27.0 12.420500031501525
v 0.0 27.0 12.387794049062732
v 1.0 27.0 12.34260491665491
v 2.0 27.0 12.282307920152434
v 3.0 27.0 12.20420214985569
v 4.0 27.0 12.10565216014633
v 5.0 27.0 11.984240256045899
v 6.0 27.0 11.837920306066138
v 7.0 27.0 11.665163219591978
v 8.0 27.0 11.465084216215494
v 9.0 27.0 11.237542795859012
v 10.0 27.0 10.983207858946162
v 11.0 27.0 10.70358261724018
v 12.0 27.0 10.400986604305613
v 13.0 27.0 10.078495016654768
v 14.0 27.0 9.739838542607389
v 15.0 27.0 9.389269514878816
v 16.0 27.0 9.031402429011314
v 17.0 27.0 8.671038424865008
v 18.0 27.0 8.312984119321891
v 19.0 27.0 7.961875166420715
v 20.0 27.0 7.622014143079771
v 21.0 27.0 7.297230919284507
v 22.0 27.0 6.990771729856797
v 23.0 27.0 6.705220913993423
v 24.0 27.0 6.442456934907767
v 25.0 27.0 6.2036420329980855
v 26.0 27.0 5.989242872919003
v 27.0 27.0 5.7990779477908285
v 28.0 27.0 5.632386383523465
v 29.0 27.0 5.4879121726613755
v 30.0 27.0 5.363997742375887
v 31.0 27.0 5.258681067628366
v 32.0 27.0 5.169791191769326
v 33.0 27.0 5.095037910231807
v 34.0 27.0 5.032092401622325
v 35.0 27.0 4.978656653935488
v 36.0 27.0 4.932520545973107
v 37.0 27.0 4.89160633940456
v 38.0 27.0 4.854001071573517
v 39.0 27.0 4.8179778913549445
v 40.0 27.0 4.7820077477799465
v 41.0 27.0 4.744763037065959
v 42.0 27.0 4.705114862443278
v 43.0 27.0 4.662125493477343
v 44.0 27.0 4.6150374603554845
v 45.0 27.0 4.563260515494227
v 46.0 27.0 4.506357467752826
v 47.0 27.0 4.44402966619121
v 48.0 27.0 4.3761026974990855
v 49.0 27.0 4.302512674987437
v -50.0 28.0 5.886136420833365
v -49.0 28.0 6.092840626744283
v -48.0 28.0 6.304320622472392
v -47.0 28.0 6.520220316612161
v -46.0 28.0 6.740115911000805
v -45.0 28.0 6.963519408591925
v -44.0 28.0 7.189883807013901
v -43.0 28.0 7.418609792732264
v -42.0 28.0 7.649053670120929
v -41.0 28.0 7.880536192523619
v -40.0 28.0 8.112351914000406
v -39.0 28.0 8.343778655260872
v -38.0 28.0 8.574086678174748
v -37.0 28.0 8.802547191391648
v -36.0 28.0 9.028439864321639
v -35.0 28.0 9.251059105532544
v -34.0 28.0 9.46971896032804
v -33.0 28.0 9.683756595249399
v -32.0 28.0 9.892534457693005
v -31.0 28.0 10.09544131909849
v -30.0 28.0 10.291892522029983
v -29.0 28.0 10.48132984647499
v -28.0 28.0 10.663221480376743
v -27.0 28.0 10.83706261567856
v -26.0 28.0 11.00237718657244
v -25.0 28.0 11.158721214955184
v -24.0 28.0 11.305688124834374
v -23.0 28.0 11.442916230674758
v -22.0 28.0 11.57009839596647
v -21.0 28.0 11.686993603568297
v -20.0 28.0 11.793439889862636
v -19.0 28.0 11.88936778761607
v -18.0 28.0 11.974813120953472
v -17.0 28.0 12.049927728949754
v -16.0 28.0 12.114986495256147
v -15.0 28.0 12.170388965152942
v -14.0 28.0 12.216653872441576
v -13.0 28.0 12.25440510528732
v -12.0 28.0 12.284348031175979
v -11.0 28.0 12.307235680656637
v -10.0 28.0 12.323825043014132
v -9.0 28.0 12.334824618639011
v -8.0 28.0 12.340835344772426
v -7.0 28.0 12.34228798538465
v -6.0 28.0 12.339380958517072
v -5.0 28.0 12.332023263766732
v -4.0 28.0 12.319787568951455
v -3.0 28.0 12.301878532092099
v -2.0 28.0 12.277121011825484
v -1.0 28.0 12.243971931531654
v 0.0 28.0 12.200558229359167
v 1.0 28.0 12.144741615597107
v 2.0 28.0 12.074208884842125
v 3.0 28.0 11.986584447143933
v 4.0 28.0 11.879559730806056
v 5.0 28.0 11.75103236071356
v 6.0 28.0 11.599246710948314
v 7.0 28.0 11.422926719710816
v 8.0 28.0 11.221391840206307
v 9.0 28.0 10.994647722636875
v 10.0 28.0 10.743444649264886
v 11.0 28.0 10.4692987764879
v 12.0 28.0 10.174473713392995
v 13.0 28.0 9.861922677832533
v 14.0 28.0 9.535194186256584
v 15.0 28.0 9.198306718997891
v 16.0 28.0 8.85559984825776
v 17.0 28.0 8.511570755987021
v 18.0 28.0 8.170705797953184
v 19.0 28.0 7.837316752616532
v 20.0 28.0 7.515390663344434
v 21.0 28.0 7.20846083777416
v 22.0 28.0 6.919504756703779
v 23.0 28.0 6.65087254682611
v 24.0 28.0 6.404247479008486
v 25.0 28.0 6.180637850895575
v 26.0 28.0 5.980397758463016
v 27.0 28.0 5.803272776740523
v 28.0 28.0 5.648465530483031
v 29.0 28.0 5.514715568627919
v 30.0 28.0 5.40038784502236
v 31.0 28.0 5.303564398230537
v 32.0 28.0 5.222134434594974
v 33.0 28.0 5.153878855280307
v 34.0 28.0 5.096546230043729
v 35.0 28.0 5.047918214261007
v 36.0 28.0 5.005863351271774
v 37.0 28.0 4.968379037973798
v 38.0 28.0 4.93362211713422
v 39.0 28.0 4.8999290748776785
v 40.0 28.0 4.865827164195136
v 41.0 28.0 4.830037957582928
v 42.0 28.0 4.791474876842486
v 43.0 28.0 4.7492361843718065
v 44.0 28.0 4.702594778707808
v 45.0 28.0 4.6509859472018364
v 46.0 28.0 4.593994016600297
v 47.0 28.0 4.531338629125701
v 48.0 28.0 4.462861173093231
v 49.0 28.0 4.388511723442276
v -50.0 29.0 5.90087118208863
v -49.0 29.0 6.102043060359883
v -48.0 29.0 6.307619700159467
v -47.0 29.0 6.51728166558473
v -46.0 29.0 6.730648400345627
v -45.0 29.0 6.947280996421254
v -44.0 29.0 7.1666864423517955
v -43.0 29.0 7.388323202964236
v -42.0 29.0 7.611607911937726
v -41.0 29.0 7.835922898564026
v -40.0 29.0 8.060624225071232
v -39.0 29.0 8.285049884887341
v -38.0 29.0 8.508527808049621
v -37.0 29.0 8.730383339096775
v -36.0 29.0 8.94994589521412
v -35.0 29.0 9.166554576616706
v -34.0 29.0 9.379562584164574
v -33.0 29.0 9.588340396676166
v -32.0 29.0 9.792277766837651
v -31.0 29.0 9.99078470352112
v -30.0 29.0 10.183291712487987
v -29.0 29.0 10.36924965909326
v -28.0 29.0 10.548129687662907
v -27.0 29.0 10.719423674644512
v -26.0 29.0 10.882645698784044
v -25.0 29.0 11.037334974720938
v -24.0 29.0 11.183060611347585
v -23.0 29.0 11.319428420247885
v -22.0 29.0 11.446089813011325
v -21.0 29.0 11.562752593972812
v -20.0 29.0 11.669193186859152
v -19.0 29.0 11.76526954560685
v -18.0 29.0 11.850933712893406
v -17.0 29.0 11.926242731839302
v -16.0 29.0 11.991366418275714
v -15.0 29.0 12.046590396375157
v -14.0 29.0 12.092312821721663
v -13.0 29.0 12.129033390576916
v -12.0 29.0 12.157333580490988
v -11.0 29.0 12.177847590269383
v -10.0 29.0 12.191224134070346
v -9.0 29.0 12.198080062605047
v -8.0 29.0 12.198947680975184
v -7.0 29.0 12.194218535579182
v -6.0 29.0 12.184087265086097
v -5.0 29.0 12.168499758395482
v -4.0 29.0 12.147110243033673
v -3.0 29.0 12.11925196014163
v -2.0 29.0 12.083925709993212
v -1.0 29.0 12.03980975109896
v 0.0 29.0 11.985293323487584
v 1.0 29.0 11.918534504275422
v 2.0 29.0 11.837541295953924
v 3.0 29.0 11.740272936509278
v 4.0 29.0 11.624756572227549
v 5.0 29.0 11.48921282487443
v 6.0 29.0 11.332182581918154
v 7.0 29.0 11.152646680822771
v 8.0 29.0 10.950130140639898
v 9.0 29.0 10.724783253011186
v 10.0 29.0 10.477433152595218
v 11.0 29.0 10.209601351902652
v 12.0 29.0 9.92348499893915
v 13.0 29.0 9.621902106896922
v 14.0 29.0 9.30820349934134
v 15.0 29.0 8.986156496937223
v 16.0 29.0 8.659807249109596
v 17.0 29.0 8.33332993348266
v 18.0 29.0 8.010871710572225
v 19.0 29.0 7.696402298031066
v 20.0 29.0 7.393576349562146
v 21.0 29.0 7.105615578735799
v 22.0 29.0 6.835215893890626
v 23.0 29.0 6.584482873215756
v 24.0 29.0 6.354896886191143
v 25.0 29.0 6.147307228697115
v 26.0 29.0 5.961952930941057
v 27.0 29.0 5.798506531314493
v 28.0 29.0 5.656136154579564
v 29.0 29.0 5.533580714548608
v 30.0 29.0 5.429232963805072
v 31.0 29.0 5.34122538603255
v 32.0 29.0 5.267514495537896
v 33.0 29.0 5.2059598849428745
v 34.0 29.0 5.154395253609866
v 35.0 29.0 5.110689569611538
v 36.0 29.0 5.07279739307163
v 37.0 29.0 5.038798161823495
v 38.0 29.0 5.006924874082202
v 39.0 29.0 4.975583078625738
v 40.0 29.0 4.943361399029428
v 41.0 29.0 4.909034986432401
v 42.0 29.0 4.871563336264991
v 43.0 29.0 4.830083844945495
v 44.0 29.0 4.783902351231788
v 45.0 29.0 4.732481731050413
v 46.0 29.0 4.675429418338552
v 47.0 29.0 4.612484527293812
v 48.0 29.0 4.5435050679234
v 49.0 29.0 4.468455586414361
v -50.0 30.0 5.9146451331713585
v -49.0 30.0 6.110510074647948
v -48.0 30.0 6.310408322799589
v -47.0 30.0 6.51405081534247
v -46.0 30.0 6.721093395395176
v -45.0 30.0 6.931139011634937
v -44.0 30.0 7.143741220435818
v -43.0 30.0 7.358408870077688
v -42.0 30.0 7.574611785202116
v -41.0 30.0 7.791787215734103
v -40.0 30.0 8.009346772612089
v -39.0 30.0 8.22668354644448
v -38.0 30.0 8.443179097384634
v -37.0 30.0 8.65821001678893
v -36.0 30.0 8.87115379409951
v -35.0 30.0 9.081393775106545
v -34.0 30.0 9.288323068237762
v -33.0 30.0 9.491347340494725
v -32.0 30.0 9.689886539643666
v -31.0 30.0 9.883375678765846
v -30.0 30.0 10.071264916866303
v -29.0 30.0 10.253019257785517
v -28.0 30.0 10.428118261498303
v -27.0 30.0 10.596056209138064
v -26.0 30.0 10.756343178045695
v -25.0 30.0 10.908507458804408
v -24.0 30.0 11.052099676953825
v -23.0 30.0 11.186698864443894
v -22.0 30.0 11.311920559577118
v -21.0 30.0 11.427426802954205
v -20.0 30.0 11.53293764947482
v -19.0 30.0 11.628243546987733
v -18.0 30.0 11.71321766069617
v -17.0 30.0 11.787826974168839
v -16.0 30.0 11.852140802158226
v -15.0 30.0 11.90633523882734
v -14.0 30.0 11.950692068054947
v -13.0 30.0 11.985590806433496
v -12.0 30.0 12.011492852154129
v -11.0 30.0 12.028917179469403
v -10.0 30.0 12.038407638119352
v -9.0 30.0 12.040492660891339
v -8.0 30.0 12.035639002168294
v -7.0 30.0 12.024201960122236
v -6.0 30.0 12.006375295709395
v -5.0 30.0 11.982144666152728
v -4.0 30.0 11.951248753725654
v -3.0 30.0 11.913152318021423
v -2.0 30.0 11.867035078383564
v -1.0 30.0 11.81179962010198
v 0.0 30.0 11.746100428008475
v 1.0 30.0 11.66839473962953
v 2.0 30.0 11.57701427214014
v 3.0 30.0 11.470255141833627
v 4.0 30.0 11.346481613662476
v 5.0 30.0 11.204237852347404
v 6.0 30.0 11.04236074830077
v 7.0 30.0 10.860086288623215
v 8.0 30.0 10.657141922381944
v 9.0 30.0 10.433817964375848
v 10.0 30.0 10.191012267848034
v 11.0 30.0 9.93024409060445
v 12.0 30.0 9.653635145413842
v 13.0 30.0 9.363858090294844
v 14.0 30.0 9.064054982125928
v 15.0 30.0 8.757730291843158
v 16.0 30.0 8.448624784652928
v 17.0 30.0 8.140577764923009
v 18.0 30.0 7.837385784354049
v 19.0 30.0 7.542665883683303
v 20.0 30.0 7.2597308117104085
v 21.0 30.0 6.991482523476539
v 22.0 30.0 6.740328726771335
v 23.0 30.0 6.508125474623686
v 24.0 30.0 6.296146952926665
v 25.0 30.0 6.105081842014534
v 26.0 30.0 5.935054072716797
v 27.0 30.0 5.785664552796398
v 28.0 30.0 5.656049571738408
v 29.0 30.0 5.544951123329429
v 30.0 30.0 5.450794301600084
v 31.0 30.0 5.3717671805552065
v 32.0 30.0 5.305899113248509
v 33.0 30.0 5.251134099972638
v 34.0 30.0 5.205396694248621
v 35.0 30.0 5.166648759712985
v 36.0 30.0 5.132936193348899
v 37.0 30.0 5.102425439001021
v 38.0 30.0 5.073430195551818
v 39.0 30.0 5.044429159621173
v 40.0 30.0 5.014075931639256
v 41.0 30.0 4.981202367387636
v 42.0 30.0 4.944816694035867
v 43.0 30.0 4.904097654756563
v 44.0 30.0 4.858385825299024
v 45.0 30.0 4.807173084528255
v 46.0 30.0 4.750091040993772
v 47.0 30.0 4.686899037007037
v 48.0 30.0 4.6174721837405
v 49.0 30.0 4.5417897341964455
v -50.0 31.0 5.926970485454933
v -49.0 31.0 6.1177264756105485
v -48.0 31.0 6.312145583571491
v -47.0 31.0 6.509963758017402
v -46.0 31.0 6.710867368308262
v -45.0 31.0 6.914494973994035
v -44.0 31.0 7.120440242764312
v -43.0 31.0 7.328255918340595
v -42.0 31.0 7.53745868495451
v -41.0 31.0 7.747534726305403
v -40.0 31.0 7.957945737883367
v -39.0 31.0 8.168135125540553
v -38.0 31.0 8.377534112848767
v -37.0 31.0 8.585567486938052
v -36.0 31.0 8.791658738044978
v -35.0 31.0 8.995234391709491
v -34.0 31.0 9.195727393106855
v -33.0 31.0 9.392579477892097
v -32.0 31.0 9.58524254953848
v -31.0 31.0 9.773179174753398
v -30.0 31.0 9.955862400443785
v -29.0 31.0 10.132775181301845
v -28.0 31.0 10.303409779143703
v -27.0 31.0 10.46726754602146
v -26.0 31.0 10.623859525210102
v -25.0 31.0 10.772708290345847
v -24.0 31.0 10.913351387372884
v -23.0 31.0 11.045346642673856
v -22.0 31.0 11.168279452874934
v -21.0 31.0 11.281771980238046
v -20.0 31.0 11.385493949865594
v -19.0 31.0 11.479174493991644
v -18.0 31.0 11.562614232700803
v -17.0 31.0 11.635696542826045
v -16.0 31.0 11.698396774790648
v -15.0 31.0 11.750788060082918
v -14.0 31.0 11.793042338562422
v -13.0 31.0 11.825425349623874
v -12.0 31.0 11.848284591454336
v -11.0 31.0 11.86202966389114
v -10.0 31.0 11.867104963769847
v -9.0 31.0 11.863955371342454
v -8.0 31.0 11.852986309031767
v -7.0 31.0 11.834520309972614
v -6.0 31.0 11.808752931366714
v -5.0 31.0 11.775711407734748
v -4.0 31.0 11.735219783677463
v -3.0 31.0 11.686874326609018
v -2.0 31.0 11.630032748065194
v -1.0 31.0 11.56382013609024
v 0.0 31.0 11.487153533172455
v 1.0 31.0 11.398785833486272
v 2.0 31.0 11.29736820511358
v 3.0 31.0 11.181528683496374
v 4.0 31.0 11.049963068818759
v 5.0 31.0 10.90153293765665
v 6.0 31.0 10.735364586327927
v 7.0 31.0 10.550942175502279
v 8.0 31.0 10.348188321593414
v 9.0 31.0 10.127525911581547
v 10.0 31.0 9.889915982275484
v 11.0 31.0 9.636868027556847
v 12.0 31.0 9.37042095588552
v 13.0 31.0 9.09309495817833
v 14.0 31.0 8.807816586837552
v 15.0 31.0 8.517821213075726
v 16.0 31.0 8.226538562165969
v 17.0 31.0 7.93746809905066
v 18.0 31.0 7.654051570086712
v 19.0 31.0 7.379549973608889
v 20.0 31.0 7.116931658984192
v 21.0 31.0 6.868777215768944
v 22.0 31.0 6.637205424461821
v 23.0 31.0 6.423822935595157
v 24.0 31.0 6.229698670983577
v 25.0 31.0 6.055362340185759
v 26.0 31.0 5.9008250576405645
v 27.0 31.0 5.765618923302963
v 28.0 31.0 5.648851648714151
v 29.0 31.0 5.54927189161132
v 30.0 31.0 5.465340891786903
v 31.0 31.0 5.395306237100686
v 32.0 31.0 5.3372740691418095
v 33.0 31.0 5.2892766893321275
v 34.0 31.0 5.249333271722564
v 35.0 31.0 5.215502156571033
v 36.0 31.0 5.185923927797604
v 37.0 31.0 5.158855120716351
v 38.0 31.0 5.132692933135436
v 39.0 31.0 5.105991707785073
v 40.0 31.0 5.077472215789539
v 41.0 31.0 5.04602490939878
v 42.0 31.0 5.0107083451484105
v 43.0 31.0 4.970743928259923
v 44.0 31.0 4.925508019168985
v 45.0 31.0 4.87452229637193
v 46.0 31.0 4.817443106376451
v 47.0 31.0 4.754050367698257
v 48.0 31.0 4.684236443586031
v 49.0 31.0 4.607995265341736
v -50.0 32.0 5.937418481268056
v -49.0 32.0 6.123241891371661
v -48.0 32.0 6.312361208582424
v -47.0 32.0 6.5045328375429605
v -46.0 32.0 6.699468651873479
v -45.0 32.0 6.896837442556565
v -44.0 32.0 7.096267381632488
v -43.0 32.0 7.297349418716717
v -42.0 32.0 7.499641478891187
v -41.0 32.0 7.702673286257706
v -40.0 32.0 7.905951601101269
v -39.0 32.0 8.108965633185482
v -38.0 32.0 8.311192381743728
v -37.0 32.0 8.512101656161832
v -36.0 32.0 8.711160551305756
v -35.0 32.0 8.907837188148118
v -34.0 32.0 9.101603582995883
v -33.0 32.0 9.291937575350092
v -32.0 32.0 9.478323822268441
v -31.0 32.0 9.660253951987901
v -30.0 32.0 9.837226056386772
v -29.0 32.0 10.008743784565768
v -28.0 32.0 10.174315371576009
v -27.0 32.0 10.333452989784039
v -26.0 32.0 10.485672838087089
v -25.0 32.0 10.63049637912517
v -24.0 32.0 10.76745309079409
v -23.0 32.0 10.896085011610941
v -22.0 32.0 11.015953228408797
v -21.0 32.0 11.126646281631892
v -20.0 32.0 11.227790254742882
v -19.0 32.0 11.319060081455222
v -18.0 32.0 11.400191364287178
v -17.0 32.0 11.470991771667775
v -16.0 32.0 11.531350893607472
v -15.0 32.0 11.581247314869877
v -14.0 32.0 11.620751636286256
v -13.0 32.0 11.650024262489122
v -12.0 32.0 11.669306994166742
v -11.0 32.0 11.678907820924367
v -10.0 32.0 11.679178799690442
v -9.0 32.0 11.670487500732415
v -8.0 32.0 11.653183170221235
v -7.0 32.0 11.627559441614018
v -6.0 32.0 11.593816063053445
v -5.0 32.0 11.552022623304127
v -4.0 32.0 11.502087583849006
v -3.0 32.0 11.443735997710261
v -2.0 32.0 11.376499071421492
v -1.0 32.0 11.299718185058751
v 0.0 32.0 11.212565136383382
v 1.0 32.0 11.114079262217494
v 2.0 32.0 11.003220788876956
v 3.0 32.0 10.87893837726828
v 4.0 32.0 10.740247479734068
v 5.0 32.0 10.586314945020325
v 6.0 32.0 10.416544418817168
v 7.0 32.0 10.230656594015926
v 8.0 32.0 10.02875833813203
v 9.0 32.0 9.811395193807288
v 10.0 32.0 9.5795826927924
v 11.0 32.0 9.334813277574654
v 12.0 32.0 9.07903727905106
v 13.0 32.0 8.814618213012237
v 14.0 32.0 8.544264475130776
v 15.0 32.0 8.270941175240484
v 16.0 32.0 7.997767214208739
v 17.0 32.0 7.7279036581448555
v 18.0 32.0 7.464439933750853
v 19.0 32.0 7.210284331285779
v 20.0 32.0 6.968064781788641
v 21.0 32.0 6.740044940076086
v 22.0 32.0 6.528059355930047
v 23.0 32.0 6.333470076000574
v 24.0 32.0 6.15714551950089
v 25.0 32.0 5.999461037451847
v 26.0 32.0 5.860319306354017
v 27.0 32.0 5.739187704801639
v 28.0 32.0 5.635149126362594
v 29.0 32.0 5.546962311974954
v 30.0 32.0 5.473127727657544
v 31.0 32.0 5.41195523071808
v 32.0 32.0 5.3616302038723385
v 33.0 32.0 5.3202754254864
v 34.0 32.0 5.286006616751863
v 35.0 32.0 5.256980298541441
v 36.0 32.0 5.231433247051605
v 37.0 32.0 5.207713416104327
v 38.0 32.0 5.184302667493093
v 39.0 32.0 5.159832005468459
v 40.0 32.0 5.133090246321899
v 41.0 32.0 5.103027178002047
v 42.0 32.0 5.068752293788455
v 43.0 32.0 5.0295301383073845
v 44.0 32.0 4.98477320499188
v 45.0 32.0 4.934033191982727
v 46.0 32.0 4.876991276490808
v 47.0 32.0 4.813447920417254
v 48.0 32.0 4.74331258335503
v 49.0 32.0 4.666593600019966
v -50.0 33.0 5.945614726266156
v -49.0 33.0 6.126665447328758
v -48.0 33.0 6.310649546174555
v -47.0 33.0 6.497340030381851
v -46.0 33.0 6.686469995470211
v -45.0 33.0 6.877733837682248
v -44.0 33.0 7.070789366210916
v -43.0 33.0 7.265260744231035
v -42.0 33.0 7.460742144107934
v -41.0 33.0 7.656801961798041
v -40.0 33.0 7.8529874016121495
v -39.0 33.0 8.048829217937001
v -38.0 33.0 8.243846387646544
v -37.0 33.0 8.437550487735038
v -36.0 33.0 8.629449568474763
v -35.0 33.0 8.819051343658533
v -34.0 33.0 9.00586556584121
v -33.0 33.0 9.189405514558755
v -32.0 33.0 9.369188596833446
v -31.0 33.0 9.544736138341053
v -30.0 33.0 9.715572525827008
v -29.0 33.0 9.881223941134172
v -28.0 33.0 10.041216998133814
v -27.0 33.0 10.195077648947782
v -26.0 33.0 10.342330757921156
v -25.0 33.0 10.482500743959172
v -24.0 33.0 10.615113658123724
v -23.0 33.0 10.739700989523941
v -22.0 33.0 10.855805376777944
v -21.0 33.0 10.962988246255463
v -20.0 33.0 11.060839207595714
v -19.0 33.0 11.14898682188535
v -18.0 33.0 11.227110133381403
v -17.0 33.0 11.294950141203671
v -16.0 33.0 11.352320205933205
v -15.0 33.0 11.399114262394416
v -14.0 33.0 11.43531166862884
v -13.0 33.0 11.460977583695612
v -12.0 33.0 11.47625794883466
v -11.0 33.0 11.481368453862784
v -10.0 33.0 11.476577297687891
v -9.0 33.0 11.46218207899388
v -8.0 33.0 11.438481746562193
v -7.0 33.0 11.405745151087043
v -6.0 33.0 11.364178313913026
v -5.0 33.0 11.3138929991939
v -4.0 33.0 11.254879481168906
v -3.0 33.0 11.18698648173171
v -2.0 33.0 11.10991107438183
v -1.0 33.0 11.023200889961261
v 0.0 33.0 10.92627022521444
v 1.0 33.0 10.81843068466327
v 2.0 33.0 10.698935846007503
v 3.0 33.0 10.567038220490836
v 4.0 33.0 10.422055590890375
v 5.0 33.0 10.263442766337405
v 6.0 33.0 10.090864005161668
v 7.0 33.0 9.90426091676112
v 8.0 33.0 9.703910624530195
v 9.0 33.0 9.490469379940253
v 10.0 33.0 9.264997646499573
v 11.0 33.0 9.028963862823685
v 12.0 33.0 8.784225550366598
v 13.0 33.0 8.532988029413342
v 14.0 33.0 8.27774260728171
v 15.0 33.0 8.02118756509628
v 16.0 33.0 7.766136467587594
v 17.0 33.0 7.515419154533767
v 18.0 33.0 7.271781179619406
v 19.0 33.0 7.037787421484157
v 20.0 33.0 6.815735123923162
v 21.0 33.0 6.607580787315497
v 22.0 33.0 6.4148842213925645
v 23.0 33.0 6.238771789764879
v 24.0 33.0 6.0799195456446276
v 25.0 33.0 5.9385556873995045
v 26.0 33.0 5.814480647940524
v 27.0 33.0 5.707102246132978
v 28.0 33.0 5.615482716147592
v 29.0 33.0 5.538394107592427
v 30.0 33.0 5.474378504007135
v 31.0 33.0 5.421809706043086
v 32.0 33.0 5.378953418432994
v 33.0 33.0 5.3440235076223015
v 34.0 33.0 5.315232498476816
v 35.0 33.0 5.290835096463794
v 36.0 33.0 5.269164107321788
v 37.0 33.0 5.248658642190825
v 38.0 33.0 5.2278849179651
v 39.0 33.0 5.205550278312489
v 40.0 33.0 5.180511269565452
v 41.0 33.0 5.151776715605903
v 42.0 33.0 5.118506761279217
v 43.0 33.0 5.080008812703562
v 44.0 33.0 5.03573121418635
v 45.0 33.0 4.985255383622235
v 46.0 33.0 4.928286997317423
v 47.0 33.0 4.864646684185459
v 48.0 33.0 4.794260567796198
v 49.0 33.0 4.717150889087253
v -50.0 34.0 5.951233331980109
v -49.0 34.0 6.12765911729514
v -48.0 34.0 6.306662098131227
v -47.0 34.0 6.488028637010269
v -46.0 34.0 6.671509406604861
v -45.0 34.0 6.856820432456417
v -44.0 34.0 7.043644933892661
v -43.0 34.0 7.231635901217966
v -42.0 34.0 7.420419307503277
v -41.0 34.0 7.60959781638278
v -40.0 34.0 7.798754815771518
v -39.0 34.0 7.98745858389577
v -38.0 34.0 8.175266380801046
v -37.0 34.0 8.361728257515834
v -36.0 34.0 8.546390387708689
v -35.0 34.0 8.728797753703425
v -34.0 34.0 8.908496060016477
v -33.0 34.0 9.085032802133153
v -32.0 34.0 9.257957484015225
v -31.0 34.0 9.426821051747407
v -30.0 34.0 9.591174688642196
v -29.0 34.0 9.750568193894372
v -28.0 34.0 9.904548236515183
v -27.0 34.0 10.05265683217407
v -26.0 34.0 10.194430425862874
v -25.0 34.0 10.329399971323294
v -24.0 34.0 10.457092373113921
v -23.0 34.0 10.57703359474116
v -22.0 34.0 10.688753634444915
v -21.0 34.0 10.791793430096643
v -20.0 34.0 10.885713581070302
v -19.0 34.0 10.97010457695436
v -18.0 34.0 11.044598014034817
v -17.0 34.0 11.1088780781388
v -16.0 34.0 11.162692397488515
v -15.0 34.0 11.205861244319628
v -14.0 34.0 11.238284011650343
v -13.0 34.0 11.259941931595112
v -12.0 34.0 11.270896148441237
v -11.0 34.0 11.271280519611361
v -10.0 34.0 11.261288886271712
v -9.0 34.0 11.24115701606932
v -8.0 34.0 11.21113994377657
v -7.0 34.0 11.171485979973697
v -6.0 34.0 11.122409172278335
v -5.0 34.0 11.064062431583423
v -4.0 34.0 10.996513820892876
v -3.0 34.0 10.919728596693384
v -2.0 34.0 10.833559455490134
v -1.0 34.0 10.737747053405709
v 0.0 34.0 10.631932240562712
v 1.0 34.0 10.515680616388332
v 2.0 34.0 10.388519024636063
v 3.0 34.0 10.249982547439643
v 4.0 34.0 10.09966952107949
v 5.0 34.0 9.937301183586937
v 6.0 34.0 9.762781872669647
v 7.0 34.0 9.5762553031568
v 8.0 34.0 9.378152422336944
v 9.0 34.0 9.169226692356993
v 10.0 34.0 8.950573367336478
v 11.0 34.0 8.723630367976668
v 12.0 34.0 8.490159624312614
v 13.0 34.0 8.2522091492877
v 14.0 34.0 8.01205749990133
v 15.0 34.0 7.772143555904028
v 16.0 34.0 7.534985587606972
v 17.0 34.0 7.303094307047581
v 18.0 34.0 7.078884945273842
v 19.0 34.0 6.864593354455721
v 20.0 34.0 6.6622007158042855
v 21.0 34.0 6.473370695476812
v 22.0 34.0 6.299401909931113
v 23.0 34.0 6.141197435688636
v 24.0 34.0 5.999251928482448
v 25.0 34.0 5.8736558011825535
v 26.0 34.0 5.764114932928729
v 27.0 34.0 5.669983607214511
v 28.0 34.0 5.590307843319061
v 29.0 34.0 5.5238760069599895
v 30.0 34.0 5.469273552049974
v 31.0 34.0 5.42493892597385
v 32.0 34.0 5.389218021682289
v 33.0 34.0 5.360415028994616
v 34.0 34.0 5.336838070834786
v 35.0 34.0 5.316838557177879
v 36.0 34.0 5.298843707301619
v 37.0 34.0 5.281382146732171
v 38.0 34.0 5.263102857554056
v 39.0 34.0 5.242788039109436
v 40.0 34.0 5.2193606199412566
v 41.0 34.0 5.191887258368844
v 42.0 34.0 5.159577691057814
v 43.0 34.0 5.121781252238841
v 44.0 34.0 5.077981307737683
v 45.0 34.0 5.027788243879175
v 46.0 34.0 4.970931535830714
v 47.0 34.0 4.907251304544754
v 48.0 34.0 4.8366896646080395
v 49.0 34.0 4.759282072505423
v -50.0 35.0 5.95399053621645
v -49.0 35.0 6.125930492988337
v -48.0 35.0 6.300099410874226
v -47.0 35.0 6.476294277804986
v -46.0 35.0 6.6542802457110595
v -45.0 35.0 6.833791552363453
v -44.0 35.0 7.014533152586412
v -43.0 35.0 7.196183003334672
v -42.0 35.0 7.3783949110398686
v -41.0 35.0 7.560801815775093
v -40.0 35.0 7.7430193575194295
v -39.0 35.0 7.924649547477
v -38.0 35.0 8.105284354222018
v -37.0 35.0 8.284509012306954
v -36.0 35.0 8.461904871337849
v -35.0 35.0 8.63705162724164
v -34.0 35.0 8.809528814639268
v -33.0 35.0 8.978916489151803
v -32.0 35.0 9.144795089405306
v -31.0 35.0 9.306744537749784
v -30.0 35.0 9.464342712522926
v -29.0 35.0 9.617163498344855
v -28.0 35.0 9.76477468884597
v -27.0 35.0 9.906736072196432
v -26.0 35.0 10.042598067317993
v -25.0 35.0 10.17190129136776
v -24.0 35.0 10.294177421361525
v -23.0 35.0 10.408951660406794
v -22.0 35.0 10.515747029795245
v -21.0 35.0 10.614090582823431
v -20.0 35.0 10.703521478763395
v -19.0 35.0 10.783600673857311
v -18.0 35.0 10.853921792538152
v -17.0 35.0 10.914122552014517
v -16.0 35.0 10.96389594564622
v -15.0 35.0 11.003000265668204
v -14.0 35.0 11.031266984243294
v -13.0 35.0 11.048605531739607
v -12.0 35.0 11.055004126017222
v -11.0 35.0 11.050526022657108
v -10.0 35.0 11.03530087038912
v -9.0 35.0 11.00951125449994
v -8.0 35.0 10.973374968322089
v -7.0 35.0 10.92712403292169
v -6.0 35.0 10.870981943171993
v -5.0 35.0 10.805141004911576
v -4.0 35.0 10.729741893058632
v -3.0 35.0 10.644857660041362
v -2.0 35.0 10.550484324628709
v -1.0 35.0 10.446539856725504
v 0.0 35.0 10.332872848122879
v 1.0 35.0 10.209281449548701
v 2.0 35.0 10.075542310045089
v 3.0 35.0 9.931448344431647
v 4.0 35.0 9.776853260691897
v 5.0 35.0 9.611719989505985
v 6.0 35.0 9.436169557178825
v 7.0 35.0 9.250526602000757
v 8.0 35.0 9.05535770183607
v 9.0 35.0 8.851498978102082
v 10.0 35.0 8.640070056689373
v 11.0 35.0 8.422472355902626
v 12.0 35.0 8.20037076268552
v 13.0 35.0 7.975658957221849
v 14.0 35.0 7.750409846624271
v 15.0 35.0 7.526813664251411
v 16.0 35.0 7.3071071861278005
v 17.0 35.0 7.093498134268803
v 18.0 35.0 6.88808913057428
v 19.0 35.0 6.692805518489418
v 20.0 35.0 6.5093309994254716
v 21.0 35.0 6.339054382865068
v 22.0 35.0 6.183029892101265
v 23.0 35.0 6.041952485350321
v 24.0 35.0 5.91614863353851
v 25.0 35.0 5.805582026488114
v 26.0 35.0 5.709872831666912
v 27.0 35.0 5.628328459317798
v 28.0 35.0 5.559983328402723
v 29.0 35.0 5.503644890836745
v 30.0 35.0 5.457943147707046
v 31.0 35.0 5.421381054163102
v 32.0 35.0 5.3923835207129995
v 33.0 35.0 5.369343132169822
v 34.0 35.0 5.3506611743016155
v 35.0 35.0 5.334783038264511
v 36.0 35.0 5.320227526692853
v 37.0 35.0 5.305609984343737
v 38.0 35.0 5.289659501787844
v 39.0 35.0 5.271230683829012
v 40.0 35.0 5.249310634713114
v 41.0 35.0 5.223021896175538
v 42.0 35.0 5.191622093192098
v 43.0 35.0 5.154501009887723
v 44.0 35.0 5.111175749236311
v 45.0 35.0 5.061284539123527
v 46.0 35.0 5.004579646475485
v 47.0 35.0 4.940919760520877
v 48.0 35.0 4.870262113236684
v 49.0 35.0 4.792654524411265
v -50.0 36.0 5.953638344377587
v -49.0 36.0 6.121225576239777
v -48.0 36.0 6.2907029932322605
v -47.0 36.0 6.461875922007922
v -46.0 36.0 6.634521363786172
v -45.0 36.0 6.808388831354796
v -44.0 36.0 6.983201817218873
v -43.0 36.0 7.158659842180035
v -42.0 36.0 7.334441000741996
v -41.0 36.0 7.510204888646313
v -40.0 36.0 7.685595770688987
v -39.0 36.0 7.860245825930119
v -38.0 36.0 8.033778294565128
v -37.0 36.0 8.205810347918296
v -36.0 36.0 8.375955511705673
v -35.0 36.0 8.543825493821641
v -34.0 36.0 8.709031301689432
v -33.0 36.0 8.87118358014246
v -32.0 36.0 9.029892157434693
v -31.0 36.0 9.184764851911154
v -30.0 36.0 9.335405661712501
v -29.0 36.0 9.481412530297968
v -28.0 36.0 9.622374946373855
v -27.0 36.0 9.757871692209358
v -26.0 36.0 9.887469093194502
v -25.0 36.0 10.010720137840597
v -24.0 36.0 10.127164825869805
v -23.0 36.0 10.236332058455885
v -22.0 36.0 10.337743306832134
v -21.0 36.0 10.430918183692347
v -20.0 36.0 10.515381899510041
v -19.0 36.0 10.590674420040223
v -18.0 36.0 10.656360962441584
v -17.0 36.0 10.712043289684054
v -16.0 36.0 10.75737110297035
v -15.0 36.0 10.79205270822728
v -14.0 36.0 10.815864063800928
v -13.0 36.0 10.828655318914446
v -12.0 36.0 10.830354038731652
v -11.0 36.0 10.820964488253587
v -10.0 36.0 10.800562611790609
v -9.0 36.0 10.769286685861235
v -8.0 36.0 10.72732401946085
v -7.0 36.0 10.674894495639219
v -6.0 36.0 10.612232153527279
v -5.0 36.0 10.539566357135115
v -4.0 36.0 10.457104342813178
v -3.0 36.0 10.36501704214906
v -2.0 36.0 10.263430011781013
v -1.0 36.0 10.152421050920463
v 0.0 36.0 10.032025653903128
v 1.0 36.0 9.902250851169722
v 2.0 36.0 9.763097279517945
v 3.0 36.0 9.61458854990598
v 4.0 36.0 9.456806219075661
v 5.0 36.0 9.289927995446684
v 6.0 36.0 9.114266292841297
v 7.0 36.0 8.930303949156393
v 8.0 36.0 8.73872389388977
v 9.0 36.0 8.540429796716174
v 10.0 36.0 8.336555249645013
v 11.0 36.0 8.128459790414837
v 12.0 36.0 7.917711002759514
v 13.0 36.0 7.7060529494966925
v 14.0 36.0 7.495362216258137
v 15.0 36.0 7.2875937756330575
v 16.0 36.0 7.084719641026586
v 17.0 36.0 6.888663801663838
v 18.0 36.0 6.701237173866926
v 19.0 36.0 6.524076255503351
v 20.0 36.0 6.358588844779256
v 21.0 36.0 6.205909620963918
v 22.0 36.0 6.066867642662508
v 23.0 36.0 5.941966971019717
v 24.0 36.0 5.831380747396533
v 25.0 36.0 5.734958220851119
v 26.0 36.0 5.652243493058762
v 27.0 36.0 5.582504174489315
v 28.0 36.0 5.524767754563491
v 29.0 36.0 5.477863289729662
v 30.0 36.0 5.440465998682335
v 31.0 36.0 5.411142500241622
v 32.0 36.0 5.388394703103286
v 33.0 36.0 5.3707007182321185
v 34.0 36.0 5.356551573291012
v 35.0 36.0 5.3444829260658
v 36.0 36.0 5.333101368030647
v 37.0 36.0 5.32110525540425
v 38.0 36.0 5.307300287241044
v 39.0 36.0 5.290610260636405
v 40.0 36.0 5.270083571762444
v 41.0 36.0 5.244896103855411
v 42.0 36.0 5.214351159244581
v 43.0 36.0 5.177877064189596
v 44.0 36.0 5.1350230155552685
v 45.0 36.0 5.085453659498837
v 46.0 36.0 5.028942805154072
v 47.0 36.0 4.9653665894616665
v 48.0 36.0 4.894696329197056
v 49.0 36.0 4.816991227003712
v -50.0 37.0 5.949958605321289
v -49.0 37.0 6.113322054892614
v -48.0 37.0 6.278247769821601
v -47.0 37.0 6.444547506835327
v -46.0 37.0 6.61200788707756
v -45.0 37.0 6.780391173930976
v -44.0 37.0 6.949436612874625
v -43.0 37.0 7.118862286339816
v -42.0 37.0 7.2883674064811
v -41.0 37.0 7.4576349402067565
v -40.0 37.0 7.626334435672063
v -39.0 37.0 7.794124899742478
v -38.0 37.0 7.960657563635712
v -37.0 37.0 8.125578370813408
v -36.0 37.0 8.28853002864652
v -35.0 37.0 8.44915348438291
v -34.0 37.0 8.60708871685142
v -33.0 37.0 8.761974777757976
v -32.0 37.0 8.91344906914072
v -31.0 37.0 9.061145904415246
v -30.0 37.0 9.204694466381712
v -29.0 37.0 9.343716342599851
v -28.0 37.0 9.477822881884327
v -27.0 37.0 9.606612669940967
v -26.0 37.0 9.7296694616482
v -25.0 37.0 9.8465609265511
v -24.0 37.0 9.956838557696733
v -23.0 37.0 10.060039058028735
v -22.0 37.0 10.155687450915952
v -21.0 37.0 10.243302062052772
v -20.0 37.0 10.322401391788222
v -19.0 37.0 10.392512745939326
v -18.0 37.0 10.453182328638873
v -17.0 37.0 10.503986335174474
v -16.0 37.0 10.54454243103548
v -15.0 37.0 10.57452088197197
v -14.0 37.0 10.593654525410487
v -13.0 37.0 10.60174676111421
v -12.0 37.0 10.598676800079135
v -11.0 37.0 10.584401551452975
v -10.0 37.0 10.55895374674986
v -9.0 37.0 10.522436189464734
v -8.0 37.0 10.475012358206666
v -7.0 37.0 10.416893956183959
v -6.0 37.0 10.348326356046273
v -5.0 37.0 10.269573199370754
v -4.0 37.0 10.180901636596385
v -3.0 37.0 10.082569801766546
v -2.0 37.0 9.974818080913373
v -1.0 37.0 9.85786553930433
v 0.0 37.0 9.731912522308576
v 1.0 37.0 9.59714995548029
v 2.0 37.0 9.45377527650208
v 3.0 37.0 9.302014284333376
v 4.0 37.0 9.142147549088772
v 5.0 37.0 8.974539454215245
v 6.0 37.0 8.79966750254725
v 7.0 37.0 8.618149262517761
v 8.0 37.0 8.430764297067684
v 9.0 37.0 8.238468621686467
v 10.0 37.0 8.042399672002041
v 11.0 37.0 7.843870394179015
v 12.0 37.0 7.644351850775674
v 13.0 37.0 7.4454445924476635
v 14.0 37.0 7.248839904952313
v 15.0 37.0 7.056272823638725
v 16.0 37.0 6.869469443931703
v 17.0 37.0 6.690091491053704
v 18.0 37.0 6.519681310588913
v 19.0 37.0 6.35961039213769
v 20.0 37.0 6.211034253685915
v 21.0 37.0 6.074856028333689
v 22.0 37.0 5.9517004584958855
v 23.0 37.0 5.841899277141966
v 24.0 37.0 5.745488206447292
v 25.0 37.0 5.662215093769824
v 26.0 37.0 5.591558086646087
v 27.0 37.0 5.532752262727076
v 28.0 37.0 5.484822801608438
v 29.0 37.0 5.446622621264934
v 30.0 37.0 5.41687239494315
v 31.0 37.0 5.394200994958411
v 32.0 37.0 5.377184648931745
v 33.0 37.0 5.364383407650169
v 34.0 37.0 5.354373876941584
v 35.0 37.0 5.345777526093383
v 36.0 37.0 5.337284224769365
v 37.0 37.0 5.327670958105166
v 38.0 37.0 5.315815912056671
v 39.0 37.0 5.30070830169963
v 40.0 37.0 5.281454433941659
v 41.0 37.0 5.257280557969807
v 42.0 37.0 5.227533070207039
v 43.0 37.0 5.191676616072808
v 44.0 37.0 5.149290579529553
v 45.0 37.0 5.100064383828012
v 46.0 37.0 5.043791952298663
v 47.0 37.0 4.980365603928745
v 48.0 37.0 4.909769590273359
v 49.0 37.0 4.832073421484328
v -50.0 38.0 5.942757810799581
v -49.0 38.0 6.102023385283887
v -48.0 38.0 6.262535427340779
v -47.0 38.0 6.424110538438122
v -46.0 38.0 6.586543074340043
v -45.0 38.0 6.7496058813786215
v -44.0 38.0 6.913051533540196
v -43.0 38.0 7.07661402629276
v -42.0 38.0 7.2400108555893254
v -41.0 38.0 7.402945384229192
v -40.0 38.0 7.565109374535082
v -39.0 38.0 7.7261855479707044
v -38.0 38.0 7.885850020706772
v -37.0 38.0 8.043774460914127
v -36.0 38.0 8.199627820103489
v -35.0 38.0 8.3530775081027
v -34.0 38.0 8.503789909669212
v -33.0 38.0 8.651430180003604
v -32.0 38.0 8.79566130550419
v -31.0 38.0 8.936142473073813
v -30.0 38.0 9.072526853367098
v -29.0 38.0 9.204458966903543
v -28.0 38.0 9.331571862566525
v -27.0 38.0 9.453484390677364
v -26.0 38.0 9.569798892281963
v -25.0 38.0 9.680099647263
v -24.0 38.0 9.783952421625992
v -23.0 38.0 9.880905425025452
v -22.0 38.0 9.970491931053013
v -21.0 38.0 10.052234724818737
v -20.0 38.0 10.125652427259718
v -19.0 38.0 10.190267608592336
v -18.0 38.0 10.245616452531467
v -17.0 38.0 10.291259579267646
v -16.0 38.0 10.32679349195001
v -15.0 38.0 10.351861993223253
v -14.0 38.0 10.36616684008316
v -13.0 38.0 10.36947688053417
v -12.0 38.0 10.361634954876633
v -11.0 38.0 10.342561953891886
v -10.0 38.0 10.312257605549137
v -9.0 38.0 10.270797803725237
v -8.0 38.0 10.218328581739065
v -7.0 38.0 10.155057147918004
v -6.0 38.0 10.081240711639026
v -5.0 38.0 9.997174104315834
v -4.0 38.0 9.90317740797319
v -3.0 38.0 9.799584914635487
v -2.0 38.0 9.686736729741835
v -1.0 38.0 9.564974189355654
v 0.0 38.0 9.434639984126305
v 1.0 38.0 9.29608348721991
v 2.0 38.0 9.149671297488922
v 3.0 38.0 8.995802474185806
v 4.0 38.0 8.83492740570275
v 5.0 38.0 8.667568776361112
v 6.0 38.0 8.494342724681452
v 7.0 38.0 8.315978068592544
v 8.0 38.0 8.133331439201532
v 9.0 38.0 7.947396329080676
v 10.0 38.0 7.759304417696007
v 11.0 38.0 7.570318059769
v 12.0 38.0 7.381813468377102
v 13.0 38.0 7.195254836345886
v 14.0 38.0 7.012160352351824
v 15.0 38.0 6.834061716920732
v 16.0 38.0 6.662459289304861
v 17.0 38.0 6.4987753527099645
v 18.0 38.0 6.344308143353875
v 19.0 38.0 6.200189238966311
v 20.0 38.0 6.067346655233717
v 21.0 38.0 5.946475583091695
v 22.0 38.0 5.838018158635292
v 23.0 38.0 5.742153042739397
v 24.0 38.0 5.658794954421889
v 25.0 38.0 5.587603703137022
v 26.0 38.0 5.528001745593586
v 27.0 38.0 5.47919888611109
v 28.0 38.0 5.440222466290564
v 29.0 38.0 5.409951256299136
v 30.0 38.0 5.387151259872304
v 31.0 38.0 5.370511761105184
v 32.0 38.0 5.358680148526325
v 33.0 38.0 5.350294321940593
v 34.0 38.0 5.34401179036197
v 35.0 38.0 5.3385348773591375
v 36.0 38.0 5.332631739902892
v 37.0 38.0 5.325153160607159
v 38.0 38.0 5.315045279627937
v 39.0 38.0 5.3013585860729275
v 40.0 38.0 5.283253589613317
v 41.0 38.0 5.260003645392402
v 42.0 38.0 5.230995416590393
v 43.0 38.0 5.195727438104994
v 44.0 38.0 5.153807201216521
v 45.0 38.0 5.104947121843335
v 46.0 38.0 5.048959691937896
v 47.0 38.0 4.985752051057827
v 48.0 38.0 4.9153201577935235
v 49.0 38.0 4.837742691502002
v -50.0 39.0 5.931862794742845
v -49.0 39.0 6.087153879160943
v -48.0 39.0 6.243388873589987
v -47.0 39.0 6.400387916510506
v -46.0 39.0 6.557951510102232
v -45.0 39.0 6.715861226516933
v -44.0 39.0 6.873880860633126
v -43.0 39.0 7.031757987755455
v -42.0 39.0 7.189225859555268
v -41.0 39.0 7.346005547447166
v -40.0 39.0 7.5018082211980985
v -39.0 39.0 7.656337433589544
v -38.0 39.0 7.8092912710995295
v -37.0 39.0 7.960364227410696
v -36.0 39.0 8.109248662401926
v -35.0 39.0 8.255635725082493
v -34.0 39.0 8.39921564511118
v -33.0 39.0 8.539677333914993
v -32.0 39.0 8.676707282066609
v -31.0 39.0 8.80998779278662
v -30.0 39.0 8.939194649673919
v -29.0 39.0 9.063994376704864
v -28.0 39.0 9.184041306140635
v -27.0 39.0 9.298974720656474
v -26.0 39.0 9.408416374869718
v -25.0 39.0 9.511968723631306
v -24.0 39.0 9.609214185516693
v -23.0 39.0 9.699715746344975
v -22.0 39.0 9.783019157073742
v -21.0 39.0 9.858656902706382
v -20.0 39.0 9.926154015804139
v -19.0 39.0 9.985035684256323
v -18.0 39.0 10.034836465209759
v -17.0 39.0 10.075110775078393
v -16.0 39.0 10.105444190998767
v -15.0 39.0 10.125464984941184
v -14.0 39.0 10.134855231174203
v -13.0 39.0 10.133360793123217
v -12.0 39.0 10.12079951658467
v -11.0 39.0 10.09706703852053
v -10.0 39.0 10.062139764762152
v -9.0 39.0 10.016074770185535
v -8.0 39.0 9.95900661895148
v -7.0 39.0 9.89114137158854
v -6.0 39.0 9.812748316162592
v -5.0 39.0 9.724150205316965
v -4.0 39.0 9.625712971613208
v -3.0 39.0 9.517836004679465
v -2.0 39.0 9.400944085001719
v -1.0 39.0 9.27548196906435
v 0.0 39.0 9.141912408050155
v 1.0 39.0 9.000718068632954
v 2.0 39.0 8.85240743280576
v 3.0 39.0 8.69752431805222
v 4.0 39.0 8.53666022105515
v 5.0 39.0 8.370468292719897
v 6.0 39.0 8.199677443506147
v 7.0 39.0 8.025104893545475
v 8.0 39.0 7.8476654484810275
v 9.0 39.0 7.6683759115931105
v 10.0 39.0 7.4883533312116555
v 11.0 39.0 7.308806208597273
v 12.0 39.0 7.131018319429693
v 13.0 39.0 6.956325384510371
v 14.0 39.0 6.786085408679012
v 15.0 39.0 6.621644037110176
v 16.0 39.0 6.464296706196426
v 17.0 39.0 6.315249653656666
v 18.0 39.0 6.175581975161271
v 19.0 39.0 6.046210864948683
v 20.0 39.0 5.927861964656421
v 21.0 39.0 5.821046392023341
v 22.0 39.0 5.726045565211468
v 23.0 39.0 5.64290442271306
v 24.0 39.0 5.571433109227151
v 25.0 39.0 5.511216698385203
v 26.0 39.0 5.46163209128144
v 27.0 39.0 5.42187089344553
v 28.0 39.0 5.390966848945258
v 29.0 39.0 5.3678263038217695
v 30.0 39.0 5.351260176348758
v 31.0 39.0 5.340016014085279
v 32.0 39.0 5.332808896454898
v 33.0 39.0 5.328350172270219
v 34.0 39.0 5.325373279213103
v 35.0 39.0 5.322656153530301
v 36.0 39.0 5.319039983492043
v 37.0 39.0 5.313444274666203
v 38.0 39.0 5.304878369242212
v 39.0 39.0 5.292449691104266
v 40.0 39.0 5.275369073239084
v 41.0 39.0 5.25295356809811
v 42.0 39.0 5.22462715094135
v 43.0 39.0 5.189919708588343
v 44.0 39.0 5.148464669411069
v 45.0 39.0 5.099995582443841
v 46.0 39.0 5.044341900800218
v 47.0 39.0 4.981424172503499
v 48.0 39.0 4.911248794231587
v 49.0 39.0 4.83390244281334
v -50.0 40.0 5.917117412012917
v -49.0 40.0 6.068554885659397
v -48.0 40.0 6.220647911058632
v -47.0 40.0 6.37321909563753
v -46.0 40.0 6.526073758121812
v -45.0 40.0 6.679000611879172
v -44.0 40.0 6.831772846469903
v -43.0 40.0 6.984149568182276
v -42.0 40.0 7.135877537301026
v -41.0 40.0 7.2866931177617165
v -40.0 40.0 7.436324335182183
v -39.0 40.0 7.584492923617436
v -38.0 40.0 7.730916231332687
v -37.0 40.0 7.875308852897314
v -36.0 40.0 8.017383860214373
v -35.0 40.0 8.156853519616147
v -34.0 40.0 8.293429406314804
v -33.0 40.0 8.42682186116328
v -32.0 40.0 8.556738777053518
v -31.0 40.0 8.682883751822482
v -30.0 40.0 8.804953698955556
v -29.0 40.0 8.922636063637384
v -28.0 40.0 9.035605846109895
v -27.0 40.0 9.143522682654442
v -26.0 40.0 9.24602827233238
v -25.0 40.0 9.342744460415835
v -24.0 40.0 9.433272293106816
v -23.0 40.0 9.5171923393451
v -22.0 40.0 9.59406653212409
v -21.0 40.0 9.663441713283841
v -20.0 40.0 9.724854973749554
v -19.0 40.0 9.777840769406835
v -18.0 40.0 9.82193966738038
v -17.0 40.0 9.856708446771195
v -16.0 40.0 9.881731152129971
v -15.0 40.0 9.896630588538349
v -14.0 40.0 9.901079665881069
v -13.0 40.0 9.894811957655085
v -12.0 40.0 9.877630845337162
v -11.0 40.0 9.84941667844181
v -10.0 40.0 9.810131493991452
v -9.0 40.0 9.759821002928906
v -8.0 40.0 9.698613755086358
v -7.0 40.0 9.626717623287382
v -6.0 40.0 9.544413981038645
v -5.0 40.0 9.452050164115084
v -4.0 40.0 9.35003098037254
v -3.0 40.0 9.23881014228569
v -2.0 40.0 9.118882525395868
v -1.0 40.0 8.990778092415907
v 0.0 40.0 8.855058165480491
v 1.0 40.0 8.712314486344715
v 2.0 40.0 8.563171194740548
v 3.0 40.0 8.408289506065369
v 4.0 40.0 8.248374515129136
v 5.0 40.0 8.08418323004989
v 6.0 40.0 7.916532685950612
v 7.0 40.0 7.746306833225555
v 8.0 40.0 7.57446086225861
v 9.0 40.0 7.402021726127502
v 10.0 40.0 7.230083851916122
v 11.0 40.0 7.0597993728786195
v 12.0 40.0 6.892362638608155
v 13.0 40.0 6.728989229929116
v 14.0 40.0 6.57089017554456
v 15.0 40.0 6.419242494093808
v 16.0 40.0 6.275157528060743
v 17.0 40.0 6.139648763340092
v 18.0 40.0 6.013600920428604
v 19.0 40.0 5.8977420539668035
v 20.0 40.0 5.792620214321003
v 21.0 40.0 5.698585928113342
v 22.0 40.0 5.615781373893849
v 23.0 40.0 5.5441367004741675
v 24.0 40.0 5.483373496886967
v 25.0 40.0 5.43301501070571
v 26.0 40.0 5.392402356440262
v 27.0 40.0 5.360715680909874
v 28.0 40.0 5.336999071522694
v 29.0 40.0 5.320187910219563
v 30.0 40.0 5.309137385491616
v 31.0 40.0 5.302650965025693
v 32.0 40.0 5.2995077846306495
v 33.0 40.0 5.298488104789295
v 34.0 40.0 5.298396203605373
v 35.0 40.0 5.298080294732535
v 36.0 40.0 5.29644926479771
v 37.0 40.0 5.292486204601706
v 38.0 40.0 5.2852588541469
v 39.0 40.0 5.273927189751148
v 40.0 40.0 5.2577484523770615
v 41.0 40.0 5.236079953038486
v 42.0 40.0 5.208379999010293
v 43.0 40.0 5.174207269977789
v 44.0 40.0 5.133218942949656
v 45.0 40.0 5.085167825103831
v 46.0 40.0 5.029898710288887
v 47.0 40.0 4.967344132101692
v 48.0 40.0 4.897519647520706
v 49.0 40.0 4.820518752022173
v -50.0 41.0 5.898380197812276
v -49.0 41.0 6.046082071872064
v -48.0 41.0 6.19416613101601
v -47.0 41.0 6.34245659173738
v -46.0 41.0 6.490762485778114
v -45.0 41.0 6.63887832440733
v -44.0 41.0 6.786585117998142
v -43.0 41.0 6.933651713910417
v -42.0 41.0 7.079836394637666
v -41.0 41.0 7.224888657958136
v -40.0 41.0 7.368551082816725
v -39.0 41.0 7.510561170308945
v -38.0 41.0 7.650653039896188
v -37.0 41.0 7.788558858213972
v -36.0 41.0 7.924009882703944
v -35.0 41.0 8.056737015658443
v -34.0 41.0 8.186470786544207
v -33.0 41.0 8.312940711575783
v -32.0 41.0 8.435874018734152
v -31.0 41.0 8.554993772392834
v -30.0 41.0 8.670016482344387
v -29.0 41.0 8.780649334556774
v -28.0 41.0 8.886587232067386
v -27.0 41.0 8.987509880209757
v -26.0 41.0 9.083079186761644
v -25.0 41.0 9.172937270498482
v -24.0 41.0 9.256705377249217
v -23.0 41.0 9.333983987784913
v -22.0 41.0 9.40435436470035
v -21.0 41.0 9.46738172529883
v -20.0 41.0 9.522620145556001
v -19.0 41.0 9.5696191997137
v -18.0 41.0 9.607932226219008
v -17.0 41.0 9.637125990839637
v -16.0 41.0 9.656791400784376
v -15.0 41.0 9.666554819580059
v -14.0 41.0 9.666089451684742
v -13.0 41.0 9.655126218104169
v -12.0 41.0 9.633463537672855
v -11.0 41.0 9.600975468410077
v -10.0 41.0 9.557617750934451
v -9.0 41.0 9.503431428278612
v -8.0 41.0 9.438543885701657
v -7.0 41.0 9.363167347672583
v -6.0 41.0 9.277595070549596
v -5.0 41.0 9.182195659390853
v -4.0 41.0 9.077406095706506
v -3.0 41.0 8.96372417096492
v -2.0 41.0 8.84170106299183
v -1.0 41.0 8.711934759399819
v 0.0 41.0 8.57506492155024
v 1.0 41.0 8.431769600312554
v 2.0 41.0 8.282763975496854
v 3.0 41.0 8.128801016234188
v 4.0 41.0 7.9706736772729725
v 5.0 41.0 7.809217986466995
v 6.0 41.0 7.645316171478993
v 7.0 41.0 7.479898844782993
v 8.0 41.0 7.3139452341360665
v 9.0 41.0 7.148480519867435
v 10.0 41.0 6.984569518555525
v 11.0 41.0 6.823306221604632
v 12.0 41.0 6.665799033449875
v 13.0 41.0 6.513151926452466
v 14.0 41.0 6.366442102464318
v 15.0 41.0 6.226695088524157
v 16.0 41.0 6.094858463632639
v 17.0 41.0 5.971775589440416
v 18.0 41.0 5.858160783977038
v 19.0 41.0 5.7545773293457
v 20.0 41.0 5.661419547963248
v 21.0 41.0 5.578899933940161
v 22.0 41.0 5.507042011029123
v 23.0 41.0 5.445679235677515
v 24.0 41.0 5.394459904231666
v 25.0 41.0 5.352857686808503
v 26.0 41.0 5.320187121915703
v 27.0 41.0 5.2956231842021495
v 28.0 41.0 5.278223893695969
v 29.0 41.0 5.266954871529248
v 30.0 41.0 5.260714760121417
v 31.0 41.0 5.258360504748535
v 32.0 41.0 5.25873162377165
v 33.0 41.0 5.260672759666248
v 34.0 41.0 5.263053985155763
v 35.0 41.0 5.26478852227012
v 36.0 41.0 5.264847703643517
v 37.0 41.0 5.262273154795806
v 38.0 41.0 5.256186297126971
v 39.0 41.0 5.245795361062922
v 40.0 41.0 5.230400157502707
v 41.0 41.0 5.209394886166679
v 42.0 41.0 5.1822692660599
v 43.0 41.0 5.148608261402193
v 44.0 41.0 5.108090651638195
v 45.0 41.0 5.060486661821831
v 46.0 41.0 5.005654834362994
v 47.0 41.0 4.943538288488827
v 48.0 41.0 4.874160482446546
v 49.0 41.0 4.797620567107529
v -50.0 42.0 5.875522948976288
v -49.0 42.0 6.019603738871413
v -48.0 42.0 6.16380896053364
v -47.0 42.0 6.307963761574844
v -46.0 42.0 6.451879982972078
v -45.0 42.0 6.5953568059470875
v -44.0 42.0 6.738181716013017
v -43.0 42.0 6.880131749427535
v -42.0 42.0 7.020974968084557
v -41.0 42.0 7.160472090419286
v -40.0 42.0 7.298378189446924
v -39.0 42.0 7.4344443559359235
v -38.0 42.0 7.568419216269151
v -37.0 42.0 7.70005019202654
v -36.0 42.0 7.829084392808602
v -35.0 42.0 7.9552690461082225
v -34.0 42.0 8.078351388543084
v -33.0 42.0 8.19807797141778
v -32.0 42.0 8.314193369770187
v -31.0 42.0 8.426438326531693
v -30.0 42.0 8.534547410317046
v -29.0 42.0 8.638246314157138
v -28.0 42.0 8.737248970143202
v -27.0 42.0 8.83125469797973
v -26.0 42.0 8.91994564011263
v -25.0 42.0 9.002984758665358
v -24.0 42.0 9.080014676414555
v -23.0 42.0 9.15065763260764
v -22.0 42.0 9.214516792654596
v -21.0 42.0 9.271179097978141
v -20.0 42.0 9.320219769506805
v -19.0 42.0 9.36120848813304
v -18.0 42.0 9.393717172463033
v -17.0 42.0 9.417329164643363
v -16.0 42.0 9.431649526736045
v -15.0 42.0 9.436316051818382
v -14.0 42.0 9.431010514850287
v -13.0 42.0 9.415469637053612
v -12.0 42.0 9.389495221365971
v -11.0 42.0 9.352962940419355
v -10.0 42.0 9.305829324231546
v -9.0 42.0 9.248136600359773
v -8.0 42.0 9.180015178506315
v -7.0 42.0 9.101683734325702
v -6.0 42.0 9.013447019867643
v -5.0 42.0 8.915691694723982
v -4.0 42.0 8.808880615652654
v -3.0 42.0 8.693546127216383
v -2.0 42.0 8.570282948544078
v -1.0 42.0 8.439741242978947
v 0.0 42.0 8.302620385364202
v 1.0 42.0 8.159663810105286
v 2.0 42.0 8.011655142949213
v 3.0 42.0 7.859415607875754
v 4.0 42.0 7.703802479534857
v 5.0 42.0 7.545708145691677
v 6.0 42.0 7.38605917734318
v 7.0 42.0 7.22581469769484
v 8.0 42.0 7.065963310516708
v 9.0 42.0 6.907517901295034
v 10.0 42.0 6.7515077598792015
v 11.0 42.0 6.598967680696964
v 12.0 42.0 6.450923957574594
v 13.0 42.0 6.308377479969992
v 14.0 42.0 6.172284427634755
v 15.0 42.0 6.043535322547985
v 16.0 42.0 5.922933404335721
v 17.0 42.0 5.811173427818889
v 18.0 42.0 5.708822026069399
v 19.0 42.0 5.616300735588268
v 20.0 42.0 5.533872647221795
v 21.0 42.0 5.461633440654854
v 22.0 42.0 5.399507301619359
v 23.0 42.0 5.347247933190501
v 24.0 42.0 5.30444458088547
v 25.0 42.0 5.2705327195711975
v 26.0 42.0 5.244808818653428
v 27.0 42.0 5.226448425572507
v 28.0 42.0 5.214526694914769
v 29.0 42.0 5.208040443644885
v 30.0 42.0 5.205930828313279
v 31.0 42.0 5.20710580896837
v 32.0 42.0 5.210461674865311
v 33.0 42.0 5.214903045060403
v 34.0 42.0 5.219360908512487
v 35.0 42.0 5.222808420376641
v 36.0 42.0 5.224274312887554
v 37.0 42.0 5.222853902460929
v 38.0 42.0 5.217717774265618
v 39.0 42.0 5.208118299318352
v 40.0 42.0 5.193394187450177
v 41.0 42.0 5.172973304611517
v 42.0 42.0 5.146373988615218
v 43.0 42.0 5.113205088003426
v 44.0 42.0 5.073164928887476
v 45.0 42.0 5.0260393887045165
v 46.0 42.0 4.971699227625001
v 47.0 42.0 4.910096800818268
v 48.0 42.0 4.841262250079184
v 49.0 42.0 4.765299252758234
v -50.0 43.0 5.848430125840363
v -49.0 43.0 5.98900006265335
v -48.0 43.0 6.129452742499156
v -47.0 43.0 6.269613725933265
v -46.0 43.0 6.409296936719974
v -45.0 43.0 6.548305291552694
v -44.0 43.0 6.686431613082784
v -43.0 43.0 6.823459793774292
v -42.0 43.0 6.959166160615292
v -41.0 43.0 7.0933209739100445
v -40.0 43.0 7.2256899783919835
v -39.0 43.0 7.356035912951473
v -38.0 43.0 7.484119877587837
v -37.0 43.0 7.609702453924712
v -36.0 43.0 7.732544479763445
v -35.0 43.0 7.852407389429744
v -34.0 43.0 7.969053050485062
v -33.0 43.0 8.08224305368193
v -32.0 43.0 8.19173744628904
v -31.0 43.0 8.297292937984706
v -30.0 43.0 8.398660651721682
v -29.0 43.0 8.49558353704347
v -28.0 43.0 8.587793607519375
v -27.0 43.0 8.675009204108251
v -26.0 43.0 8.756932518975969
v -25.0 43.0 8.833247636180557
v -24.0 43.0 8.903619353545466
v -23.0 43.0 8.967693041339391
v -22.0 43.0 9.025095766277458
v -21.0 43.0 9.075438863183136
v -20.0 43.0 9.118322072106432
v -19.0 43.0 9.153339278035357
v -18.0 43.0 9.18008579743806
v -17.0 43.0 9.19816705615651
v -16.0 43.0 9.207208403388224
v -15.0 43.0 9.206865714309666
v -14.0 43.0 9.196836357345472
v -13.0 43.0 9.176870048860835
v -12.0 43.0 9.146779094716603
v -11.0 43.0 9.106447529318494
v -10.0 43.0 9.05583871050771
v -9.0 43.0 8.995001011674377
v -8.0 43.0 8.924071366139378
v -7.0 43.0 8.843276555033503
v -6.0 43.0 8.752932277528432
v -5.0 43.0 8.653440188150082
v -4.0 43.0 8.545283215931942
v -3.0 43.0 8.429019580792625
v -2.0 43.0 8.305275982305066
v -1.0 43.0 8.174740447110642
v 0.0 43.0 8.038155280557962
v 1.0 43.0 7.896310478188052
v 2.0 43.0 7.750037821598517
v 3.0 43.0 7.60020572429415
v 4.0 43.0 7.447714723602698
v 5.0 43.0 7.293493353996816
v 6.0 43.0 7.1384940046177325
v 7.0 43.0 6.983688276564518
v 8.0 43.0 6.830061326309238
v 9.0 43.0 6.678604717041761
v 10.0 43.0 6.530307399352657
v 11.0 43.0 6.386144598659625
v 12.0 43.0 6.247064584825363
v 13.0 43.0 6.113973520091632
v 14.0 43.0 5.987718802435544
v 15.0 43.0 5.869071520000684
v 16.0 43.0 5.758708787773246
v 17.0 43.0 5.657196833994831
v 18.0 43.0 5.564975730913563
v 19.0 43.0 5.482346619479346
v 20.0 43.0 5.409462164829391
v 21.0 43.0 5.346320809745125
v 22.0 43.0 5.292765182640102
v 23.0 43.0 5.24848478417451
v 24.0 43.0 5.213022842406571
v 25.0 43.0 5.185787009493546
v 26.0 43.0 5.166063389411433
v 27.0 43.0 5.153033247743495
v 28.0 43.0 5.145791668008697
v 29.0 43.0 5.143367385780288
v 30.0 43.0 5.144743048731401
v 31.0 43.0 5.1488752105976054
v 32.0 43.0 5.154713460009079
v 33.0 43.0 5.161218199943647
v 34.0 43.0 5.16737671875349
v 35.0 43.0 5.17221731881648
v 36.0 43.0 5.174821385096996
v 37.0 43.0 5.174333376761413
v 38.0 43.0 5.169968806415899
v 39.0 43.0 5.161020331813407
v 40.0 43.0 5.14686212436364
v 41.0 43.0 5.126952699436737
v 42.0 43.0 5.100836398339526
v 43.0 43.0 5.068143704612853
v 44.0 43.0 5.028590561732031
v 45.0 43.0 4.981976838938972
v 46.0 43.0 4.928184069849852
v 47.0 43.0 4.867172567078226
v 48.0 43.0 4.798977997104588
v 49.0 43.0 4.723707484051628
v -50.0 44.0 5.816998946344657
v -49.0 44.0 5.954163119228405
v -48.0 44.0 6.090984695132666
v -47.0 44.0 6.227289270120705
v -46.0 44.0 6.3628922823402245
v -45.0 44.0 6.497599623979919
v -44.0 44.0 6.631208506505282
v -43.0 44.0 6.763508549032393
v -42.0 44.0 6.894283043819503
v -41.0 44.0 7.023310337596515
v -40.0 44.0 7.150365253848932
v -39.0 44.0 7.275220470331876
v -38.0 44.0 7.397647759126204
v -37.0 44.0 7.517418994514146
v -36.0 44.0 7.634306837754588
v -35.0 44.0 7.748085018156791
v -34.0 44.0 7.858528147050085
v -33.0 44.0 7.965411025296212
v -32.0 44.0 8.068507435399273
v -31.0 44.0 8.167588445037858
v -30.0 44.0 8.262420288450306
v -29.0 44.0 8.352761933511816
v -28.0 44.0 8.438362483060681
v -27.0 44.0 8.518958596215338
v -26.0 44.0 8.59427214602012
v -25.0 44.0 8.664008350693658
v -24.0 44.0 8.727854624167698
v -23.0 44.0 8.785480385098298
v -22.0 44.0 8.83653804043847
v -21.0 44.0 8.880665319300018
v -20.0 44.0 8.917489075724113
v -19.0 44.0 8.946630607007187
v -18.0 44.0 8.967712450693012
v -17.0 44.0 8.980366532912957
v -16.0 44.0 8.98424344927519
v -15.0 44.0 8.979022573647992
v -14.0 44.0 8.964422616986356
v -13.0 44.0 8.940212204615708
v -12.0 44.0 8.9062200120116
v -11.0 44.0 8.86234400041942
v -10.0 44.0 8.808559326765481
v -9.0 44.0 8.744924566664926
v -8.0 44.0 8.671585981443487
v -7.0 44.0 8.588779673562533
v -6.0 44.0 8.496831600717991
v -5.0 44.0 8.3961555463495
v -4.0 44.0 8.287249261625956
v -3.0 44.0 8.170689089740124
v -2.0 44.0 8.047123447695354
v -1.0 44.0 7.917265566648057
v 0.0 44.0 7.781885876036046
v 1.0 44.0 7.641804360380204
v 2.0 44.0 7.49788312661001
v 3.0 44.0 7.351019304066472
v 4.0 44.0 7.2021382722998215
v 5.0 44.0 7.05218708861471
v 6.0 44.0 6.902127883408262
v 7.0 44.0 6.752930920428018
v 8.0 44.0 6.605566991512108
v 9.0 44.0 6.460998836790086
v 10.0 44.0 6.320171351774176
v 11.0 44.0 6.184000456565482
v 12.0 44.0 6.053360648629723
v 13.0 44.0 5.929071424314515
v 14.0 44.0 5.811882918184745
v 15.0 44.0 5.702461255669002
v 16.0 44.0 5.601374227413098
v 17.0 44.0 5.509077960558249
v 18.0 44.0 5.425905275162299
v 19.0 44.0 5.352056371023002
v 20.0 44.0 5.28759239479711
v 21.0 44.0 5.232432298216807
v 22.0 44.0 5.18635322805768
v 23.0 44.0 5.148994502449101
v 24.0 44.0 5.119865042030934
v 25.0 44.0 5.098353953319059
v 26.0 44.0 5.083743818040455
v 27.0 44.0 5.07522613529096
v 28.0 44.0 5.0719182982749444
v 29.0 44.0 5.072881465089446
v 30.0 44.0 5.077138700715302
v 31.0 44.0 5.0836928191991895
v 32.0 44.0 5.091543432946998
v 33.0 44.0 5.099702811003231
v 34.0 44.0 5.107210250979325
v 35.0 44.0 5.1131447715105125
v 36.0 44.0 5.116636026788355
v 37.0 44.0 5.116873426682234
v 38.0 44.0 5.113113512049317
v 39.0 44.0 5.10468568375584
v 40.0 44.0 5.090996416058481
v 41.0 44.0 5.071532101972523
v 42.0 44.0 5.045860682604082
v 43.0 44.0 5.013632207124809
v 44.0 44.0 4.974578458188638
v 45.0 44.0 4.928511761997273
v 46.0 44.0 4.875323085369952
v 47.0 44.0 4.814979505989424
v 48.0 44.0 4.747521127835131
v 49.0 44.0 4.673057502483133
v -50.0 45.0 5.781140030121964
v -49.0 45.0 5.91499753735349
v -48.0 45.0 6.048303579892195
v -47.0 45.0 6.180883535912095
v -46.0 45.0 6.312553930568696
v -45.0 45.0 6.443123029167787
v -44.0 45.0 6.5723916570194705
v -43.0 45.0 6.700154218236421
v -42.0 45.0 6.826199871358744
v -41.0 45.0 6.950313805873793
v -40.0 45.0 7.072278551387066
v -39.0 45.0 7.191875241392614
v -38.0 45.0 7.308884747299345
v -37.0 45.0 7.423088596548898
v -36.0 45.0 7.534269592137473
v -35.0 45.0 7.642212060247564
v -34.0 45.0 7.746701668342094
v -33.0 45.0 7.847524777952195
v -32.0 45.0 7.9444673240651325
v -31.0 45.0 8.037313245597112
v -30.0 45.0 8.12584252754869
v -29.0 45.0 8.209828953261022
v -28.0 45.0 8.289037702481343
v -27.0 45.0 8.363222965149905
v -26.0 45.0 8.432125769191877
v -25.0 45.0 8.495472240371898
v -24.0 45.0 8.552972520861506
v -23.0 45.0 8.604320568404443
v -22.0 45.0 8.64919503830259
v -21.0 45.0 8.687261415210592
v -20.0 45.0 8.718175511296671
v -19.0 45.0 8.74158838326638
v -18.0 45.0 8.757152645864583
v -17.0 45.0 8.764530077778415
v -16.0 45.0 8.763400332405785
v -15.0 45.0 8.753470486530082
v -14.0 45.0 8.73448509070003
v -13.0 45.0 8.70623633205253
v -12.0 45.0 8.66857388872005
v -11.0 45.0 8.621414048827182
v -10.0 45.0 8.56474768858024
v -9.0 45.0 8.498646753035574
v -8.0 45.0 8.423268957278687
v -7.0 45.0 8.338860519976503
v -6.0 45.0 8.245756848402314
v -5.0 45.0 8.144381205246315
v -4.0 45.0 8.035241493113652
v -3.0 45.0 7.918925382969388
v -2.0 45.0 7.79609407945132
v -1.0 45.0 7.667475052620862
v 0.0 45.0 7.533854069036858
v 1.0 45.0 7.396066825238989
v 2.0 45.0 7.254990427752094
v 3.0 45.0 7.111534882947655
v 4.0 45.0 6.9666346676355495
v 5.0 45.0 6.821240358865951
v 6.0 45.0 6.676310221156534
v 7.0 45.0 6.532801592131979
v 8.0 45.0 6.3916618817628885
v 9.0 45.0 6.2538190107898135
v 10.0 45.0 6.120171160976542
v 11.0 45.0 5.991575789541651
v 12.0 45.0 5.868837964365632
v 13.0 45.0 5.7526981940730035
v 14.0 45.0 5.6438200446736495
v 15.0 45.0 5.542777938604173
v 16.0 45.0 5.45004561047066
v 17.0 45.0 5.365985736950588
v 18.0 45.0 5.290841260292813
v 19.0 45.0 5.224728884133492
v 20.0 45.0 5.16763513981548
v 21.0 45.0 5.119415307927506
v 22.0 45.0 5.079795343324047
v 23.0 45.0 5.048376804295847
v 24.0 45.0 5.0246446402321
v 25.0 45.0 5.0079775586812145
v 26.0 45.0 4.997660581911177
v 27.0 45.0 4.992899321898295
v 28.0 45.0 4.992835454952592
v 29.0 45.0 4.996562863482138
v 30.0 45.0 5.003143930301636
v 31.0 45.0 5.011625515597107
v 32.0 45.0 5.021054211714263
v 33.0 45.0 5.030490549064482
v 34.0 45.0 5.0390219103303355
v 35.0 45.0 5.0457739931450245
v 36.0 45.0 5.049920738019105
v 37.0 45.0 5.050692704465483
v 38.0 45.0 5.047383931579414
v 39.0 45.0 5.039357358825152
v 40.0 45.0 5.0260489088321485
v 41.0 45.0 5.006970347992308
v 42.0 45.0 4.981711044637327
v 43.0 45.0 4.949938740973401
v 44.0 45.0 4.911399446228927
v 45.0 45.0 4.865916546922455
v 46.0 45.0 4.81338921773564
v 47.0 45.0 4.753790204698712
v 48.0 45.0 4.687163042318941
v 49.0 45.0 4.613618758516999
v -50.0 46.0 5.740778446956452
v -49.0 46.0 5.871421618352713
v -48.0 46.0 6.001320901867072
v -47.0 46.0 6.130301313441849
v -46.0 46.0 6.258180163493059
v -45.0 46.0 6.384767630147749
v -44.0 46.0 6.509867535652057
v -43.0 46.0 6.633278300650801
v -42.0 46.0 6.754794038063798
v -41.0 46.0 6.874205735817712
v -40.0 46.0 6.991302466582205
v -39.0 46.0 7.105872553811006
v -38.0 46.0 7.2177046177154685
v -37.0 46.0 7.326588423164287
v -36.0 46.0 7.432315454655886
v -35.0 46.0 7.534679152011826
v -34.0 46.0 7.633474754596821
v -33.0 46.0 7.728498721670562
v -32.0 46.0 7.8195477215310145
v -31.0 46.0 7.906417211620671
v -30.0 46.0 7.9888996645123465
v -29.0 46.0 8.066782529034297
v -28.0 46.0 8.139846049732713
v -27.0 46.0 8.207861099114922
v -26.0 46.0 8.270587203209553
v -25.0 46.0 8.327770959442146
v -24.0 46.0 8.379145054333872
v -23.0 46.0 8.424428085120377
v -22.0 46.0 8.463325372648155
v -21.0 46.0 8.495530922180365
v -20.0 46.0 8.520730644295435
v -19.0 46.0 8.538606891189286
v -18.0 46.0 8.548844296781276
v -17.0 46.0 8.551136835511938
v -16.0 46.0 8.545195938957916
v -15.0 46.0 8.530759436403013
v -14.0 46.0 8.507601020656718
v -13.0 46.0 8.475539888980522
v -12.0 46.0 8.434450175685058
v -11.0 46.0 8.384269781467403
v -10.0 46.0 8.325008217040255
v -9.0 46.0 8.256753115383145
v -8.0 46.0 8.179675126275994
v -7.0 46.0 8.094030984831289
v -6.0 46.0 8.000164636813563
v -5.0 46.0 7.898506400456216
v -4.0 46.0 7.789570239256306
v -3.0 46.0 7.673949304792041
v -2.0 46.0 7.552309975704987
v -1.0 46.0 7.42538466298145
v 0.0 46.0 7.2939636692408305
v 1.0 46.0 7.158886380377365
v 2.0 46.0 7.021032034060699
v 3.0 46.0 6.881310256528342
v 4.0 46.0 6.740651494313249
v 5.0 46.0 6.599997399989949
v 6.0 46.0 6.460291170025862
v 7.0 46.0 6.3224677869741015
v 8.0 46.0 6.187444094290039
v 9.0 46.0 6.0561086340305375
v 10.0 46.0 5.929311206357181
v 11.0 46.0 5.8078521624297474
v 12.0 46.0 5.69247151309534
v 13.0 46.0 5.583838016416428
v 14.0 46.0 5.482538487709782
v 15.0 46.0 5.389067646253822
v 16.0 46.0 5.303818863945468
v 17.0 46.0 5.227076205741391
v 18.0 46.0 5.15900814534392
v 19.0 46.0 5.099663301249861
v 20.0 46.0 5.048968470314289
v 21.0 46.0 5.006729143772738
v 22.0 46.0 4.9726325819476696
v 23.0 46.0 4.946253407797585
v 24.0 46.0 4.92706156559421
v 25.0 46.0 4.914432388247892
v 26.0 46.0 4.907658432551134
v 27.0 46.0 4.9059626811391315
v 28.0 46.0 4.908512676047874
v 29.0 46.0 4.914435141624882
v 30.0 46.0 4.92283067215465
v 31.0 46.0 4.93278809799112
v 32.0 46.0 4.943398198077863
v 33.0 46.0 4.953766490707969
v 34.0 46.0 4.963024902467747
v 35.0 46.0 4.970342182301391
v 36.0 46.0 4.974932989245001
v 37.0 46.0 4.976065635497924
v 38.0 46.0 4.973068509269423
v 39.0 46.0 4.965335233593676
v 40.0 46.0 4.95232863840619
v 41.0 46.0 4.933583634770995
v 42.0 46.0 4.908709083916126
v 43.0 46.0 4.877388751613708
v 44.0 46.0 4.839381432400171
v 45.0 46.0 4.794520319988627
v 46.0 46.0 4.742711691515065
v 47.0 46.0 4.683932965165049
v 48.0 46.0 4.618230184055467
v 49.0 46.0 4.54571497444671
v -50.0 47.0 5.695855028719459
v -49.0 47.0 5.823368767377247
v -48.0 47.0 5.94996247180462
v -47.0 47.0 6.075460746702141
v -46.0 47.0 6.19968149736695
v -45.0 47.0 6.322436481936615
v -44.0 47.0 6.443532046044415
v -43.0 47.0 6.562770017044708
v -42.0 47.0 6.679948723294585
v -41.0 47.0 6.794864092763212
v -40.0 47.0 6.907310775244497
v -39.0 47.0 7.017083224486137
v -38.0 47.0 7.123976671440265
v -37.0 47.0 7.227787918365095
v -36.0 47.0 7.328315886336877
v -35.0 47.0 7.425361856373762
v -34.0 47.0 7.518729357106471
v -33.0 47.0 7.608223669746023
v -32.0 47.0 7.6936509436534495
v -31.0 47.0 7.774816942399773
v -30.0 47.0 7.851525469725837
v -29.0 47.0 7.92357655581225
v -28.0 47.0 7.99076451496409
v -27.0 47.0 8.052876014162276
v -26.0 47.0 8.109688315740275
v -25.0 47.0 8.160967874498061
v -24.0 47.0 8.206469477787397
v -23.0 47.0 8.24593611472567
v -22.0 47.0 8.279099746436751
v -21.0 47.0 8.305683122451287
v -20.0 47.0 8.325402749298027
v -19.0 47.0 8.337973066959302
v -18.0 47.0 8.343111829271049
v -17.0 47.0 8.340546618461461
v -16.0 47.0 8.330022355589055
v -15.0 47.0 8.311309602009311
v -14.0 47.0 8.284213386838255
v -13.0 47.0 8.24858224632322
v -12.0 47.0 8.204317127273315
v -11.0 47.0 8.151379791594414
v -10.0 47.0 8.089800364636897
v -9.0 47.0 8.019683697084483
v -8.0 47.0 7.941214257349846
v -7.0 47.0 7.854659336001078
v -6.0 47.0 7.760370421113826
v -5.0 47.0 7.658782687835796
v -4.0 47.0 7.550412630285568
v -3.0 47.0 7.435853942444094
v -2.0 47.0 7.315771820716734
v -1.0 47.0 7.1908959093277485
v 0.0 47.0 7.062012137422016
v 1.0 47.0 6.929953702644212
v 2.0 47.0 6.795591441358387
v 3.0 47.0 6.659823794131303
v 4.0 47.0 6.523566532074583
v 5.0 47.0 6.387742361811666
v 6.0 47.0 6.253270481335788
v 7.0 47.0 6.12105612254215
v 8.0 47.0 5.991980094149551
v 9.0 47.0 5.866888334478663
v 10.0 47.0 5.746581498079165
v 11.0 47.0 5.631804631847038
v 12.0 47.0 5.52323704097994
v 13.0 47.0 5.421482496895829
v 14.0 47.0 5.327059990928275
v 15.0 47.0 5.240395281776666
v 16.0 47.0 5.161813514549789
v 17.0 47.0 5.0915331995101685
v 18.0 47.0 5.029661826149948
v 19.0 47.0 4.976193352350812
v 20.0 47.0 4.931007750990413
v 21.0 47.0 4.893872721630894
v 22.0 47.0 4.864447588796889
v 23.0 47.0 4.842289317808402
v 24.0 47.0 4.826860491422666
v 25.0 47.0 4.817539012384355
v 26.0 47.0 4.813629233926227
v 27.0 47.0 4.814374176176518
v 28.0 47.0 4.8189684632642935
v 29.0 47.0 4.826571613669826
v 30.0 47.0 4.836321333283776
v 31.0 47.0 4.847346493552973
v 32.0 47.0 4.858779521896161
v 33.0 47.0 4.869767983726836
v 34.0 47.0 4.879485190421035
v 35.0 47.0 4.887139721365662
v 36.0 47.0 4.891983797519894
v 37.0 47.0 4.893320486350245
v 38.0 47.0 4.890509752175597
v 39.0 47.0 4.8829733914306255
v 40.0 47.0 4.8701989094704015
v 41.0 47.0 4.851742405250614
v 42.0 47.0 4.8272305338809955
v 43.0 47.0 4.796361616210703
v 44.0 47.0 4.758905960821402
v 45.0 47.0 4.714705458501306
v 46.0 47.0 4.6636725036448246
v 47.0 47.0 4.605788291974244
v 48.0 47.0 4.541100540116788
v 49.0 47.0 4.469720670211888
v -50.0 48.0 5.646327814423796
v -49.0 48.0 5.770789091806471
v -48.0 48.0 5.894170171063776
v -47.0 48.0 6.01629527920534
v -46.0 48.0 6.136982823958716
v -45.0 48.0 6.25604592416499
v -44.0 48.0 6.37329310428418
v -43.0 48.0 6.488529132613619
v -42.0 48.0 6.601555972358166
v -41.0 48.0 6.712173804634008
v -40.0 48.0 6.820182073520046
v -39.0 48.0 6.925380496121008
v -38.0 48.0 7.027569976010444
v -37.0 48.0 7.126553357076118
v -36.0 48.0 7.222135957298439
v -35.0 48.0 7.314125828809954
v -34.0 48.0 7.402333701960989
v -33.0 48.0 7.486572587048548
v -32.0 48.0 7.56665702754933
v -31.0 48.0 7.64240202250264
v -30.0 48.0 7.71362166214646
v -29.0 48.0 7.78012754872417
v -28.0 48.0 7.841727101964237
v -27.0 48.0 7.8982218742776915
v -26.0 48.0 7.949406022270059
v -25.0 48.0 7.9950650967572665
v -24.0 48.0 8.034975321259179
v -23.0 48.0 8.068903527337513
v -22.0 48.0 8.096607902988218
v -21.0 48.0 8.11783968700327
v -20.0 48.0 8.132345907889567
v -19.0 48.0 8.139873221463763
v -18.0 48.0 8.14017284834623
v -17.0 48.0 8.133006553768952
v -16.0 48.0 8.118153550611236
v -15.0 48.0 8.095418146141762
v -14.0 48.0 8.064637897631178
v -13.0 48.0 8.025691995863601
v -12.0 48.0 7.978509562339418
v -11.0 48.0 7.92307752866469
v -10.0 48.0 7.859447767297367
v -9.0 48.0 7.787743162229393
v -8.0 48.0 7.708162345650525
v -7.0 48.0 7.620982880006579
v -6.0 48.0 7.526562730595749
v -5.0 48.0 7.425339947279937
v -4.0 48.0 7.3178305496274545
v -3.0 48.0 7.2046246822134545
v -2.0 48.0 7.086381170565215
v -1.0 48.0 6.963820658897948
v 0.0 48.0 6.837717545239202
v 1.0 48.0 6.708890946380514
v 2.0 48.0 6.578194924783118
v 3.0 48.0 6.446508194373782
v 4.0 48.0 6.314723495915757
v 5.0 48.0 6.183736800226838
v 6.0 48.0 6.054436464309929
v 7.0 48.0 5.927692436622612
v 8.0 48.0 5.8043455875336
v 9.0 48.0 5.685197232365373
v 10.0 48.0 5.5709989183768105
v 11.0 48.0 5.462442562733414
v 12.0 48.0 5.36015105326162
v 13.0 48.0 5.264669453438403
v 14.0 48.0 5.176456982564222
v 15.0 48.0 5.095879966096696
v 16.0 48.0 5.023205964825497
v 17.0 48.0 4.958599291170495
v 18.0 48.0 4.902118104177561
v 19.0 48.0 4.853713241406144
v 20.0 48.0 4.8132288973694894
v 21.0 48.0 4.78040519770888
v 22.0 48.0 4.754882650356402
v 23.0 48.0 4.7362083848230725
v 24.0 48.0 4.72384402385578
v 25.0 48.0 4.71717497302683
v 26.0 48.0 4.715520867419104
v 27.0 48.0 4.71814688322897
v 28.0 48.0 4.72427560713821
v 29.0 48.0 4.7330991575350065
v 30.0 48.0 4.743791267592986
v 31.0 48.0 4.755519068297535
v 32.0 48.0 4.767454346498813
v 33.0 48.0 4.778784095425153
v 34.0 48.0 4.788720219326036
v 35.0 48.0 4.7965082969214174
v 36.0 48.0 4.8014353476056755
v 37.0 48.0 4.802836578112858
v 38.0 48.0 4.800101114586548
v 39.0 48.0 4.792676745425753
v 40.0 48.0 4.780073714223192
v 41.0 48.0 4.761867610363744
v 42.0 48.0 4.737701408496165
v 43.0 48.0 4.707286708354912
v 44.0 48.0 4.670404224511573
v 45.0 48.0 4.62690357268216
v 46.0 48.0 4.5767023961219575
v 47.0 48.0 4.519784873086529
v 48.0 48.0 4.456199644767015
v 49.0 48.0 4.38605720273423
v -50.0 49.0 5.592173512437991
v -49.0 49.0 5.7136510381401795
v -48.0 49.0 5.833903777679877
v -47.0 49.0 5.952755684473405
v -46.0 49.0 6.07002566135073
v -45.0 49.0 6.185528068523939
v -44.0 49.0 6.299073379547548
v -43.0 49.0 6.410468967275152
v -42.0 49.0 6.519519992467983
v -41.0 49.0 6.626030358720381
v -40.0 49.0 6.729803689343218
v -39.0 49.0 6.830644275438493
v -38.0 49.0 6.928357940262843
v -37.0 49.0 7.022752763735874
v -36.0 49.0 7.1136396131394966
v -35.0 49.0 7.200832432083754
v -34.0 49.0 7.284148249907551
v -33.0 49.0 7.3634068878373204
v -32.0 49.0 7.438430356175892
v -31.0 49.0 7.509041957980219
v -30.0 49.0 7.575065138253593
v -29.0 49.0 7.6363221424785745
v -28.0 49.0 7.69263257294811
v -27.0 49.0 7.74381195421015
v -26.0 49.0 7.789670438301523
v -25.0 49.0 7.830011794567163
v -24.0 49.0 7.8646328361006335
v -23.0 49.0 7.893323433792777
v -22.0 49.0 7.91586725859677
v -21.0 49.0 7.932043372363799
v -20.0 49.0 7.941628757530414
v -19.0 49.0 7.944401836783581
v -18.0 49.0 7.9401469870437555
v -17.0 49.0 7.9286599998377865
v -16.0 49.0 7.909754385146517
v -15.0 49.0 7.883268361348563
v -14.0 49.0 7.849072323459048
v -13.0 49.0 7.807076539024593
v -12.0 49.0 7.757238789071863
v -11.0 49.0 7.6995716531569
v -10.0 49.0 7.634149134743794
v -9.0 49.0 7.561112336722167
v -8.0 49.0 7.480673926521977
v -7.0 49.0 7.393121174423159
v -6.0 49.0 7.298817404530229
v -5.0 49.0 7.198201761747255
v -4.0 49.0 7.091787265525919
v -3.0 49.0 6.980157187462026
v -2.0 49.0 6.863959850436896
v -1.0 49.0 6.743901998000227
v 0.0 49.0 6.620740921137644
v 1.0 49.0 6.495275553833252
v 2.0 49.0 6.368336758762771
v 3.0 49.0 6.240777021329427
v 4.0 49.0 6.113459756648006
v 5.0 49.0 5.987248413492372
v 6.0 49.0 5.862995535627878
v 7.0 49.0 5.741531918295787
v 8.0 49.0 5.623655979299175
v 9.0 49.0 5.510123452574868
v 10.0 49.0 5.401637508453461
v 11.0 49.0 5.298839408726315
v 12.0 49.0 5.202299814520433
v 13.0 49.0 5.112510878092275
v 14.0 49.0 5.029879262544897
v 15.0 49.0 4.954720242485777
v 16.0 49.0 4.887253040407103
v 17.0 49.0 4.827597545482595
v 18.0 49.0 4.775772542057373
v 19.0 49.0 4.731695544215457
v 20.0 49.0 4.695184291662676
v 21.0 49.0 4.665959913199987
v 22.0 49.0 4.643651710648717
v 23.0 49.0 4.627803462119855
v 24.0 49.0 4.617881092973446
v 25.0 49.0 4.613281519322428
v 26.0 49.0 4.613342435412765
v 27.0 49.0 4.617352794594543
v 28.0 49.0 4.624563724711955
v 29.0 49.0 4.6341996222983735
v 30.0 49.0 4.645469184692523
v 31.0 49.0 4.657576163047727
v 32.0 49.0 4.669729649645627
v 33.0 49.0 4.681153747203354
v 34.0 49.0 4.691096503309546
v 35.0 49.0 4.698838027379235
v 36.0 49.0 4.703697738697401
v 37.0 49.0 4.705040720914218
v 38.0 49.0 4.702283180044601
v 39.0 49.0 4.694897019446291
v 40.0 49.0 4.682413556706443
v 41.0 49.0 4.6644264145056304
v 42.0 49.0 4.640593621218763
v 43.0 49.0 4.610638958216465
v 44.0 49.0 4.574352590494608
v 45.0 49.0 4.531591016231007
v 46.0 49.0 4.482276369836758
v 47.0 49.0 4.426395112538271
v 48.0 49.0 4.3639961448052915
v 49.0 49.0 4.295188376160778
f 1 101 2
f 2 101 102
f 2 102 3
f 3 102 103
f 3 103 4
f 4 103 104
f 4 104 5
f 5 104 105
f 5 105 6
f 6 105 106
f 6 106 7
f 7 106 107
f 7 107 8
f 8 107 108
f 8 108 9
f 9 108 109
f 9 109 10
f 10 109 110
f 10 110 11
f 11 110 111
f 11 111 12
f 12 111 112
f 12 112 13
f 13 112 113
f 13 113 14
f 14 113 114
f 14 114 15
f 15 114 115
f 15 115 16
f 16 115 116
f 16 116 17
f 17 116 117
f 17 117 18
f 18 117 118
f 18 118 19
f 19 118 119
f 19 119 20
f 20 119 120
f 20 120 21
f 21 120 121
f 21 121 22
f 22 121 122
f 22 122 23
f 23 122 123
f 23 123 24
f 24 123 124
f 24 124 25
f 25 124 125
f 25 125 26
f 26 125 126
f 26 126 27
f 27 126 127
f 27 127 28
f 28 127 128
f 28 128 29
f 29 128 129
f 29 129 30
f 30 129 130
f 30 130 31
f 31 130 131
f 31 131 32
f 32 131 132
f 32 132 33
f 33 132 133
f 33 133 34
f 34 133 134
f 34 134 35
f 35 134 135
f 35 135 36
f 36 135 136
f 36 136 37
f 37 136 137
f 37 137 38
f 38 137 138
f 38 138 39
f 39 138 139
f 39 139 40
f 40 139 140
f 40 140 41
f 41 140 141
f 41 141 42
f 42 141 142
f 42 142 43
f 43 142 143
f 43 143 44
f 44 143 144
f 44 144 45
f 45 144 145
f 45 145 46
f 46 145 146
f 46 146 47
f 47 146 147
f 47 147 48
f 48 147 148
f 48 148 49
f 49 148 149
f 49 149 50
f 50 149 150
f 50 150 51
f 51 150 151
f 51 151 52
f 52 151 152
f 52 152 53
f 53 152 153
f 53 153 54
f 54 153 154
f 54 154 55
f 55 154 155
f 55 155 56
f 56 155 156
f 56 156 57
f 57 156 157
f 57 157 58
f 58 157 158
f 58 158 59
f 59 158 159
f 59 159 60
f 60 159 160
f 60 160 61
f 61 160 161
f 61 161 62
f 62 161 162
f 62 162 63
f 63 162 163
f 63 163 64
f 64 163 164
f 64 164 65
f 65 164 165
f 65 165 66
f 66 165 166
f 66 166 67
f 67 166 167
f 67 167 68
f 68 167 168
f 68 168 69
f 69 168 169
f 69 169 70
f 70 169 170
f 70 170 71
f 71 170 171
f 71 171 72
f 72 171 172
f 72 172 73
f 73 172 173
f 73 173 74
f 74 173 174
f 74 174 75
f 75 174 175
f 75 175 76
f 76 175 176
f 76 176 77
f 77 176 177
f 77 177 78
f 78 177 178
f 78 178 79
f 79 178 179
f 79 179 80
f 80 179 180
f 80 180 81
f 81 180 181
f 81 181 82
f 82 181 182
f 82 182 83
f 83 182 183
f 83 183 84
f 84 183 184
f 84 184 85
f 85 184 185
f 85 185 86
f 86 185 186
f 86 186 87
f 87 186 187
f 87 187 88
f 88 187 188
f 88 188 89
f 89 188 189
f 89 189 90
f 90 189 190
f 90 190 91
f 91 190 191
f 91 191 92
f 92 191 192
f 92 192 93
f 93 192 193
f 93 193 94
f 94 193 194
f 94 194 95
f 95 194 195
f 95 195 96
f 96 195 196
f 96 196 97
f 97 196 197
f 97 197 98
f 98 197 198
f 98 198 99
f 99 198 199
f 99 199 100
f 100 199 200
f 101 201 102
f 102 201 202
f 102 202 103
f 103 202 203
f 103 203 104
f 104 203 204
f 104 204 105
f 105 204 205
f 105 205 106
f 106 205 206
f 106 206 107
f 107 206 207
f 107 207 108
f 108 207 208
f 108 208 109
f 109 208 209
f 109 209 110
f 110 209 210
f 110 210 111
f 111 210 211
f 111 211 112
f 112 211 212
f 112 212 113
f 113 212 213
f 113 213 114
f 114 213 214
f 114 214 115
f 115 214 215
f 115 215 116
f 116 215 216
f 116 216 117
f 117 216 217
f 117 217 118
f 118 217 218
f 118 218 119
f 119 218 219
f 119 219 120
f 120 219 220
f 120 220 121
f 121 220 221
f 121 221 122
f 122 221 222
f 122 222 123
f 123 222 223
f 123 223 124
f 124 223 224
f 124 224 125
f 125 224 225
f 125 225 126
f 126 225 226
f 126 226 127
f 127 226 227
f 127 227 128
f 128 227 228
f 128 228 129
f 129 228 229
f 129 229 130
f 130 229 230
f 130 230 131
f 131 230 231
f 131 231 132
f 132 231 232
f 132 232 133
f 133 232 233
f 133 233 134
f 134 233 234
f 134 234 135
f 135 234 235
f 135 235 136
f 136 235 236
f 136 236 137
f 137 236 237
f 137 237 138
f 138 237 238
f 138 238 139
f 139 238 239
f 139 239 140
f 140 239 240
f 140 240 141
f 141 240 241
f 141 241 142
f 142 241 242
f 142 242 143
f 143 242 243
f 143 243 144
f 144 243 244
f 144 244 145
f 145 244 245
f 145 245 146
f 146 245 246
f 146 246 147
f 147 246 247
f 147 247 148
f 148 247 248
f 148 248 149
f 149 248 249
f 149 249 150
f 150 249 250
f 150 250 151
f 151 250 251
f 151 251 152
f 152 251 252
f 152 252 153
f 153 252 253
f 153 253 154
f 154 253 254
f 154 254 155
f 155 254 255
f 155 255 156
f 156 255 256
f 156 256 157
f 157 256 257
f 157 257 158
f 158 257 258
f 158 258 159
f 159 258 259
f 159 259 160
f 160 259 260
f 160 260 161
f 161 260 261
f 161 261 162
f 162 261 262
f 162 262 163
f 163 262 263
f 163 263 164
f 164 263 264
f 164 264 165
f 165 264 265
f 165 265 166
f 166 265 266
f 166 266 167
f 167 266 267
f 167 267 168
f 168 267 268
f 168 268 169
f 169 268 269
f 169 269 170
f 170 269 270
f 170 270 171
f 171 270 271
f 171 271 172
f 172 271 272
f 172 272 173
f 173 272 273
f 173 273 174
f 174 273 274
f 174 274 175
f 175 274 275
f 175 275 176
f 176 275 276
f 176 276 177
f 177 276 277
f 177 277 178
f 178 277 278
f 178 278 179
f 179 278 279
f 179 279 180
f 180 279 280
f 180 280 181
f 181 280 281
f 181 281 182
f 182 281 282
f 182 282 183
f 183 282 283
f 183 283 184
f 184 283 284
f 184 284 185
f 185 284 285
f 185 285 186
f 186 285 286
f 186 286 187
f 187 286 287
f 187 287 188
f 188 287 288
f 188 288 189
f 189 288 289
f 189 289 190
f 190 289 290
f 190 290 191
f 191 290 291
f 191 291 192
f 192 291 292
f 192 292 193
f 193 292 293
f 193 293 194
f 194 293 294
f 194 294 195
f 195 294 295
f 195 295 196
f 196 295 296
f 196 296 197
f 197 296 297
f 197 297 198
f 198 297 298
f 198 298 199
f 199 298 299
f 199 299 200
f 200 299 300
f 201 301 202
f 202 301 302
f 202 302 203
f 203 302 303
f 203 303 204
f 204 303 304
f 204 304 205
f 205 304 305
f 205 305 206
f 206 305 306
f 206 306 207
f 207 306 307
f 207 307 208
f 208 307 308
f 208 308 209
f 209 308 309
f 209 309 210
f 210 309 310
f 210 310 211
f 211 310 311
f 211 311 212
f 212 311 312
f 212 312 213
f 213 312 313
f 213 313 214
f 214 313 314
f 214 314 215
f 215 314 315
f 215 315 216
f 216 315 316
f 216 316 217
f 217 316 317
f 217 317 218
f 218 317 318
f 218 318 219
f 219 318 319
f 219 319 220
f 220 319 320
f 220 320 221
f 221 320 321
f 221 321 222
f 222 321 322
f 222 322 223
f 223 322 323
f 223 323 224
f 224 323 324
f 224 324 225
f 225 324 325
f 225 325 226
f 226 325 326
f 226 326 227
f 227 326 327
f 227 327 228
f 228 327 328
f 228 328 229
f 229 328 329
f 229 329 230
f 230 329 330
f 230 330 231
f 231 330 331
f 231 331 232
f 232 331 332
f 232 332 233
f 233 332 333
f 233 333 234
f 234 333 334
f 234 334 235
f 235 334 335
f 235 335 236
f 236 335 336
f 236 336 237
f 237 336 337
f 237 337 238
f 238 337 338
f 238 338 239
f 239 338 339
f 239 339 240
f 240 339 340
f 240 340 241
f 241 340 341
f 241 341 242
f 242 341 342
f 242 342 243
f 243 342 343
f 243 343 244
f 244 343 344
f 244 344 245
f 245 344 345
f 245 345 246
f 246 345 346
f 246 346 247
f 247 346 347
f 247 347 248
f 248 347 348
f 248 348 249
f 249 348 349
f 249 349 250
f 250 349 350
f 250 350 251
f 251 350 351
f 251 351 252
f 252 351 352
f 252 352 253
f 253 352 353
f 253 353 254
f 254 353 354
f 254 354 255
f 255 354 355
f 255 355 256
f 256 355 356
f 256 356 257
f 257 356 357
f 257 357 258
f 258 357 358
f 258 358 259
f 259 358 359
f 259 359 260
f 260 359 360
f 260 360 261
f 261 360 361
f 261 361 262
f 262 361 362
f 262 362 263
f 263 362 363
f 263 363 264
f 264 363 364
f 264 364 265
f 265 364 365
f 265 365 266
f 266 365 366
f 266 366 267
f 267 366 367
f 267 367 268
f 268 367 368
f 268 368 269
f 269 368 369
f 269 369 270
f 270 369 370
f 270 370 271
f 271 370 371
f 271 371 272
f 272 371 372
f 272 372 273
f 273 372 373
f 273 373 274
f 274 373 374
f 274 374 275
f 275 374 375
f 275 375 276
f 276 375 376
f 276 376 277
f 277 376 377
f 277 377 278
f 278 377 378
f 278 378 279
f 279 378 379
f 279 379 280
f 280 379 380
f 280 380 281
f 281 380 381
f 281 381 282
f 282 381 382
f 282 382 283
f 283 382 383
f 283 383 284
f 284 383 384
f 284 384 285
f 285 384 385
f 285 385 286
f 286 385 386
f 286 386 287
f 287 386 387
f 287 387 288
f 288 387 388
f 288 388 289
f 289 388 389
f 289 389 290
f 290 389 390
f 290 390 291
f 291 390 391
f 291 391 292
f 292 391 392
f 292 392 293
f 293 392 393
f 293 393 294
f 294 393 394
f 294 394 295
f 295 394 395
f 295 395 296
f 296 395 396
f 296 396 297
f 297 396 397
f 297 397 298
f 298 397 398
f 298 398 299
f 299 398 399
f 299 399 300
f 300 399 400
f 301 401 302
f 302 401 402
f 302 402 303
f 303 402 403
f 303 403 304
f 304 403 404
f 304 404 305
f 305 404 405
f 305 405 306
f 306 405 406
f 306 406 307
f 307 406 407
f 307 407 308
f 308 407 408
f 308 408 309
f 309 408 409
f 309 409 310
f 310 409 410
f 310 410 311
f 311 410 411
f 311 411 312
f 312 411 412
f 312 412 313
f 313 412 413
f 313 413 314
f 314 413 414
f 314 414 315
f 315 414 415
f 315 415 316
f 316 415 416
f 316 416 317
f 317 416 417
f 317 417 318
f 318 417 418
f 318 418 319
f 319 418 419
f 319 419 320
f 320 419 420
f 320 420 321
f 321 420 421
f 321 421 322
f 322 421 422
f 322 422 323
f 323 422 423
f 323 423 324
f 324 423 424
f 324 424 325
f 325 424 425
f 325 425 326
f 326 425 426
f 326 426 327
f 327 426 427
f 327 427 328
f 328 427 428
f 328 428 329
f 329 428 429
f 329 429 330
f 330 429 430
f 330 430 331
f 331 430 431
f 331 431 332
f 332 431 432
f 332 432 333
f 333 432 433
f 333 433 334
f 334 433 434
f 334 434 335
f 335 434 435
f 335 435 336
f 336 435 436
f 336 436 337
f 337 436 437
f 337 437 338
f 338 437 438
f 338 438 339
f 339 438 439
f 339 439 340
f 340 439 440
f 340 440 341
f 341 440 441
f 341 441 342
f 342 441 442
f 342 442 343
f 343 442 443
f 343 443 344
f 344 443 444
f 344 444 345
f 345 444 445
f 345 445 346
f 346 445 446
f 346 446 347
f 347 446 447
f 347 447 348
f 348 447 448
f 348 448 349
f 349 448 449
f 349 449 350
f 350 449 450
f 350 450 351
f 351 450 451
f 351 451 352
f 352 451 452
f 352 452 353
f 353 452 453
f 353 453 354
f 354 453 454
f 354 454 355
f 355 454 455
f 355 455 356
f 356 455 456
f 356 456 357
f 357 456 457
f 357 457 358
f 358 457 458
f 358 458 359
f 359 458 459
f 359 459 360
f 360 459 460
f 360 460 361
f 361 460 461
f 361 461 362
f 362 461 462
f 362 462 363
f 363 462 463
f 363 463 364
f 364 463 464
f 364 464 365
f 365 464 465
f 365 465 366
f 366 465 466
f 366 466 367
f 367 466 467
f 367 467 368
f 368 467 468
f 368 468 369
f 369 468 469
f 369 469 370
f 370 469 470
f 370 470 371
f 371 470 471
f 371 471 372
f 372 471 472
f 372 472 373
f 373 472 473
f 373 473 374
f 374 473 474
f 374 474 375
f 375 474 475
f 375 475 376
f 376 475 476
f 376 476 377
f 377 476 477
f 377 477 378
f 378 477 478
f 378 478 379
f 379 478 479
f 379 479 380
f 380 479 480
f 380 480 381
f 381 480 481
f 381 481 382
f 382 481 482
f 382 482 383
f 383 482 483
f 383 483 384
f 384 483 484
f 384 484 385
f 385 484 485
f 385 485 386
f 386 485 486
f 386 486 387
f 387 486 487
f 387 487 388
f 388 487 488
f 388 488 389
f 389 488 489
f 389 489 390
f 390 489 490
f 390 490 391
f 391 490 491
f 391 491 392
f 392 491 492
f 392 492 393
f 393 492 493
f 393 493 394
f 394 493 494
f 394 494 395
f 395 494 495
f 395 495 396
f 396 495 496
f 396 496 397
f 397 496 497
f 397 497 398
f 398 497 498
f 398 498 399
f 399 498 499
f 399 499 400
f 400 499 500
f 401 501 402
f 402 501 502
f 402 502 403
f 403 502 503
f 403 503 404
f 404 503 504
f 404 504 405
f 405 504 505
f 405 505 406
f 406 505 506
f 406 506 407
f 407 506 507
f 407 507 408
f 408 507 508
f 408 508 409
f 409 508 509
f 409 509 410
f 410 509 510
f 410 510 411
f 411 510 511
f 411 511 412
f 412 511 512
f 412 512 413
f 413 512 513
f 413 513 414
f 414 513 514
f 414 514 415
f 415 514 515
f 415 515 416
f 416 515 516
f 416 516 417
f 417 516 517
f 417 517 418
f 418 517 518
f 418 518 419
f 419 518 519
f 419 519 420
f 420 519 520
f 420 520 421
f 421 520 521
f 421 521 422
f 422 521 522
f 422 522 423
f 423 522 523
f 423 523 424
f 424 523 524
f 424 524 425
f 425 524 525
f 425 525 426
f 426 525 526
f 426 526 427
f 427 526 527
f 427 527 428
f 428 527 528
f 428 528 429
f 429 528 529
f 429 529 430
f 430 529 530
f 430 530 431
f 431 530 531
f 431 531 432
f 432 531 532
f 432 532 433
f 433 532 533
f 433 533 434
f 434 533 534
f 434 534 435
f 435 534 535
f 435 535 436
f 436 535 536
f 436 536 437
f 437 536 537
f 437 537 438
f 438 537 538
f 438 538 439
f 439 538 539
f 439 539 440
f 440 539 540
f 440 540 441
f 441 540 541
f 441 541 442
f 442 541 542
f 442 542 443
f 443 542 543
f 443 543 444
f 444 543 544
f 444 544 445
f 445 544 545
f 445 545 446
f 446 545 546
f 446 546 447
f 447 546 547
f 447 547 448
f 448 547 548
f 448 548 449
f 449 548 549
f 449 549 450
f 450 549 550
f 450 550 451
f 451 550 551
f 451 551 452
f 452 551 552
f 452 552 453
f 453 552 553
f 453 553 454
f 454 553 554
f 454 554 455
f 455 554 555
f 455 555 456
f 456 555 556
f 456 556 457
f 457 556 557
f 457 557 458
f 458 557 558
f 458 558 459
f 459 558 559
f 459 559 460
f 460 559 560
f 460 560 461
f 461 560 561
f 461 561 462
f 462 561 562
f 462 562 463
f 463 562 563
f 463 563 464
f 464 563 564
f 464 564 465
f 465 564 565
f 465 565 466
f 466 565 566
f 466 566 467
f 467 566 567
f 467 567 468
f 468 567 568
f 468 568 469
f 469 568 569
f 469 569 470
f 470 569 570
f 470 570 471
f 471 570 571
f 471 571 472
f 472 571 572
f 472 572 473
f 473 572 573
f 473 573 474
f 474 573 574
f 474 574 475
f 475 574 575
f 475 575 476
f 476 575 576
f 476 576 477
f 477 576 577
f 477 577 478
f 478 577 578
f 478 578 479
f 479 578 579
f 479 579 480
f 480 579 580
f 480 580 481
f 481 580 581
f 481 581 482
f 482 581 582
f 482 582 483
f 483 582 583
f 483 583 484
f 484 583 584
f 484 584 485
f 485 584 585
f 485 585 486
f 486 585 586
f 486 586 487
f 487 586 587
f 487 587 488
f 488 587 588
f 488 588 489
f 489 588 589
f 489 589 490
f 490 589 590
f 490 590 491
f 491 590 591
f 491 591 492
f 492 591 592
f 492 592 493
f 493 592 593
f 493 593 494
f 494 593 594
f 494 594 495
f 495 594 595
f 495 595 496
f 496 595 596
f 496 596 497
f 497 596 597
f 497 597 498
f 498 597 598
f 498 598 499
f 499 598 599
f 499 599 500
f 500 599 600
f 501 601 502
f 502 601 602
f 502 602 503
f 503 602 603
f 503 603 504
f 504 603 604
f 504 604 505
f 505 604 605
f 505 605 506
f 506 605 606
f 506 606 507
f 507 606 607
f 507 607 508
f 508 607 608
f 508 608 509
f 509 608 609
f 509 609 510
f 510 609 610
f 510 610 511
f 511 610 611
f 511 611 512
f 512 611 612
f 512 612 513
f 513 612 613
f 513 613 514
f 514 613 614
f 514 614 515
f 515 614 615
f 515 615 516
f 516 615 616
f 516 616 517
f 517 616 617
f 517 617 518
f 518 617 618
f 518 618 519
f 519 618 619
f 519 619 520
f 520 619 620
f 520 620 521
f 521 620 621
f 521 621 522
f 522 621 622
f 522 622 523
f 523 622 623
f 523 623 524
f 524 623 624
f 524 624 525
f 525 624 625
f 525 625 526
f 526 625 626
f 526 626 527
f 527 626 627
f 527 627 528
f 528 627 628
f 528 628 529
f 529 628 629
f 529 629 530
f 530 629 630
f 530 630 531
f 531 630 631
f 531 631 532
f 532 631 632
f 532 632 533
f 533 632 633
f 533 633 534
f 534 633 634
f 534 634 535
f 535 634 635
f 535 635 536
f 536 635 636
f 536 636 537
f 537 636 637
f 537 637 538
f 538 637 638
f 538 638 539
f 539 638 639
f 539 639 540
f 540 639 640
f 540 640 541
f 541 640 641
f 541 641 542
f 542 641 642
f 542 642 543
f 543 642 643
f 543 643 544
f 544 643 644
f 544 644 545
f 545 644 645
f 545 645 546
f 546 645 646
f 546 646 547
f 547 646 647
f 547 647 548
f 548 647 648
f 548 648 549
f 549 648 649
f 549 649 550
f 550 649 650
f 550 650 551
f 551 650 651
f 551 651 552
f 552 651 652
f 552 652 553
f 553 652 653
f 553 653 554
f 554 653 654
f 554 654 555
f 555 654 655
f 555 655 556
f 556 655 656
f 556 656 557
f 557 656 657
f 557 657 558
f 558 657 658
f 558 658 559
f 559 658 659
f 559 659 560
f 560 659 660
f 560 660 561
f 561 660 661
f 561 661 562
f 562 661 662
f 562 662 563
f 563 662 663
f 563 663 564
f 564 663 664
f 564 664 565
f 565 664 665
f 565 665 566
f 566 665 666
f 566 666 567
f 567 666 667
f 567 667 568
f 568 667 668
f 568 668 569
f 569 668 669
f 569 669 570
f 570 669 670
f 570 670 571
f 571 670 671
f 571 671 572
f 572 671 672
f 572 672 573
f 573 672 673
f 573 673 574
f 574 673 674
f 574 674 575
f 575 674 675
f 575 675 576
f 576 675 676
f 576 676 577
f 577 676 677
f 577 677 578
f 578 677 678
f 578 678 579
f 579 678 679
f 579 679 580
f 580 679 680
f 580 680 581
f 581 680 681
f 581 681 582
f 582 681 682
f 582 682 583
f 583 682 683
f 583 683 584
f 584 683 684
f 584 684 585
f 585 684 685
f 585 685 586
f 586 685 686
f 586 686 587
f 587 686 687
f 587 687 588
f 588 687 688
f 588 688 589
f 589 688 689
f 589 689 590
f 590 689 690
f 590 690 591
f 591 690 691
f 591 691 592
f 592 691 692
f 592 692 593
f 593 692 693
f 593 693 594
f 594 693 694
f 594 694 595
f 595 694 695
f 595 695 596
f 596 695 696
f 596 696 597
f 597 696 697
f 597 697 598
f 598 697 698
f 598 698 599
f 599 698 699
f 599 699 600
f 600 699 700
f 601 701 602
f 602 701 702
f 602 702 603
f 603 702 703
f 603 703 604
f 604 703 704
f 604 704 605
f 605 704 705
f 605 705 606
f 606 705 706
f 606 706 607
f 607 706 707
f 607 707 608
f 608 707 708
f 608 708 609
f 609 708 709
f 609 709 610
f 610 709 710
f 610 710 611
f 611 710 711
f 611 711 612
f 612 711 712
f 612 712 613
f 613 712 713
f 613 713 614
f 614 713 714
f 614 714 615
f 615 714 715
f 615 715 616
f 616 715 716
f 616 716 617
f 617 716 717
f 617 717 618
f 618 717 718
f 618 718 619
f 619 718 719
f 619 719 620
f 620 719 720
f 620 720 621
f 621 720 721
f 621 721 622
f 622 721 722
f 622 722 623
f 623 722 723
f 623 723 624
f 624 723 724
f 624 724 625
f 625 724 725
f 625 725 626
f 626 725 726
f 626 726 627
f 627 726 727
f 627 727 628
f 628 727 728
f 628 728 629
f 629 728 729
f 629 729 630
f 630 729 730
f 630 730 631
f 631 730 731
f 631 731 632
f 632 731 732
f 632 732 633
f 633 732 733
f 633 733 634
f 634 733 734
f 634 734 635
f 635 734 735
f 635 735 636
f 636 735 736
f 636 736 637
f 637 736 737
f 637 737 638
f 638 737 738
f 638 738 639
f 639 738 739
f 639 739 640
f 640 739 740
f 640 740 641
f 641 740 741
f 641 741 642
f 642 741 742
f 642 742 643
f 643 742 743
f 643 743 644
f 644 743 744
f 644 744 645
f 645 744 745
f 645 745 646
f 646 745 746
f 646 746 647
f 647 746 747
f 647 747 648
f 648 747 748
f 648 748 649
f 649 748 749
f 649 749 650
f 650 749 750
f 650 750 651
f 651 750 751
f 651 751 652
f 652 751 752
f 652 752 653
f 653 752 753
f 653 753 654
f 654 753 754
f 654 754 655
f 655 754 755
f 655 755 656
f 656 755 756
f 656 756 657
f 657 756 757
f 657 757 658
f 658 757 758
f 658 758 659
f 659 758 759
f 659 759 660
f 660 759 760
f 660 760 661
f 661 760 761
f 661 761 662
f 662 761 762
f 662 762 663
f 663 762 763
f 663 763 664
f 664 763 764
f 664 764 665
f 665 764 765
f 665 765 666
f 666 765 766
f 666 766 667
f 667 766 767
f 667 767 668
f 668 767 768
f 668 768 669
f 669 768 769
f 669 769 670
f 670 769 770
f 670 770 671
f 671 770 771
f 671 771 672
f 672 771 772
f 672 772 673
f 673 772 773
f 673 773 674
f 674 773 774
f 674 774 675
f 675 774 775
f 675 775 676
f 676 775 776
f 676 776 677
f 677 776 777
f 677 777 678
f 678 777 778
f 678 778 679
f 679 778 779
f 679 779 680
f 680 779 780
f 680 780 681
f 681 780 781
f 681 781 682
f 682 781 782
f 682 782 683
f 683 782 783
f 683 783 684
f 684 783 784
f 684 784 685
f 685 784 785
f 685 785 686
f 686 785 786
f 686 786 687
f 687 786 787
f 687 787 688
f 688 787 788
f 688 788 689
f 689 788 789
f 689 789 690
f 690 789 790
f 690 790 691
f 691 790 791
f 691 791 692
f 692 791 792
f 692 792 693
f 693 792 793
f 693 793 694
f 694 793 794
f 694 794 695
f 695 794 795
f 695 795 696
f 696 795 796
f 696 796 697
f 697 796 797
f 697 797 698
f 698 797 798
f 698 798 699
f 699 798 799
f 699 799 700
f 700 799 800
f 701 801 702
f 702 801 802
f 702 802 703
f 703 802 803
f 703 803 704
f 704 803 804
f 704 804 705
f 705 804 805
f 705 805 706
f 706 805 806
f 706 806 707
f 707 806 807
f 707 807 708
f 708 807 808
f 708 808 709
f 709 808 809
f 709 809 710
f 710 809 810
f 710 810 711
f 711 810 811
f 711 811 712
f 712 811 812
f 712 812 713
f 713 812 813
f 713 813 714
f 714 813 814
f 714 814 715
f 715 814 815
f 715 815 716
f 716 815 816
f 716 816 717
f 717 816 817
f 717 817 718
f 718 817 818
f 718 818 719
f 719 818 819
f 719 819 720
f 720 819 820
f 720 820 721
f 721 820 821
f 721 821 722
f 722 821 822
f 722 822 723
f 723 822 823
f 723 823 724
f 724 823 824
f 724 824 725
f 725 824 825
f 725 825 726
f 726 825 826
f 726 826 727
f 727 826 827
f 727 827 728
f 728 827 828
f 728 828 729
f 729 828 829
f 729 829 730
f 730 829 830
f 730 830 731
f 731 830 831
f 731 831 732
f 732 831 832
f 732 832 733
f 733 832 833
f 733 833 734
f 734 833 834
f 734 834 735
f 735 834 835
f 735 835 736
f 736 835 836
f 736 836 737
f 737 836 837
f 737 837 738
f 738 837 838
f 738 838 739
f 739 838 839
f 739 839 740
f 740 839 840
f 740 840 741
f 741 840 841
f 741 841 742
f 742 841 842
f 742 842 743
f 743 842 843
f 743 843 744
f 744 843 844
f 744 844 745
f 745 844 845
f 745 845 746
f 746 845 846
f 746 846 747
f 747 846 847
f 747 847 748
f 748 847 848
f 748 848 749
f 749 848 849
f 749 849 750
f 750 849 850
f 750 850 751
f 751 850 851
f 751 851 752
f 752 851 852
f 752 852 753
f 753 852 853
f 753 853 754
f 754 853 854
f 754 854 755
f 755 854 855
f 755 855 756
f 756 855 856
f 756 856 757
f 757 856 857
f 757 857 758
f 758 857 858
f 758 858 759
f 759 858 859
f 759 859 760
f 760 859 860
f 760 860 761
f 761 860 861
f 761 861 762
f 762 861 862
f 762 862 763
f 763 862 863
f 763 863 764
f 764 863 864
f 764 864 765
f 765 864 865
f 765 865 766
f 766 865 866
f 766 866 767
f 767 866 867
f 767 867 768
f 768 867 868
f 768 868 769
f 769 868 869
f 769 869 770
f 770 869 870
f 770 870 771
f 771 870 871
f 771 871 772
f 772 871 872
f 772 872 773
f 773 872 873
f 773 873 774
f 774 873 874
f 774 874 775
f 775 874 875
f 775 875 776
f 776 875 876
f 776 876 777
f 777 876 877
f 777 877 778
f 778 877 878
f 778 878 779
f 779 878 879
f 779 879 780
f 780 879 880
f 780 880 781
f 781 880 881
f 781 881 782
f 782 881 882
f 782 882 783
f 783 882 883
f 783 883 784
f 784 883 884
f 784 884 785
f 785 884 885
f 785 885 786
f 786 885 886
f 786 886 787
f 787 886 887
f 787 887 788
f 788 887 888
f 788 888 789
f 789 888 889
f 789 889 790
f 790 889 890
f 790 890 791
f 791 890 891
f 791 891 792
f 792 891 892
f 792 892 793
f 793 892 893
f 793 893 794
f 794 893 894
f 794 894 795
f 795 894 895
f 795 895 796
f 796 895 896
f 796 896 797
f 797 896 897
f 797 897 798
f 798 897 898
f 798 898 799
f 799 898 899
f 799 899 800
f 800 899 900
f 801 901 802
f 802 901 902
f 802 902 803
f 803 902 903
f 803 903 804
f 804 903 904
f 804 904 805
f 805 904 905
f 805 905 806
f 806 905 906
f 806 906 807
f 807 906 907
f 807 907 808
f 808 907 908
f 808 908 809
f 809 908 909
f 809 909 810
f 810 909 910
f 810 910 811
f 811 910 911
f 811 911 812
f 812 911 912
f 812 912 813
f 813 912 913
f 813 913 814
f 814 913 914
f 814 914 815
f 815 914 915
f 815 915 816
f 816 915 916
f 816 916 817
f 817 916 917
f 817 917 818
f 818 917 918
f 818 918 819
f 819 918 919
f 819 919 820
f 820 919 920
f 820 920 821
f 821 920 921
f 821 921 822
f 822 921 922
f 822 922 823
f 823 922 923
f 823 923 824
f 824 923 924
f 824 924 825
f 825 924 925
f 825 925 826
f 826 925 926
f 826 926 827
f 827 926 927
f 827 927 828
f 828 927 928
f 828 928 829
f 829 928 929
f 829 929 830
f 830 929 930
f 830 930 831
f 831 930 931
f 831 931 832
f 832 931 932
f 832 932 833
f 833 932 933
f 833 933 834
f 834 933 934
f 834 934 835
f 835 934 935
f 835 935 836
f 836 935 936
f 836 936 837
f 837 936 937
f 837 937 838
f 838 937 938
f 838 938 839
f 839 938 939
f 839 939 840
f 840 939 940
f 840 940 841
f 841 940 941
f 841 941 842
f 842 941 942
f 842 942 843
f 843 942 943
f 843 943 844
f 844 943 944
f 844 944 845
f 845 944 945
f 845 945 846
f 846 945 946
f 846 946 847
f 847 946 947
f 847 947 848
f 848 947 948
f 848 948 849
f 849 948 949
f 849 949 850
f 850 949 950
f 850 950 851
f 851 950 951
f 851 951 852
f 852 951 952
f 852 952 853
f 853 952 953
f 853 953 854
f 854 953 954
f 854 954 855
f 855 954 955
f 855 955 856
f 856 955 956
f 856 956 857
f 857 956 957
f 857 957 858
f 858 957 958
f 858 958 859
f 859 958 959
f 859 959 860
f 860 959 960
f 860 960 861
f 861 960 961
f 861 961 862
f 862 961 962
f 862 962 863
f 863 962 963
f 863 963 864
f 864 963 964
f 864 964 865
f 865 964 965
f 865 965 866
f 866 965 966
f 866 966 867
f 867 966 967
f 867 967 868
f 868 967 968
f 868 968 869
f 869 968 969
f 869 969 870
f 870 969 970
f 870 970 871
f 871 970 971
f 871 971 872
f 872 971 972
f 872 972 873
f 873 972 973
f 873 973 874
f 874 973 974
f 874 974 875
f 875 974 975
f 875 975 876
f 876 975 976
f 876 976 877
f 877 976 977
f 877 977 878
f 878 977 978
f 878 978 879
f 879 978 979
f 879 979 880
f 880 979 980
f 880 980 881
f 881 980 981
f 881 981 882
f 882 981 982
f 882 982 883
f 883 982 983
f 883 983 884
f 884 983 984
f 884 984 885
f 885 984 985
f 885 985 886
f 886 985 986
f 886 986 887
f 887 986 987
f 887 987 888
f 888 987 988
f 888 988 889
f 889 988 989
f 889 989 890
f 890 989 990
f 890 990 891
f 891 990 991
f 891 991 892
f 892 991 992
f 892 992 893
f 893 992 993
f 893 993 894
f 894 993 994
f 894 994 895
f 895 994 995
f 895 995 896
f 896 995 996
f 896 996 897
f 897 996 997
f 897 997 898
f 898 997 998
f 898 998 899
f 899 998 999
f 899 999 900
f 900 999 1000
f 901 1001 902
f 902 1001 1002
f 902 1002 903
f 903 1002 1003
f 903 1003 904
f 904 1003 1004
f 904 1004 905
f 905 1004 1005
f 905 1005 906
f 906 1005 1006
f 906 1006 907
f 907 1006 1007
f 907 1007 908
f 908 1007 1008
f 908 1008 909
f 909 1008 1009
f 909 1009 910
f 910 1009 1010
f 910 1010 911
f 911 1010 1011
f 911 1011 912
f 912 1011 1012
f 912 1012 913
f 913 1012 1013
f 913 1013 914
f 914 1013 1014
f 914 1014 915
f 915 1014 1015
f 915 1015 916
f 916 1015 1016
f 916 1016 917
f 917 1016 1017
f 917 1017 918
f 918 1017 1018
f 918 1018 919
f 919 1018 1019
f 919 1019 920
f 920 1019 1020
f 920 1020 921
f 921 1020 1021
f 921 1021 922
f 922 1021 1022
f 922 1022 923
f 923 1022 1023
f 923 1023 924
f 924 1023 1024
f 924 1024 925
f 925 1024 1025
f 925 1025 926
f 926 1025 1026
f 926 1026 927
f 927 1026 1027
f 927 1027 928
f 928 1027 1028
f 928 1028 929
f 929 1028 1029
f 929 1029 930
f 930 1029 1030
f 930 1030 931
f 931 1030 1031
f 931 1031 932
f 932 1031 1032
f 932 1032 933
f 933 1032 1033
f 933 1033 934
f 934 1033 1034
f 934 1034 935
f 935 1034 1035
f 935 1035 936
f 936 1035 1036
f 936 1036 937
f 937 1036 1037
f 937 1037 938
f 938 1037 1038
f 938 1038 939
f 939 1038 1039
f 939 1039 940
f 940 1039 1040
f 940 1040 941
f 941 1040 1041
f 941 1041 942
f 942 1041 1042
f 942 1042 943
f 943 1042 1043
f 943 1043 944
f 944 1043 1044
f 944 1044 945
f 945 1044 1045
f 945 1045 946
f 946 1045 1046
f 946 1046 947
f 947 1046 1047
f 947 1047 948
f 948 1047 1048
f 948 1048 949
f 949 1048 1049
f 949 1049 950
f 950 1049 1050
f 950 1050 951
f 951 1050 1051
f 951 1051 952
f 952 1051 1052
f 952 1052 953
f 953 1052 1053
f 953 1053 954
f 954 1053 1054
f 954 1054 955
f 955 1054 1055
f 955 1055 956
f 956 1055 1056
f 956 1056 957
f 957 1056 1057
f 957 1057 958
f 958 1057 1058
f 958 1058 959
f 959 1058 1059
f 959 1059 960
f 960 1059 1060
f 960 1060 961
f 961 1060 1061
f 961 1061 962
f 962 1061 1062
f 962 1062 963
f 963 1062 1063
f 963 1063 964
f 964 1063 1064
f 964 1064 965
f 965 1064 1065
f 965 1065 966
f 966 1065 1066
f 966 1066 967
f 967 1066 1067
f 967 1067 968
f 968 1067 1068
f 968 1068 969
f 969 1068 1069
f 969 1069 970
f 970 1069 1070
f 970 1070 971
f 971 1070 1071
f 971 1071 972
f 972 1071 1072
f 972 1072 973
f 973 1072 1073
f 973 1073 974
f 974 1073 1074
f 974 1074 975
f 975 1074 1075
f 975 1075 976
f 976 1075 1076
f 976 1076 977
f 977 1076 1077
f 977 1077 978
f 978 1077 1078
f 978 1078 979
f 979 1078 1079
f 979 1079 980
f 980 1079 1080
f 980 1080 981
f 981 1080 1081
f 981 1081 982
f 982 1081 1082
f 982 1082 983
f 983 1082 1083
f 983 1083 984
f 984 1083 1084
f 984 1084 985
f 985 1084 1085
f 985 1085 986
f 986 1085 1086
f 986 1086 987
f 987 1086 1087
f 987 1087 988
f 988 1087 1088
f 988 1088 989
f 989 1088 1089
f 989 1089 990
f 990 1089 1090
f 990 1090 991
f 991 1090 1091
f 991 1091 992
f 992 1091 1092
f 992 1092 993
f 993 1092 1093
f 993 1093 994
f 994 1093 1094
f 994 1094 995
f 995 1094 1095
f 995 1095 996
f 996 1095 1096
f 996 1096 997
f 997 1096 1097
f 997 1097 998
f 998 1097 1098
f 998 1098 999
f 999 1098 1099
f 999 1099 1000
f 1000 1099 1100
f 1001 1101 1002
f 1002 1101 1102
f 1002 1102 1003
f 1003 1102 1103
f 1003 1103 1004
f 1004 1103 1104
f 1004 1104 1005
f 1005 1104 1105
f 1005 1105 1006
f 1006 1105 1106
f 1006 1106 1007
f 1007 1106 1107
f 1007 1107 1008
f 1008 1107 1108
f 1008 1108 1009
f 1009 1108 1109
f 1009 1109 1010
f 1010 1109 1110
f 1010 1110 1011
f 1011 1110 1111
f 1011 1111 1012
f 1012 1111 1112
f 1012 1112 1013
f 1013 1112 1113
f 1013 1113 1014
f 1014 1113 1114
f 1014 1114 1015
f 1015 1114 1115
f 1015 1115 1016
f 1016 1115 1116
f 1016 1116 1017
f 1017 1116 1117
f 1017 1117 1018
f 1018 1117 1118
f 1018 1118 1019
f 1019 1118 1119
f 1019 1119 1020
f 1020 1119 1120
f 1020 1120 1021
f 1021 1120 1121
f 1021 1121 1022
f 1022 1121 1122
f 1022 1122 1023
f 1023 1122 1123
f 1023 1123 1024
f 1024 1123 1124
f 1024 1124 1025
f 1025 1124 1125
f 1025 1125 1026
f 1026 1125 1126
f 1026 1126 1027
f 1027 1126 1127
f 1027 1127 1028
f 1028 1127 1128
f 1028 1128 1029
f 1029 1128 1129
f 1029 1129 1030
f 1030 1129 1130
f 1030 1130 1031
f 1031 1130 1131
f 1031 1131 1032
f 1032 1131 1132
f 1032 1132 1033
f 1033 1132 1133
f 1033 1133 1034
f 1034 1133 1134
f 1034 1134 1035
f 1035 1134 1135
f 1035 1135 1036
f 1036 1135 1136
f 1036 1136 1037
f 1037 1136 1137
f 1037 1137 1038
f 1038 1137 1138
f 1038 1138 1039
f 1039 1138 1139
f 1039 1139 1040
f 1040 1139 1140
f 1040 1140 1041
f 1041 1140 1141
f 1041 1141 1042
f 1042 1141 1142
f 1042 1142 1043
f 1043 1142 1143
f 1043 1143 1044
f 1044 1143 1144
f 1044 1144 1045
f 1045 1144 1145
f 1045 1145 1046
f 1046 1145 1146
f 1046 1146 1047
f 1047 1146 1147
f 1047 1147 1048
f 1048 1147 1148
f 1048 1148 1049
f 1049 1148 1149
f 1049 1149 1050
f 1050 1149 1150
f 1050 1150 1051
f 1051 1150 1151
f 1051 1151 1052
f 1052 1151 1152
f 1052 1152 1053
f 1053 1152 1153
f 1053 1153 1054
f 1054 1153 1154
f 1054 1154 1055
f 1055 1154 1155
f 1055 1155 1056
f 1056 1155 1156
f 1056 1156 1057
f 1057 1156 1157
f 1057 1157 1058
f 1058 1157 1158
f 1058 1158 1059
f 1059 1158 1159
f 1059 1159 1060
f 1060 1159 1160
f 1060 1160 1061
f 1061 1160 1161
f 1061 1161 1062
f 1062 1161 1162
f 1062 1162 1063
f 1063 1162 1163
f 1063 1163 1064
f 1064 1163 1164
f 1064 1164 1065
f 1065 1164 1165
f 1065 1165 1066
f 1066 1165 1166
f 1066 1166 1067
f 1067 1166 1167
f 1067 1167 1068
f 1068 1167 1168
f 1068 1168 1069
f 1069 1168 1169
f 1069 1169 1070
f 1070 1169 1170
f 1070 1170 1071
f 1071 1170 1171
f 1071 1171 1072
f 1072 1171 1172
f 1072 1172 1073
f 1073 1172 1173
f 1073 1173 1074
f 1074 1173 1174
f 1074 1174 1075
f 1075 1174 1175
f 1075 1175 1076
f 1076 1175 1176
f 1076 1176 1077
f 1077 1176 1177
f 1077 1177 1078
f 1078 1177 1178
f 1078 1178 1079
f 1079 1178 1179
f 1079 1179 1080
f 1080 1179 1180
f 1080 1180 1081
f 1081 1180 1181
f 1081 1181 1082
f 1082 1181 1182
f 1082 1182 1083
f 1083 1182 1183
f 1083 1183 1084
f 1084 1183 1184
f 1084 1184 1085
f 1085 1184 1185
f 1085 1185 1086
f 1086 1185 1186
f 1086 1186 1087
f 1087 1186 1187
f 1087 1187 1088
f 1088 1187 1188
f 1088 1188 1089
f 1089 1188 1189
f 1089 1189 1090
f 1090 1189 1190
f 1090 1190 1091
f 1091 1190 1191
f 1091 1191 1092
f 1092 1191 1192
f 1092 1192 1093
f 1093 1192 1193
f 1093 1193 1094
f 1094 1193 1194
f 1094 1194 1095
f 1095 1194 1195
f 1095 1195 1096
f 1096 1195 1196
f 1096 1196 1097
f 1097 1196 1197
f 1097 1197 1098
f 1098 1197 1198
f 1098 1198 1099
f 1099 1198 1199
f 1099 1199 1100
f 1100 1199 1200
f 1101 1201 1102
f 1102 1201 1202
f 1102 1202 1103
f 1103 1202 1203
f 1103 1203 1104
f 1104 1203 1204
f 1104 1204 1105
f 1105 1204 1205
f 1105 1205 1106
f 1106 1205 1206
f 1106 1206 1107
f 1107 1206 1207
f 1107 1207 1108
f 1108 1207 1208
f 1108 1208 1109
f 1109 1208 1209
f 1109 1209 1110
f 1110 1209 1210
f 1110 1210 1111
f 1111 1210 1211
f 1111 1211 1112
f 1112 1211 1212
f 1112 1212 1113
f 1113 1212 1213
f 1113 1213 1114
f 1114 1213 1214
f 1114 1214 1115
f 1115 1214 1215
f 1115 1215 1116
f 1116 1215 1216
f 1116 1216 1117
f 1117 1216 1217
f 1117 1217 1118
f 1118 1217 1218
f 1118 1218 1119
f 1119 1218 1219
f 1119 1219 1120
f 1120 1219 1220
f 1120 1220 1121
f 1121 1220 1221
f 1121 1221 1122
f 1122 1221 1222
f 1122 1222 1123
f 1123 1222 1223
f 1123 1223 1124
f 1124 1223 1224
f 1124 1224 1125
f 1125 1224 1225
f 1125 1225 1126
f 1126 1225 1226
f 1126 1226 1127
f 1127 1226 1227
f 1127 1227 1128
f 1128 1227 1228
f 1128 1228 1129
f 1129 1228 1229
f 1129 1229 1130
f 1130 1229 1230
f 1130 1230 1131
f 1131 1230 1231
f 1131 1231 1132
f 1132 1231 1232
f 1132 1232 1133
f 1133 1232 1233
f 1133 1233 1134
f 1134 1233 1234
f 1134 1234 1135
f 1135 1234 1235
f 1135 1235 1136
f 1136 1235 1236
f 1136 1236 1137
f 1137 1236 1237
f 1137 1237 1138
f 1138 1237 1238
f 1138 1238 1139
f 1139 1238 1239
f 1139 1239 1140
f 1140 1239 1240
f 1140 1240 1141
f 1141 1240 1241
f 1141 1241 1142
f 1142 1241 1242
f 1142 1242 1143
f 1143 1242 1243
f 1143 1243 1144
f 1144 1243 1244
f 1144 1244 1145
f 1145 1244 1245
f 1145 1245 1146
f 1146 1245 1246
f 1146 1246 1147
f 1147 1246 1247
f 1147 1247 1148
f 1148 1247 1248
f 1148 1248 1149
f 1149 1248 1249
f 1149 1249 1150
f 1150 1249 1250
f 1150 1250 1151
f 1151 1250 1251
f 1151 1251 1152
f 1152 1251 1252
f 1152 1252 1153
f 1153 1252 1253
f 1153 1253 1154
f 1154 1253 1254
f 1154 1254 1155
f 1155 1254 1255
f 1155 1255 1156
f 1156 1255 1256
f 1156 1256 1157
f 1157 1256 1257
f 1157 1257 1158
f 1158 1257 1258
f 1158 1258 1159
f 1159 1258 1259
f 1159 1259 1160
f 1160 1259 1260
f 1160 1260 1161
f 1161 1260 1261
f 1161 1261 1162
f 1162 1261 1262
f 1162 1262 1163
f 1163 1262 1263
f 1163 1263 1164
f 1164 1263 1264
f 1164 1264 1165
f 1165 1264 1265
f 1165 1265 1166
f 1166 1265 1266
f 1166 1266 1167
f 1167 1266 1267
f 1167 1267 1168
f 1168 1267 1268
f 1168 1268 1169
f 1169 1268 1269
f 1169 1269 1170
f 1170 1269 1270
f 1170 1270 1171
f 1171 1270 1271
f 1171 1271 1172
f 1172 1271 1272
f 1172 1272 1173
f 1173 1272 1273
f 1173 1273 1174
f 1174 1273 1274
f 1174 1274 1175
f 1175 1274 1275
f 1175 1275 1176
f 1176 1275 1276
f 1176 1276 1177
f 1177 1276 1277
f 1177 1277 1178
f 1178 1277 1278
f 1178 1278 1179
f 1179 1278 1279
f 1179 1279 1180
f 1180 1279 1280
f 1180 1280 1181
f 1181 1280 1281
f 1181 1281 1182
f 1182 1281 1282
f 1182 1282 1183
f 1183 1282 1283
f 1183 1283 1184
f 1184 1283 1284
f 1184 1284 1185
f 1185 1284 1285
f 1185 1285 1186
f 1186 1285 1286
f 1186 1286 1187
f 1187 1286 1287
f 1187 1287 1188
f 1188 1287 1288
f 1188 1288 1189
f 1189 1288 1289
f 1189 1289 1190
f 1190 1289 1290
f 1190 1290 1191
f 1191 1290 1291
f 1191 1291 1192
f 1192 1291 1292
f 1192 1292 1193
f 1193 1292 1293
f 1193 1293 1194
f 1194 1293 1294
f 1194 1294 1195
f 1195 1294 1295
f 1195 1295 1196
f 1196 1295 1296
f 1196 1296 1197
f 1197 1296 1297
f 1197 1297 1198
f 1198 1297 1298
f 1198 1298 1199
f 1199 1298 1299
f 1199 1299 1200
f 1200 1299 1300
f 1201 1301 1202
f 1202 1301 1302
f 1202 1302 1203
f 1203 1302 1303
f 1203 1303 1204
f 1204 1303 1304
f 1204 1304 1205
f 1205 1304 1305
f 1205 1305 1206
f 1206 1305 1306
f 1206 1306 1207
f 1207 1306 1307
f 1207 1307 1208
f 1208 1307 1308
f 1208 1308 1209
f 1209 1308 1309
f 1209 1309 1210
f 1210 1309 1310
f 1210 1310 1211
f 1211 1310 1311
f 1211 1311 1212
f 1212 1311 1312
f 1212 1312 1213
f 1213 1312 1313
f 1213 1313 1214
f 1214 1313 1314
f 1214 1314 1215
f 1215 1314 1315
f 1215 1315 1216
f 1216 1315 1316
f 1216 1316 1217
f 1217 1316 1317
f 1217 1317 1218
f 1218 1317 1318
f 1218 1318 1219
f 1219 1318 1319
f 1219 1319 1220
f 1220 1319 1320
f 1220 1320 1221
f 1221 1320 1321
f 1221 1321 1222
f 1222 1321 1322
f 1222 1322 1223
f 1223 1322 1323
f 1223 1323 1224
f 1224 1323 1324
f 1224 1324 1225
f 1225 1324 1325
f 1225 1325 1226
f 1226 1325 1326
f 1226 1326 1227
f 1227 1326 1327
f 1227 1327 1228
f 1228 1327 1328
f 1228 1328 1229
f 1229 1328 1329
f 1229 1329 1230
f 1230 1329 1330
f 1230 1330 1231
f 1231 1330 1331
f 1231 1331 1232
f 1232 1331 1332
f 1232 1332 1233
f 1233 1332 1333
f 1233 1333 1234
f 1234 1333 1334
f 1234 1334 1235
f 1235 1334 1335
f 1235 1335 1236
f 1236 1335 1336
f 1236 1336 1237
f 1237 1336 1337
f 1237 1337 1238
f 1238 1337 1338
f 1238 1338 1239
f 1239 1338 1339
f 1239 1339 1240
f 1240 1339 1340
f 1240 1340 1241
f 1241 1340 1341
f 1241 1341 1242
f 1242 1341 1342
f 1242 1342 1243
f 1243 1342 1343
f 1243 1343 1244
f 1244 1343 1344
f 1244 1344 1245
f 1245 1344 1345
f 1245 1345 1246
f 1246 1345 1346
f 1246 1346 1247
f 1247 1346 1347
f 1247 1347 1248
f 1248 1347 1348
f 1248 1348 1249
f 1249 1348 1349
f 1249 1349 1250
f 1250 1349 1350
f 1250 1350 1251
f 1251 1350 1351
f 1251 1351 1252
f 1252 1351 1352
f 1252 1352 1253
f 1253 1352 1353
f 1253 1353 1254
f 1254 1353 1354
f 1254 1354 1255
f 1255 1354 1355
f 1255 1355 1256
f 1256 1355 1356
f 1256 1356 1257
f 1257 1356 1357
f 1257 1357 1258
f 1258 1357 1358
f 1258 1358 1259
f 1259 1358 1359
f 1259 1359 1260
f 1260 1359 1360
f 1260 1360 1261
f 1261 1360 1361
f 1261 1361 1262
f 1262 1361 1362
f 1262 1362 1263
f 1263 1362 1363
f 1263 1363 1264
f 1264 1363 1364
f 1264 1364 1265
f 1265 1364 1365
f 1265 1365 1266
f 1266 1365 1366
f 1266 1366 1267
f 1267 1366 1367
f 1267 1367 1268
f 1268 1367 1368
f 1268 1368 1269
f 1269 1368 1369
f 1269 1369 1270
f 1270 1369 1370
f 1270 1370 1271
f 1271 1370 1371
f 1271 1371 1272
f 1272 1371 1372
f 1272 1372 1273
f 1273 1372 1373
f 1273 1373 1274
f 1274 1373 1374
f 1274 1374 1275
f 1275 1374 1375
f 1275 1375 1276
f 1276 1375 1376
f 1276 1376 1277
f 1277 1376 1377
f 1277 1377 1278
f 1278 1377 1378
f 1278 1378 1279
f 1279 1378 1379
f 1279 1379 1280
f 1280 1379 1380
f 1280 1380 1281
f 1281 1380 1381
f 1281 1381 1282
f 1282 1381 1382
f 1282 1382 1283
f 1283 1382 1383
f 1283 1383 1284
f 1284 1383 1384
f 1284 1384 1285
f 1285 1384 1385
f 1285 1385 1286
f 1286 1385 1386
f 1286 1386 1287
f 1287 1386 1387
f 1287 1387 1288
f 1288 1387 1388
f 1288 1388 1289
f 1289 1388 1389
f 1289 1389 1290
f 1290 1389 1390
f 1290 1390 1291
f 1291 1390 1391
f 1291 1391 1292
f 1292 1391 1392
f 1292 1392 1293
f 1293 1392 1393
f 1293 1393 1294
f 1294 1393 1394
f 1294 1394 1295
f 1295 1394 1395
f 1295 1395 1296
f 1296 1395 1396
f 1296 1396 1297
f 1297 1396 1397
f 1297 1397 1298
f 1298 1397 1398
f 1298 1398 1299
f 1299 1398 1399
f 1299 1399 1300
f 1300 1399 1400
f 1301 1401 1302
f 1302 1401 1402
f 1302 1402 1303
f 1303 1402 1403
f 1303 1403 1304
f 1304 1403 1404
f 1304 1404 1305
f 1305 1404 1405
f 1305 1405 1306
f 1306 1405 1406
f 1306 1406 1307
f 1307 1406 1407
f 1307 1407 1308
f 1308 1407 1408
f 1308 1408 1309
f 1309 1408 1409
f 1309 1409 1310
f 1310 1409 1410
f 1310 1410 1311
f 1311 1410 1411
f 1311 1411 1312
f 1312 1411 1412
f 1312 1412 1313
f 1313 1412 1413
f 1313 1413 1314
f 1314 1413 1414
f 1314 1414 1315
f 1315 1414 1415
f 1315 1415 1316
f 1316 1415 1416
f 1316 1416 1317
f 1317 1416 1417
f 1317 1417 1318
f 1318 1417 1418
f 1318 1418 1319
f 1319 1418 1419
f 1319 1419 1320
f 1320 1419 1420
f 1320 1420 1321
f 1321 1420 1421
f 1321 1421 1322
f 1322 1421 1422
f 1322 1422 1323
f 1323 1422 1423
f 1323 1423 1324
f 1324 1423 1424
f 1324 1424 1325
f 1325 1424 1425
f 1325 1425 1326
f 1326 1425 1426
f 1326 1426 1327
f 1327 1426 1427
f 1327 1427 1328
f 1328 1427 1428
f 1328 1428 1329
f 1329 1428 1429
f 1329 1429 1330
f 1330 1429 1430
f 1330 1430 1331
f 1331 1430 1431
f 1331 1431 1332
f 1332 1431 1432
f 1332 1432 1333
f 1333 1432 1433
f 1333 1433 1334
f 1334 1433 1434
f 1334 1434 1335
f 1335 1434 1435
f 1335 1435 1336
f 1336 1435 1436
f 1336 1436 1337
f 1337 1436 1437
f 1337 1437 1338
f 1338 1437 1438
f 1338 1438 1339
f 1339 1438 1439
f 1339 1439 1340
f 1340 1439 1440
f 1340 1440 1341
f 1341 1440 1441
f 1341 1441 1342
f 1342 1441 1442
f 1342 1442 1343
f 1343 1442 1443
f 1343 1443 1344
f 1344 1443 1444
f 1344 1444 1345
f 1345 1444 1445
f 1345 1445 1346
f 1346 1445 1446
f 1346 1446 1347
f 1347 1446 1447
f 1347 1447 1348
f 1348 1447 1448
f 1348 1448 1349
f 1349 1448 1449
f 1349 1449 1350
f 1350 1449 1450
f 1350 1450 1351
f 1351 1450 1451
f 1351 1451 1352
f 1352 1451 1452
f 1352 1452 1353
f 1353 1452 1453
f 1353 1453 1354
f 1354 1453 1454
f 1354 1454 1355
f 1355 1454 1455
f 1355 1455 1356
f 1356 1455 1456
f 1356 1456 1357
f 1357 1456 1457
f 1357 1457 1358
f 1358 1457 1458
f 1358 1458 1359
f 1359 1458 1459
f 1359 1459 1360
f 1360 1459 1460
f 1360 1460 1361
f 1361 1460 1461
f 1361 1461 1362
f 1362 1461 1462
f 1362 1462 1363
f 1363 1462 1463
f 1363 1463 1364
f 1364 1463 1464
f 1364 1464 1365
f 1365 1464 1465
f 1365 1465 1366
f 1366 1465 1466
f 1366 1466 1367
f 1367 1466 1467
f 1367 1467 1368
f 1368 1467 1468
f 1368 1468 1369
f 1369 1468 1469
f 1369 1469 1370
f 1370 1469 1470
f 1370 1470 1371
f 1371 1470 1471
f 1371 1471 1372
f 1372 1471 1472
f 1372 1472 1373
f 1373 1472 1473
f 1373 1473 1374
f 1374 1473 1474
f 1374 1474 1375
f 1375 1474 1475
f 1375 1475 1376
f 1376 1475 1476
f 1376 1476 1377
f 1377 1476 1477
f 1377 1477 1378
f 1378 1477 1478
f 1378 1478 1379
f 1379 1478 1479
f 1379 1479 1380
f 1380 1479 1480
f 1380 1480 1381
f 1381 1480 1481
f 1381 1481 1382
f 1382 1481 1482
f 1382 1482 1383
f 1383 1482 1483
f 1383 1483 1384
f 1384 1483 1484
f 1384 1484 1385
f 1385 1484 1485
f 1385 1485 1386
f 1386 1485 1486
f 1386 1486 1387
f 1387 1486 1487
f 1387 1487 1388
f 1388 1487 1488
f 1388 1488 1389
f 1389 1488 1489
f 1389 1489 1390
f 1390 1489 1490
f 1390 1490 1391
f 1391 1490 1491
f 1391 1491 1392
f 1392 1491 1492
f 1392 1492 1393
f 1393 1492 1493
f 1393 1493 1394
f 1394 1493 1494
f 1394 1494 1395
f 1395 1494 1495
f 1395 1495 1396
f 1396 1495 1496
f 1396 1496 1397
f 1397 1496 1497
f 1397 1497 1398
f 1398 1497 1498
f 1398 1498 1399
f 1399 1498 1499
f 1399 1499 1400
f 1400 1499 1500
f 1401 1501 1402
f 1402 1501 1502
f 1402 1502 1403
f 1403 1502 1503
f 1403 1503 1404
f 1404 1503 1504
f 1404 1504 1405
f 1405 1504 1505
f 1405 1505 1406
f 1406 1505 1506
f 1406 1506 1407
f 1407 1506 1507
f 1407 1507 1408
f 1408 1507 1508
f 1408 1508 1409
f 1409 1508 1509
f 1409 1509 1410
f 1410 1509 1510
f 1410 1510 1411
f 1411 1510 1511
f 1411 1511 1412
f 1412 1511 1512
f 1412 1512 1413
f 1413 1512 1513
f 1413 1513 1414
f 1414 1513 1514
f 1414 1514 1415
f 1415 1514 1515
f 1415 1515 1416
f 1416 1515 1516
f 1416 1516 1417
f 1417 1516 1517
f 1417 1517 1418
f 1418 1517 1518
f 1418 1518 1419
f 1419 1518 1519
f 1419 1519 1420
f 1420 1519 1520
f 1420 1520 1421
f 1421 1520 1521
f 1421 1521 1422
f 1422 1521 1522
f 1422 1522 1423
f 1423 1522 1523
f 1423 1523 1424
f 1424 1523 1524
f 1424 1524 1425
f 1425 1524 1525
f 1425 1525 1426
f 1426 1525 1526
f 1426 1526 1427
f 1427 1526 1527
f 1427 1527 1428
f 1428 1527 1528
f 1428 1528 1429
f 1429 1528 1529
f 1429 1529 1430
f 1430 1529 1530
f 1430 1530 1431
f 1431 1530 1531
f 1431 1531 1432
f 1432 1531 1532
f 1432 1532 1433
f 1433 1532 1533
f 1433 1533 1434
f 1434 1533 1534
f 1434 1534 1435
f 1435 1534 1535
f 1435 1535 1436
f 1436 1535 1536
f 1436 1536 1437
f 1437 1536 1537
f 1437 1537 1438
f 1438 1537 1538
f 1438 1538 1439
f 1439 1538 1539
f 1439 1539 1440
f 1440 1539 1540
f 1440 1540 1441
f 1441 1540 1541
f 1441 1541 1442
f 1442 1541 1542
f 1442 1542 1443
f 1443 1542 1543
f 1443 1543 1444
f 1444 1543 1544
f 1444 1544 1445
f 1445 1544 1545
f 1445 1545 1446
f 1446 1545 1546
f 1446 1546 1447
f 1447 1546 1547
f 1447 1547 1448
f 1448 1547 1548
f 1448 1548 1449
f 1449 1548 1549
f 1449 1549 1450
f 1450 1549 1550
f 1450 1550 1451
f 1451 1550 1551
f 1451 1551 1452
f 1452 1551 1552
f 1452 1552 1453
f 1453 1552 1553
f 1453 1553 1454
f 1454 1553 1554
f 1454 1554 1455
f 1455 1554 1555
f 1455 1555 1456
f 1456 1555 1556
f 1456 1556 1457
f 1457 1556 1557
f 1457 1557 1458
f 1458 1557 1558
f 1458 1558 1459
f 1459 1558 1559
f 1459 1559 1460
f 1460 1559 1560
f 1460 1560 1461
f 1461 1560 1561
f 1461 1561 1462
f 1462 1561 1562
f 1462 1562 1463
f 1463 1562 1563
f 1463 1563 1464
f 1464 1563 1564
f 1464 1564 1465
f 1465 1564 1565
f 1465 1565 1466
f 1466 1565 1566
f 1466 1566 1467
f 1467 1566 1567
f 1467 1567 1468
f 1468 1567 1568
f 1468 1568 1469
f 1469 1568 1569
f 1469 1569 1470
f 1470 1569 1570
f 1470 1570 1471
f 1471 1570 1571
f 1471 1571 1472
f 1472 1571 1572
f 1472 1572 1473
f 1473 1572 1573
f 1473 1573 1474
f 1474 1573 1574
f 1474 1574 1475
f 1475 1574 1575
f 1475 1575 1476
f 1476 1575 1576
f 1476 1576 1477
f 1477 1576 1577
f 1477 1577 1478
f 1478 1577 1578
f 1478 1578 1479
f 1479 1578 1579
f 1479 1579 1480
f 1480 1579 1580
f 1480 1580 1481
f 1481 1580 1581
f 1481 1581 1482
f 1482 1581 1582
f 1482 1582 1483
f 1483 1582 1583
f 1483 1583 1484
f 1484 1583 1584
f 1484 1584 1485
f 1485 1584 1585
f 1485 1585 1486
f 1486 1585 1586
f 1486 1586 1487
f 1487 1586 1587
f 1487 1587 1488
f 1488 1587 1588
f 1488 1588 1489
f 1489 1588 1589
f 1489 1589 1490
f 1490 1589 1590
f 1490 1590 1491
f 1491 1590 1591
f 1491 1591 1492
f 1492 1591 1592
f 1492 1592 1493
f 1493 1592 1593
f 1493 1593 1494
f 1494 1593 1594
f 1494 1594 1495
f 1495 1594 1595
f 1495 1595 1496
f 1496 1595 1596
f 1496 1596 1497
f 1497 1596 1597
f 1497 1597 1498
f 1498 1597 1598
f 1498 1598 1499
f 1499 1598 1599
f 1499 1599 1500
f 1500 1599 1600
f 1501 1601 1502
f 1502 1601 1602
f 1502 1602 1503
f 1503 1602 1603
f 1503 1603 1504
f 1504 1603 1604
f 1504 1604 1505
f 1505 1604 1605
f 1505 1605 1506
f 1506 1605 1606
f 1506 1606 1507
f 1507 1606 1607
f 1507 1607 1508
f 1508 1607 1608
f 1508 1608 1509
f 1509 1608 1609
f 1509 1609 1510
f 1510 1609 1610
f 1510 1610 1511
f 1511 1610 1611
f 1511 1611 1512
f 1512 1611 1612
f 1512 1612 1513
f 1513 1612 1613
f 1513 1613 1514
f 1514 1613 1614
f 1514 1614 1515
f 1515 1614 1615
f 1515 1615 1516
f 1516 1615 1616
f 1516 1616 1517
f 1517 1616 1617
f 1517 1617 1518
f 1518 1617 1618
f 1518 1618 1519
f 1519 1618 1619
f 1519 1619 1520
f 1520 1619 1620
f 1520 1620 1521
f 1521 1620 1621
f 1521 1621 1522
f 1522 1621 1622
f 1522 1622 1523
f 1523 1622 1623
f 1523 1623 1524
f 1524 1623 1624
f 1524 1624 1525
f 1525 1624 1625
f 1525 1625 1526
f 1526 1625 1626
f 1526 1626 1527
f 1527 1626 1627
f 1527 1627 1528
f 1528 1627 1628
f 1528 1628 1529
f 1529 1628 1629
f 1529 1629 1530
f 1530 1629 1630
f 1530 1630 1531
f 1531 1630 1631
f 1531 1631 1532
f 1532 1631 1632
f 1532 1632 1533
f 1533 1632 1633
f 1533 1633 1534
f 1534 1633 1634
f 1534 1634 1535
f 1535 1634 1635
f 1535 1635 1536
f 1536 1635 1636
f 1536 1636 1537
f 1537 1636 1637
f 1537 1637 1538
f 1538 1637 1638
f 1538 1638 1539
f 1539 1638 1639
f 1539 1639 1540
f 1540 1639 1640
f 1540 1640 1541
f 1541 1640 1641
f 1541 1641 1542
f 1542 1641 1642
f 1542 1642 1543
f 1543 1642 1643
f 1543 1643 1544
f 1544 1643 1644
f 1544 1644 1545
f 1545 1644 1645
f 1545 1645 1546
f 1546 1645 1646
f 1546 1646 1547
f 1547 1646 1647
f 1547 1647 1548
f 1548 1647 1648
f 1548 1648 1549
f 1549 1648 1649
f 1549 1649 1550
f 1550 1649 1650
f 1550 1650 1551
f 1551 1650 1651
f 1551 1651 1552
f 1552 1651 1652
f 1552 1652 1553
f 1553 1652 1653
f 1553 1653 1554
f 1554 1653 1654
f 1554 1654 1555
f 1555 1654 1655
f 1555 1655 1556
f 1556 1655 1656
f 1556 1656 1557
f 1557 1656 1657
f 1557 1657 1558
f 1558 1657 1658
f 1558 1658 1559
f 1559 1658 1659
f 1559 1659 1560
f 1560 1659 1660
f 1560 1660 1561
f 1561 1660 1661
f 1561 1661 1562
f 1562 1661 1662
f 1562 1662 1563
f 1563 1662 1663
f 1563 1663 1564
f 1564 1663 1664
f 1564 1664 1565
f 1565 1664 1665
f 1565 1665 1566
f 1566 1665 1666
f 1566 1666 1567
f 1567 1666 1667
f 1567 1667 1568
f 1568 1667 1668
f 1568 1668 1569
f 1569 1668 1669
f 1569 1669 1570
f 1570 1669 1670
f 1570 1670 1571
f 1571 1670 1671
f 1571 1671 1572
f 1572 1671 1672
f 1572 1672 1573
f 1573 1672 1673
f 1573 1673 1574
f 1574 1673 1674
f 1574 1674 1575
f 1575 1674 1675
f 1575 1675 1576
f 1576 1675 1676
f 1576 1676 1577
f 1577 1676 1677
f 1577 1677 1578
f 1578 1677 1678
f 1578 1678 1579
f 1579 1678 1679
f 1579 1679 1580
f 1580 1679 1680
f 1580 1680 1581
f 1581 1680 1681
f 1581 1681 1582
f 1582 1681 1682
f 1582 1682 1583
f 1583 1682 1683
f 1583 1683 1584
f 1584 1683 1684
f 1584 1684 1585
f 1585 1684 1685
f 1585 1685 1586
f 1586 1685 1686
f 1586 1686 1587
f 1587 1686 1687
f 1587 1687 1588
f 1588 1687 1688
f 1588 1688 1589
f 1589 1688 1689
f 1589 1689 1590
f 1590 1689 1690
f 1590 1690 1591
f 1591 1690 1691
f 1591 1691 1592
f 1592 1691 1692
f 1592 1692 1593
f 1593 1692 1693
f 1593 1693 1594
f 1594 1693 1694
f 1594 1694 1595
f 1595 1694 1695
f 1595 1695 1596
f 1596 1695 1696
f 1596 1696 1597
f 1597 1696 1697
f 1597 1697 1598
f 1598 1697 1698
f 1598 1698 1599
f 1599 1698 1699
f 1599 1699 1600
f 1600 1699 1700
f 1601 1701 1602
f 1602 1701 1702
f 1602 1702 1603
f 1603 1702 1703
f 1603 1703 1604
f 1604 1703 1704
f 1604 1704 1605
f 1605 1704 1705
f 1605 1705 1606
f 1606 1705 1706
f 1606 1706 1607
f 1607 1706 1707
f 1607 1707 1608
f 1608 1707 1708
f 1608 1708 1609
f 1609 1708 1709
f 1609 1709 1610
f 1610 1709 1710
f 1610 1710 1611
f 1611 1710 1711
f 1611 1711 1612
f 1612 1711 1712
f 1612 1712 1613
f 1613 1712 1713
f 1613 1713 1614
f 1614 1713 1714
f 1614 1714 1615
f 1615 1714 1715
f 1615 1715 1616
f 1616 1715 1716
f 1616 1716 1617
f 1617 1716 1717
f 1617 1717 1618
f 1618 1717 1718
f 1618 1718 1619
f 1619 1718 1719
f 1619 1719 1620
f 1620 1719 1720
f 1620 1720 1621
f 1621 1720 1721
f 1621 1721 1622
f 1622 1721 1722
f 1622 1722 1623
f 1623 1722 1723
f 1623 1723 1624
f 1624 1723 1724
f 1624 1724 1625
f 1625 1724 1725
f 1625 1725 1626
f 1626 1725 1726
f 1626 1726 1627
f 1627 1726 1727
f 1627 1727 1628
f 1628 1727 1728
f 1628 1728 1629
f 1629 1728 1729
f 1629 1729 1630
f 1630 1729 1730
f 1630 1730 1631
f 1631 1730 1731
f 1631 1731 1632
f 1632 1731 1732
f 1632 1732 1633
f 1633 1732 1733
f 1633 1733 1634
f 1634 1733 1734
f 1634 1734 1635
f 1635 1734 1735
f 1635 1735 1636
f 1636 1735 1736
f 1636 1736 1637
f 1637 1736 1737
f 1637 1737 1638
f 1638 1737 1738
f 1638 1738 1639
f 1639 1738 1739
f 1639 1739 1640
f 1640 1739 1740
f 1640 1740 1641
f 1641 1740 1741
f 1641 1741 1642
f 1642 1741 1742
f 1642 1742 1643
f 1643 1742 1743
f 1643 1743 1644
f 1644 1743 1744
f 1644 1744 1645
f 1645 1744 1745
f 1645 1745 1646
f 1646 1745 1746
f 1646 1746 1647
f 1647 1746 1747
f 1647 1747 1648
f 1648 1747 1748
f 1648 1748 1649
f 1649 1748 1749
f 1649 1749 1650
f 1650 1749 1750
f 1650 1750 1651
f 1651 1750 1751
f 1651 1751 1652
f 1652 1751 1752
f 1652 1752 1653
f 1653 1752 1753
f 1653 1753 1654
f 1654 1753 1754
f 1654 1754 1655
f 1655 1754 1755
f 1655 1755 1656
f 1656 1755 1756
f 1656 1756 1657
f 1657 1756 1757
f 1657 1757 1658
f 1658 1757 1758
f 1658 1758 1659
f 1659 1758 1759
f 1659 1759 1660
f 1660 1759 1760
f 1660 1760 1661
f 1661 1760 1761
f 1661 1761 1662
f 1662 1761 1762
f 1662 1762 1663
f 1663 1762 1763
f 1663 1763 1664
f 1664 1763 1764
f 1664 1764 1665
f 1665 1764 1765
f 1665 1765 1666
f 1666 1765 1766
f 1666 1766 1667
f 1667 1766 1767
f 1667 1767 1668
f 1668 1767 1768
f 1668 1768 1669
f 1669 1768 1769
f 1669 1769 1670
f 1670 1769 1770
f 1670 1770 1671
f 1671 1770 1771
f 1671 1771 1672
f 1672 1771 1772
f 1672 1772 1673
f 1673 1772 1773
f 1673 1773 1674
f 1674 1773 1774
f 1674 1774 1675
f 1675 1774 1775
f 1675 1775 1676
f 1676 1775 1776
f 1676 1776 1677
f 1677 1776 1777
f 1677 1777 1678
f 1678 1777 1778
f 1678 1778 1679
f 1679 1778 1779
f 1679 1779 1680
f 1680 1779 1780
f 1680 1780 1681
f 1681 1780 1781
f 1681 1781 1682
f 1682 1781 1782
f 1682 1782 1683
f 1683 1782 1783
f 1683 1783 1684
f 1684 1783 1784
f 1684 1784 1685
f 1685 1784 1785
f 1685 1785 1686
f 1686 1785 1786
f 1686 1786 1687
f 1687 1786 1787
f 1687 1787 1688
f 1688 1787 1788
f 1688 1788 1689
f 1689 1788 1789
f 1689 1789 1690
f 1690 1789 1790
f 1690 1790 1691
f 1691 1790 1791
f 1691 1791 1692
f 1692 1791 1792
f 1692 1792 1693
f 1693 1792 1793
f 1693 1793 1694
f 1694 1793 1794
f 1694 1794 1695
f 1695 1794 1795
f 1695 1795 1696
f 1696 1795 1796
f 1696 1796 1697
f 1697 1796 1797
f 1697 1797 1698
f 1698 1797 1798
f 1698 1798 1699
f 1699 1798 1799
f 1699 1799 1700
f 1700 1799 1800
f 1701 1801 1702
f 1702 1801 1802
f 1702 1802 1703
f 1703 1802 1803
f 1703 1803 1704
f 1704 1803 1804
f 1704 1804 1705
f 1705 1804 1805
f 1705 1805 1706
f 1706 1805 1806
f 1706 1806 1707
f 1707 1806 1807
f 1707 1807 1708
f 1708 1807 1808
f 1708 1808 1709
f 1709 1808 1809
f 1709 1809 1710
f 1710 1809 1810
f 1710 1810 1711
f 1711 1810 1811
f 1711 1811 1712
f 1712 1811 1812
f 1712 1812 1713
f 1713 1812 1813
f 1713 1813 1714
f 1714 1813 1814
f 1714 1814 1715
f 1715 1814 1815
f 1715 1815 1716
f 1716 1815 1816
f 1716 1816 1717
f 1717 1816 1817
f 1717 1817 1718
f 1718 1817 1818
f 1718 1818 1719
f 1719 1818 1819
f 1719 1819 1720
f 1720 1819 1820
f 1720 1820 1721
f 1721 1820 1821
f 1721 1821 1722
f 1722 1821 1822
f 1722 1822 1723
f 1723 1822 1823
f 1723 1823 1724
f 1724 1823 1824
f 1724 1824 1725
f 1725 1824 1825
f 1725 1825 1726
f 1726 1825 1826
f 1726 1826 1727
f 1727 1826 1827
f 1727 1827 1728
f 1728 1827 1828
f 1728 1828 1729
f 1729 1828 1829
f 1729 1829 1730
f 1730 1829 1830
f 1730 1830 1731
f 1731 1830 1831
f 1731 1831 1732
f 1732 1831 1832
f 1732 1832 1733
f 1733 1832 1833
f 1733 1833 1734
f 1734 1833 1834
f 1734 1834 1735
f 1735 1834 1835
f 1735 1835 1736
f 1736 1835 1836
f 1736 1836 1737
f 1737 1836 1837
f 1737 1837 1738
f 1738 1837 1838
f 1738 1838 1739
f 1739 1838 1839
f 1739 1839 1740
f 1740 1839 1840
f 1740 1840 1741
f 1741 1840 1841
f 1741 1841 1742
f 1742 1841 1842
f 1742 1842 1743
f 1743 1842 1843
f 1743 1843 1744
f 1744 1843 1844
f 1744 1844 1745
f 1745 1844 1845
f 1745 1845 1746
f 1746 1845 1846
f 1746 1846 1747
f 1747 1846 1847
f 1747 1847 1748
f 1748 1847 1848
f 1748 1848 1749
f 1749 1848 1849
f 1749 1849 1750
f 1750 1849 1850
f 1750 1850 1751
f 1751 1850 1851
f 1751 1851 1752
f 1752 1851 1852
f 1752 1852 1753
f 1753 1852 1853
f 1753 1853 1754
f 1754 1853 1854
f 1754 1854 1755
f 1755 1854 1855
f 1755 1855 1756
f 1756 1855 1856
f 1756 1856 1757
f 1757 1856 1857
f 1757 1857 1758
f 1758 1857 1858
f 1758 1858 1759
f 1759 1858 1859
f 1759 1859 1760
f 1760 1859 1860
f 1760 1860 1761
f 1761 1860 1861
f 1761 1861 1762
f 1762 1861 1862
f 1762 1862 1763
f 1763 1862 1863
f 1763 1863 1764
f 1764 1863 1864
f 1764 1864 1765
f 1765 1864 1865
f 1765 1865 1766
f 1766 1865 1866
f 1766 1866 1767
f 1767 1866 1867
f 1767 1867 1768
f 1768 1867 1868
f 1768 1868 1769
f 1769 1868 1869
f 1769 1869 1770
f 1770 1869 1870
f 1770 1870 1771
f 1771 1870 1871
f 1771 1871 1772
f 1772 1871 1872
f 1772 1872 1773
f 1773 1872 1873
f 1773 1873 1774
f 1774 1873 1874
f 1774 1874 1775
f 1775 1874 1875
f 1775 1875 1776
f 1776 1875 1876
f 1776 1876 1777
f 1777 1876 1877
f 1777 1877 1778
f 1778 1877 1878
f 1778 1878 1779
f 1779 1878 1879
f 1779 1879 1780
f 1780 1879 1880
f 1780 1880 1781
f 1781 1880 1881
f 1781 1881 1782
f 1782 1881 1882
f 1782 1882 1783
f 1783 1882 1883
f 1783 1883 1784
f 1784 1883 1884
f 1784 1884 1785
f 1785 1884 1885
f 1785 1885 1786
f 1786 1885 1886
f 1786 1886 1787
f 1787 1886 1887
f 1787 1887 1788
f 1788 1887 1888
f 1788 1888 1789
f 1789 1888 1889
f 1789 1889 1790
f 1790 1889 1890
f 1790 1890 1791
f 1791 1890 1891
f 1791 1891 1792
f 1792 1891 1892
f 1792 1892 1793
f 1793 1892 1893
f 1793 1893 1794
f 1794 1893 1894
f 1794 1894 1795
f 1795 1894 1895
f 1795 1895 1796
f 1796 1895 1896
f 1796 1896 1797
f 1797 1896 1897
f 1797 1897 1798
f 1798 1897 1898
f 1798 1898 1799
f 1799 1898 1899
f 1799 1899 1800
f 1800 1899 1900
f 1801 1901 1802
f 1802 1901 1902
f 1802 1902 1803
f 1803 1902 1903
f 1803 1903 1804
f 1804 1903 1904
f 1804 1904 1805
f 1805 1904 1905
f 1805 1905 1806
f 1806 1905 1906
f 1806 1906 1807
f 1807 1906 1907
f 1807 1907 1808
f 1808 1907 1908
f 1808 1908 1809
f 1809 1908 1909
f 1809 1909 1810
f 1810 1909 1910
f 1810 1910 1811
f 1811 1910 1911
f 1811 1911 1812
f 1812 1911 1912
f 1812 1912 1813
f 1813 1912 1913
f 1813 1913 1814
f 1814 1913 1914
f 1814 1914 1815
f 1815 1914 1915
f 1815 1915 1816
f 1816 1915 1916
f 1816 1916 1817
f 1817 1916 1917
f 1817 1917 1818
f 1818 1917 1918
f 1818 1918 1819
f 1819 1918 1919
f 1819 1919 1820
f 1820 1919 1920
f 1820 1920 1821
f 1821 1920 1921
f 1821 1921 1822
f 1822 1921 1922
f 1822 1922 1823
f 1823 1922 1923
f 1823 1923 1824
f 1824 1923 1924
f 1824 1924 1825
f 1825 1924 1925
f 1825 1925 1826
f 1826 1925 1926
f 1826 1926 1827
f 1827 1926 1927
f 1827 1927 1828
f 1828 1927 1928
f 1828 1928 1829
f 1829 1928 1929
f 1829 1929 1830
f 1830 1929 1930
f 1830 1930 1831
f 1831 1930 1931
f 1831 1931 1832
f 1832 1931 1932
f 1832 1932 1833
f 1833 1932 1933
f 1833 1933 1834
f 1834 1933 1934
f 1834 1934 1835
f 1835 1934 1935
f 1835 1935 1836
f 1836 1935 1936
f 1836 1936 1837
f 1837 1936 1937
f 1837 1937 1838
f 1838 1937 1938
f 1838 1938 1839
f 1839 1938 1939
f 1839 1939 1840
f 1840 1939 1940
f 1840 1940 1841
f 1841 1940 1941
f 1841 1941 1842
f 1842 1941 1942
f 1842 1942 1843
f 1843 1942 1943
f 1843 1943 1844
f 1844 1943 1944
f 1844 1944 1845
f 1845 1944 1945
f 1845 1945 1846
f 1846 1945 1946
f 1846 1946 1847
f 1847 1946 1947
f 1847 1947 1848
f 1848 1947 1948
f 1848 1948 1849
f 1849 1948 1949
f 1849 1949 1850
f 1850 1949 1950
f 1850 1950 1851
f 1851 1950 1951
f 1851 1951 1852
f 1852 1951 1952
f 1852 1952 1853
f 1853 1952 1953
f 1853 1953 1854
f 1854 1953 1954
f 1854 1954 1855
f 1855 1954 1955
f 1855 1955 1856
f 1856 1955 1956
f 1856 1956 1857
f 1857 1956 1957
f 1857 1957 1858
f 1858 1957 1958
f 1858 1958 1859
f 1859 1958 1959
f 1859 1959 1860
f 1860 1959 1960
f 1860 1960 1861
f 1861 1960 1961
f 1861 1961 1862
f 1862 1961 1962
f 1862 1962 1863
f 1863 1962 1963
f 1863 1963 1864
f 1864 1963 1964
f 1864 1964 1865
f 1865 1964 1965
f 1865 1965 1866
f 1866 1965 1966
f 1866 1966 1867
f 1867 1966 1967
f 1867 1967 1868
f 1868 1967 1968
f 1868 1968 1869
f 1869 1968 1969
f 1869 1969 1870
f 1870 1969 1970
f 1870 1970 1871
f 1871 1970 1971
f 1871 1971 1872
f 1872 1971 1972
f 1872 1972 1873
f 1873 1972 1973
f 1873 1973 1874
f 1874 1973 1974
f 1874 1974 1875
f 1875 1974 1975
f 1875 1975 1876
f 1876 1975 1976
f 1876 1976 1877
f 1877 1976 1977
f 1877 1977 1878
f 1878 1977 1978
f 1878 1978 1879
f 1879 1978 1979
f 1879 1979 1880
f 1880 1979 1980
f 1880 1980 1881
f 1881 1980 1981
f 1881 1981 1882
f 1882 1981 1982
f 1882 1982 1883
f 1883 1982 1983
f 1883 1983 1884
f 1884 1983 1984
f 1884 1984 1885
f 1885 1984 1985
f 1885 1985 1886
f 1886 1985 1986
f 1886 1986 1887
f 1887 1986 1987
f 1887 1987 1888
f 1888 1987 1988
f 1888 1988 1889
f 1889 1988 1989
f 1889 1989 1890
f 1890 1989 1990
f 1890 1990 1891
f 1891 1990 1991
f 1891 1991 1892
f 1892 1991 1992
f 1892 1992 1893
f 1893 1992 1993
f 1893 1993 1894
f 1894 1993 1994
f 1894 1994 1895
f 1895 1994 1995
f 1895 1995 1896
f 1896 1995 1996
f 1896 1996 1897
f 1897 1996 1997
f 1897 1997 1898
f 1898 1997 1998
f 1898 1998 1899
f 1899 1998 1999
f 1899 1999 1900
f 1900 1999 2000
f 1901 2001 1902
f 1902 2001 2002
f 1902 2002 1903
f 1903 2002 2003
f 1903 2003 1904
f 1904 2003 2004
f 1904 2004 1905
f 1905 2004 2005
f 1905 2005 1906
f 1906 2005 2006
f 1906 2006 1907
f 1907 2006 2007
f 1907 2007 1908
f 1908 2007 2008
f 1908 2008 1909
f 1909 2008 2009
f 1909 2009 1910
f 1910 2009 2010
f 1910 2010 1911
f 1911 2010 2011
f 1911 2011 1912
f 1912 2011 2012
f 1912 2012 1913
f 1913 2012 2013
f 1913 2013 1914
f 1914 2013 2014
f 1914 2014 1915
f 1915 2014 2015
f 1915 2015 1916
f 1916 2015 2016
f 1916 2016 1917
f 1917 2016 2017
f 1917 2017 1918
f 1918 2017 2018
f 1918 2018 1919
f 1919 2018 2019
f 1919 2019 1920
f 1920 2019 2020
f 1920 2020 1921
f 1921 2020 2021
f 1921 2021 1922
f 1922 2021 2022
f 1922 2022 1923
f 1923 2022 2023
f 1923 2023 1924
f 1924 2023 2024
f 1924 2024 1925
f 1925 2024 2025
f 1925 2025 1926
f 1926 2025 2026
f 1926 2026 1927
f 1927 2026 2027
f 1927 2027 1928
f 1928 2027 2028
f 1928 2028 1929
f 1929 2028 2029
f 1929 2029 1930
f 1930 2029 2030
f 1930 2030 1931
f 1931 2030 2031
f 1931 2031 1932
f 1932 2031 2032
f 1932 2032 1933
f 1933 2032 2033
f 1933 2033 1934
f 1934 2033 2034
f 1934 2034 1935
f 1935 2034 2035
f 1935 2035 1936
f 1936 2035 2036
f 1936 2036 1937
f 1937 2036 2037
f 1937 2037 1938
f 1938 2037 2038
f 1938 2038 1939
f 1939 2038 2039
f 1939 2039 1940
f 1940 2039 2040
f 1940 2040 1941
f 1941 2040 2041
f 1941 2041 1942
f 1942 2041 2042
f 1942 2042 1943
f 1943 2042 2043
f 1943 2043 1944
f 1944 2043 2044
f 1944 2044 1945
f 1945 2044 2045
f 1945 2045 1946
f 1946 2045 2046
f 1946 2046 1947
f 1947 2046 2047
f 1947 2047 1948
f 1948 2047 2048
f 1948 2048 1949
f 1949 2048 2049
f 1949 2049 1950
f 1950 2049 2050
f 1950 2050 1951
f 1951 2050 2051
f 1951 2051 1952
f 1952 2051 2052
f 1952 2052 1953
f 1953 2052 2053
f 1953 2053 1954
f 1954 2053 2054
f 1954 2054 1955
f 1955 2054 2055
f 1955 2055 1956
f 1956 2055 2056
f 1956 2056 1957
f 1957 2056 2057
f 1957 2057 1958
f 1958 2057 2058
f 1958 2058 1959
f 1959 2058 2059
f 1959 2059 1960
f 1960 2059 2060
f 1960 2060 1961
f 1961 2060 2061
f 1961 2061 1962
f 1962 2061 2062
f 1962 2062 1963
f 1963 2062 2063
f 1963 2063 1964
f 1964 2063 2064
f 1964 2064 1965
f 1965 2064 2065
f 1965 2065 1966
f 1966 2065 2066
f 1966 2066 1967
f 1967 2066 2067
f 1967 2067 1968
f 1968 2067 2068
f 1968 2068 1969
f 1969 2068 2069
f 1969 2069 1970
f 1970 2069 2070
f 1970 2070 1971
f 1971 2070 2071
f 1971 2071 1972
f 1972 2071 2072
f 1972 2072 1973
f 1973 2072 2073
f 1973 2073 1974
f 1974 2073 2074
f 1974 2074 1975
f 1975 2074 2075
f 1975 2075 1976
f 1976 2075 2076
f 1976 2076 1977
f 1977 2076 2077
f 1977 2077 1978
f 1978 2077 2078
f 1978 2078 1979
f 1979 2078 2079
f 1979 2079 1980
f 1980 2079 2080
f 1980 2080 1981
f 1981 2080 2081
f 1981 2081 1982
f 1982 2081 2082
f 1982 2082 1983
f 1983 2082 2083
f 1983 2083 1984
f 1984 2083 2084
f 1984 2084 1985
f 1985 2084 2085
f 1985 2085 1986
f 1986 2085 2086
f 1986 2086 1987
f 1987 2086 2087
f 1987 2087 1988
f 1988 2087 2088
f 1988 2088 1989
f 1989 2088 2089
f 1989 2089 1990
f 1990 2089 2090
f 1990 2090 1991
f 1991 2090 2091
f 1991 2091 1992
f 1992 2091 2092
f 1992 2092 1993
f 1993 2092 2093
f 1993 2093 1994
f 1994 2093 2094
f 1994 2094 1995
f 1995 2094 2095
f 1995 2095 1996
f 1996 2095 2096
f 1996 2096 1997
f 1997 2096 2097
f 1997 2097 1998
f 1998 2097 2098
f 1998 2098 1999
f 1999 2098 2099
f 1999 2099 2000
f 2000 2099 2100
f 2001 2101 2002
f 2002 2101 2102
f 2002 2102 2003
f 2003 2102 2103
f 2003 2103 2004
f 2004 2103 2104
f 2004 2104 2005
f 2005 2104 2105
f 2005 2105 2006
f 2006 2105 2106
f 2006 2106 2007
f 2007 2106 2107
f 2007 2107 2008
f 2008 2107 2108
f 2008 2108 2009
f 2009 2108 2109
f 2009 2109 2010
f 2010 2109 2110
f 2010 2110 2011
f 2011 2110 2111
f 2011 2111 2012
f 2012 2111 2112
f 2012 2112 2013
f 2013 2112 2113
f 2013 2113 2014
f 2014 2113 2114
f 2014 2114 2015
f 2015 2114 2115
f 2015 2115 2016
f 2016 2115 2116
f 2016 2116 2017
f 2017 2116 2117
f 2017 2117 2018
f 2018 2117 2118
f 2018 2118 2019
f 2019 2118 2119
f 2019 2119 2020
f 2020 2119 2120
f 2020 2120 2021
f 2021 2120 2121
f 2021 2121 2022
f 2022 2121 2122
f 2022 2122 2023
f 2023 2122 2123
f 2023 2123 2024
f 2024 2123 2124
f 2024 2124 2025
f 2025 2124 2125
f 2025 2125 2026
f 2026 2125 2126
f 2026 2126 2027
f 2027 2126 2127
f 2027 2127 2028
f 2028 2127 2128
f 2028 2128 2029
f 2029 2128 2129
f 2029 2129 2030
f 2030 2129 2130
f 2030 2130 2031
f 2031 2130 2131
f 2031 2131 2032
f 2032 2131 2132
f 2032 2132 2033
f 2033 2132 2133
f 2033 2133 2034
f 2034 2133 2134
f 2034 2134 2035
f 2035 2134 2135
f 2035 2135 2036
f 2036 2135 2136
f 2036 2136 2037
f 2037 2136 2137
f 2037 2137 2038
f 2038 2137 2138
f 2038 2138 2039
f 2039 2138 2139
f 2039 2139 2040
f 2040 2139 2140
f 2040 2140 2041
f 2041 2140 2141
f 2041 2141 2042
f 2042 2141 2142
f 2042 2142 2043
f 2043 2142 2143
f 2043 2143 2044
f 2044 2143 2144
f 2044 2144 2045
f 2045 2144 2145
f 2045 2145 2046
f 2046 2145 2146
f 2046 2146 2047
f 2047 2146 2147
f 2047 2147 2048
f 2048 2147 2148
f 2048 2148 2049
f 2049 2148 2149
f 2049 2149 2050
f 2050 2149 2150
f 2050 2150 2051
f 2051 2150 2151
f 2051 2151 2052
f 2052 2151 2152
f 2052 2152 2053
f 2053 2152 2153
f 2053 2153 2054
f 2054 2153 2154
f 2054 2154 2055
f 2055 2154 2155
f 2055 2155 2056
f 2056 2155 2156
f 2056 2156 2057
f 2057 2156 2157
f 2057 2157 2058
f 2058 2157 2158
f 2058 2158 2059
f 2059 2158 2159
f 2059 2159 2060
f 2060 2159 2160
f 2060 2160 2061
f 2061 2160 2161
f 2061 2161 2062
f 2062 2161 2162
f 2062 2162 2063
f 2063 2162 2163
f 2063 2163 2064
f 2064 2163 2164
f 2064 2164 2065
f 2065 2164 2165
f 2065 2165 2066
f 2066 2165 2166
f 2066 2166 2067
f 2067 2166 2167
f 2067 2167 2068
f 2068 2167 2168
f 2068 2168 2069
f 2069 2168 2169
f 2069 2169 2070
f 2070 2169 2170
f 2070 2170 2071
f 2071 2170 2171
f 2071 2171 2072
f 2072 2171 2172
f 2072 2172 2073
f 2073 2172 2173
f 2073 2173 2074
f 2074 2173 2174
f 2074 2174 2075
f 2075 2174 2175
f 2075 2175 2076
f 2076 2175 2176
f 2076 2176 2077
f 2077 2176 2177
f 2077 2177 2078
f 2078 2177 2178
f 2078 2178 2079
f 2079 2178 2179
f 2079 2179 2080
f 2080 2179 2180
f 2080 2180 2081
f 2081 2180 2181
f 2081 2181 2082
f 2082 2181 2182
f 2082 2182 2083
f 2083 2182 2183
f 2083 2183 2084
f 2084 2183 2184
f 2084 2184 2085
f 2085 2184 2185
f 2085 2185 2086
f 2086 2185 2186
f 2086 2186 2087
f 2087 2186 2187
f 2087 2187 2088
f 2088 2187 2188
f 2088 2188 2089
f 2089 2188 2189
f 2089 2189 2090
f 2090 2189 2190
f 2090 2190 2091
f 2091 2190 2191
f 2091 2191 2092
f 2092 2191 2192
f 2092 2192 2093
f 2093 2192 2193
f 2093 2193 2094
f 2094 2193 2194
f 2094 2194 2095
f 2095 2194 2195
f 2095 2195 2096
f 2096 2195 2196
f 2096 2196 2097
f 2097 2196 2197
f 2097 2197 2098
f 2098 2197 2198
f 2098 2198 2099
f 2099 2198 2199
f 2099 2199 2100
f 2100 2199 2200
f 2101 2201 2102
f 2102 2201 2202
f 2102 2202 2103
f 2103 2202 2203
f 2103 2203 2104
f 2104 2203 2204
f 2104 2204 2105
f 2105 2204 2205
f 2105 2205 2106
f 2106 2205 2206
f 2106 2206 2107
f 2107 2206 2207
f 2107 2207 2108
f 2108 2207 2208
f 2108 2208 2109
f 2109 2208 2209
f 2109 2209 2110
f 2110 2209 2210
f 2110 2210 2111
f 2111 2210 2211
f 2111 2211 2112
f 2112 2211 2212
f 2112 2212 2113
f 2113 2212 2213
f 2113 2213 2114
f 2114 2213 2214
f 2114 2214 2115
f 2115 2214 2215
f 2115 2215 2116
f 2116 2215 2216
f 2116 2216 2117
f 2117 2216 2217
f 2117 2217 2118
f 2118 2217 2218
f 2118 2218 2119
f 2119 2218 2219
f 2119 2219 2120
f 2120 2219 2220
f 2120 2220 2121
f 2121 2220 2221
f 2121 2221 2122
f 2122 2221 2222
f 2122 2222 2123
f 2123 2222 2223
f 2123 2223 2124
f 2124 2223 2224
f 2124 2224 2125
f 2125 2224 2225
f 2125 2225 2126
f 2126 2225 2226
f 2126 2226 2127
f 2127 2226 2227
f 2127 2227 2128
f 2128 2227 2228
f 2128 2228 2129
f 2129 2228 2229
f 2129 2229 2130
f 2130 2229 2230
f 2130 2230 2131
f 2131 2230 2231
f 2131 2231 2132
f 2132 2231 2232
f 2132 2232 2133
f 2133 2232 2233
f 2133 2233 2134
f 2134 2233 2234
f 2134 2234 2135
f 2135 2234 2235
f 2135 2235 2136
f 2136 2235 2236
f 2136 2236 2137
f 2137 2236 2237
f 2137 2237 2138
f 2138 2237 2238
f 2138 2238 2139
f 2139 2238 2239
f 2139 2239 2140
f 2140 2239 2240
f 2140 2240 2141
f 2141 2240 2241
f 2141 2241 2142
f 2142 2241 2242
f 2142 2242 2143
f 2143 2242 2243
f 2143 2243 2144
f 2144 2243 2244
f 2144 2244 2145
f 2145 2244 2245
f 2145 2245 2146
f 2146 2245 2246
f 2146 2246 2147
f 2147 2246 2247
f 2147 2247 2148
f 2148 2247 2248
f 2148 2248 2149
f 2149 2248 2249
f 2149 2249 2150
f 2150 2249 2250
f 2150 2250 2151
f 2151 2250 2251
f 2151 2251 2152
f 2152 2251 2252
f 2152 2252 2153
f 2153 2252 2253
f 2153 2253 2154
f 2154 2253 2254
f 2154 2254 2155
f 2155 2254 2255
f 2155 2255 2156
f 2156 2255 2256
f 2156 2256 2157
f 2157 2256 2257
f 2157 2257 2158
f 2158 2257 2258
f 2158 2258 2159
f 2159 2258 2259
f 2159 2259 2160
f 2160 2259 2260
f 2160 2260 2161
f 2161 2260 2261
f 2161 2261 2162
f 2162 2261 2262
f 2162 2262 2163
f 2163 2262 2263
f 2163 2263 2164
f 2164 2263 2264
f 2164 2264 2165
f 2165 2264 2265
f 2165 2265 2166
f 2166 2265 2266
f 2166 2266 2167
f 2167 2266 2267
f 2167 2267 2168
f 2168 2267 2268
f 2168 2268 2169
f 2169 2268 2269
f 2169 2269 2170
f 2170 2269 2270
f 2170 2270 2171
f 2171 2270 2271
f 2171 2271 2172
f 2172 2271 2272
f 2172 2272 2173
f 2173 2272 2273
f 2173 2273 2174
f 2174 2273 2274
f 2174 2274 2175
f 2175 2274 2275
f 2175 2275 2176
f 2176 2275 2276
f 2176 2276 2177
f 2177 2276 2277
f 2177 2277 2178
f 2178 2277 2278
f 2178 2278 2179
f 2179 2278 2279
f 2179 2279 2180
f 2180 2279 2280
f 2180 2280 2181
f 2181 2280 2281
f 2181 2281 2182
f 2182 2281 2282
f 2182 2282 2183
f 2183 2282 2283
f 2183 2283 2184
f 2184 2283 2284
f 2184 2284 2185
f 2185 2284 2285
f 2185 2285 2186
f 2186 2285 2286
f 2186 2286 2187
f 2187 2286 2287
f 2187 2287 2188
f 2188 2287 2288
f 2188 2288 2189
f 2189 2288 2289
f 2189 2289 2190
f 2190 2289 2290
f 2190 2290 2191
f 2191 2290 2291
f 2191 2291 2192
f 2192 2291 2292
f 2192 2292 2193
f 2193 2292 2293
f 2193 2293 2194
f 2194 2293 2294
f 2194 2294 2195
f 2195 2294 2295
f 2195 2295 2196
f 2196 2295 2296
f 2196 2296 2197
f 2197 2296 2297
f 2197 2297 2198
f 2198 2297 2298
f 2198 2298 2199
f 2199 2298 2299
f 2199 2299 2200
f 2200 2299 2300
f 2201 2301 2202
f 2202 2301 2302
f 2202 2302 2203
f 2203 2302 2303
f 2203 2303 2204
f 2204 2303 2304
f 2204 2304 2205
f 2205 2304 2305
f 2205 2305 2206
f 2206 2305 2306
f 2206 2306 2207
f 2207 2306 2307
f 2207 2307 2208
f 2208 2307 2308
f 2208 2308 2209
f 2209 2308 2309
f 2209 2309 2210
f 2210 2309 2310
f 2210 2310 2211
f 2211 2310 2311
f 2211 2311 2212
f 2212 2311 2312
f 2212 2312 2213
f 2213 2312 2313
f 2213 2313 2214
f 2214 2313 2314
f 2214 2314 2215
f 2215 2314 2315
f 2215 2315 2216
f 2216 2315 2316
f 2216 2316 2217
f 2217 2316 2317
f 2217 2317 2218
f 2218 2317 2318
f 2218 2318 2219
f 2219 2318 2319
f 2219 2319 2220
f 2220 2319 2320
f 2220 2320 2221
f 2221 2320 2321
f 2221 2321 2222
f 2222 2321 2322
f 2222 2322 2223
f 2223 2322 2323
f 2223 2323 2224
f 2224 2323 2324
f 2224 2324 2225
f 2225 2324 2325
f 2225 2325 2226
f 2226 2325 2326
f 2226 2326 2227
f 2227 2326 2327
f 2227 2327 2228
f 2228 2327 2328
f 2228 2328 2229
f 2229 2328 2329
f 2229 2329 2230
f 2230 2329 2330
f 2230 2330 2231
f 2231 2330 2331
f 2231 2331 2232
f 2232 2331 2332
f 2232 2332 2233
f 2233 2332 2333
f 2233 2333 2234
f 2234 2333 2334
f 2234 2334 2235
f 2235 2334 2335
f 2235 2335 2236
f 2236 2335 2336
f 2236 2336 2237
f 2237 2336 2337
f 2237 2337 2238
f 2238 2337 2338
f 2238 2338 2239
f 2239 2338 2339
f 2239 2339 2240
f 2240 2339 2340
f 2240 2340 2241
f 2241 2340 2341
f 2241 2341 2242
f 2242 2341 2342
f 2242 2342 2243
f 2243 2342 2343
f 2243 2343 2244
f 2244 2343 2344
f 2244 2344 2245
f 2245 2344 2345
f 2245 2345 2246
f 2246 2345 2346
f 2246 2346 2247
f 2247 2346 2347
f 2247 2347 2248
f 2248 2347 2348
f 2248 2348 2249
f 2249 2348 2349
f 2249 2349 2250
f 2250 2349 2350
f 2250 2350 2251
f 2251 2350 2351
f 2251 2351 2252
f 2252 2351 2352
f 2252 2352 2253
f 2253 2352 2353
f 2253 2353 2254
f 2254 2353 2354
f 2254 2354 2255
f 2255 2354 2355
f 2255 2355 2256
f 2256 2355 2356
f 2256 2356 2257
f 2257 2356 2357
f 2257 2357 2258
f 2258 2357 2358
f 2258 2358 2259
f 2259 2358 2359
f 2259 2359 2260
f 2260 2359 2360
f 2260 2360 2261
f 2261 2360 2361
f 2261 2361 2262
f 2262 2361 2362
f 2262 2362 2263
f 2263 2362 2363
f 2263 2363 2264
f 2264 2363 2364
f 2264 2364 2265
f 2265 2364 2365
f 2265 2365 2266
f 2266 2365 2366
f 2266 2366 2267
f 2267 2366 2367
f 2267 2367 2268
f 2268 2367 2368
f 2268 2368 2269
f 2269 2368 2369
f 2269 2369 2270
f 2270 2369 2370
f 2270 2370 2271
f 2271 2370 2371
f 2271 2371 2272
f 2272 2371 2372
f 2272 2372 2273
f 2273 2372 2373
f 2273 2373 2274
f 2274 2373 2374
f 2274 2374 2275
f 2275 2374 2375
f 2275 2375 2276
f 2276 2375 2376
f 2276 2376 2277
f 2277 2376 2377
f 2277 2377 2278
f 2278 2377 2378
f 2278 2378 2279
f 2279 2378 2379
f 2279 2379 2280
f 2280 2379 2380
f 2280 2380 2281
f 2281 2380 2381
f 2281 2381 2282
f 2282 2381 2382
f 2282 2382 2283
f 2283 2382 2383
f 2283 2383 2284
f 2284 2383 2384
f 2284 2384 2285
f 2285 2384 2385
f 2285 2385 2286
f 2286 2385 2386
f 2286 2386 2287
f 2287 2386 2387
f 2287 2387 2288
f 2288 2387 2388
f 2288 2388 2289
f 2289 2388 2389
f 2289 2389 2290
f 2290 2389 2390
f 2290 2390 2291
f 2291 2390 2391
f 2291 2391 2292
f 2292 2391 2392
f 2292 2392 2293
f 2293 2392 2393
f 2293 2393 2294
f 2294 2393 2394
f 2294 2394 2295
f 2295 2394 2395
f 2295 2395 2296
f 2296 2395 2396
f 2296 2396 2297
f 2297 2396 2397
f 2297 2397 2298
f 2298 2397 2398
f 2298 2398 2299
f 2299 2398 2399
f 2299 2399 2300
f 2300 2399 2400
f 2301 2401 2302
f 2302 2401 2402
f 2302 2402 2303
f 2303 2402 2403
f 2303 2403 2304
f 2304 2403 2404
f 2304 2404 2305
f 2305 2404 2405
f 2305 2405 2306
f 2306 2405 2406
f 2306 2406 2307
f 2307 2406 2407
f 2307 2407 2308
f 2308 2407 2408
f 2308 2408 2309
f 2309 2408 2409
f 2309 2409 2310
f 2310 2409 2410
f 2310 2410 2311
f 2311 2410 2411
f 2311 2411 2312
f 2312 2411 2412
f 2312 2412 2313
f 2313 2412 2413
f 2313 2413 2314
f 2314 2413 2414
f 2314 2414 2315
f 2315 2414 2415
f 2315 2415 2316
f 2316 2415 2416
f 2316 2416 2317
f 2317 2416 2417
f 2317 2417 2318
f 2318 2417 2418
f 2318 2418 2319
f 2319 2418 2419
f 2319 2419 2320
f 2320 2419 2420
f 2320 2420 2321
f 2321 2420 2421
f 2321 2421 2322
f 2322 2421 2422
f 2322 2422 2323
f 2323 2422 2423
f 2323 2423 2324
f 2324 2423 2424
f 2324 2424 2325
f 2325 2424 2425
f 2325 2425 2326
f 2326 2425 2426
f 2326 2426 2327
f 2327 2426 2427
f 2327 2427 2328
f 2328 2427 2428
f 2328 2428 2329
f 2329 2428 2429
f 2329 2429 2330
f 2330 2429 2430
f 2330 2430 2331
f 2331 2430 2431
f 2331 2431 2332
f 2332 2431 2432
f 2332 2432 2333
f 2333 2432 2433
f 2333 2433 2334
f 2334 2433 2434
f 2334 2434 2335
f 2335 2434 2435
f 2335 2435 2336
f 2336 2435 2436
f 2336 2436 2337
f 2337 2436 2437
f 2337 2437 2338
f 2338 2437 2438
f 2338 2438 2339
f 2339 2438 2439
f 2339 2439 2340
f 2340 2439 2440
f 2340 2440 2341
f 2341 2440 2441
f 2341 2441 2342
f 2342 2441 2442
f 2342 2442 2343
f 2343 2442 2443
f 2343 2443 2344
f 2344 2443 2444
f 2344 2444 2345
f 2345 2444 2445
f 2345 2445 2346
f 2346 2445 2446
f 2346 2446 2347
f 2347 2446 2447
f 2347 2447 2348
f 2348 2447 2448
f 2348 2448 2349
f 2349 2448 2449
f 2349 2449 2350
f 2350 2449 2450
f 2350 2450 2351
f 2351 2450 2451
f 2351 2451 2352
f 2352 2451 2452
f 2352 2452 2353
f 2353 2452 2453
f 2353 2453 2354
f 2354 2453 2454
f 2354 2454 2355
f 2355 2454 2455
f 2355 2455 2356
f 2356 2455 2456
f 2356 2456 2357
f 2357 2456 2457
f 2357 2457 2358
f 2358 2457 2458
f 2358 2458 2359
f 2359 2458 2459
f 2359 2459 2360
f 2360 2459 2460
f 2360 2460 2361
f 2361 2460 2461
f 2361 2461 2362
f 2362 2461 2462
f 2362 2462 2363
f 2363 2462 2463
f 2363 2463 2364
f 2364 2463 2464
f 2364 2464 2365
f 2365 2464 2465
f 2365 2465 2366
f 2366 2465 2466
f 2366 2466 2367
f 2367 2466 2467
f 2367 2467 2368
f 2368 2467 2468
f 2368 2468 2369
f 2369 2468 2469
f 2369 2469 2370
f 2370 2469 2470
f 2370 2470 2371
f 2371 2470 2471
f 2371 2471 2372
f 2372 2471 2472
f 2372 2472 2373
f 2373 2472 2473
f 2373 2473 2374
f 2374 2473 2474
f 2374 2474 2375
f 2375 2474 2475
f 2375 2475 2376
f 2376 2475 2476
f 2376 2476 2377
f 2377 2476 2477
f 2377 2477 2378
f 2378 2477 2478
f 2378 2478 2379
f 2379 2478 2479
f 2379 2479 2380
f 2380 2479 2480
f 2380 2480 2381
f 2381 2480 2481
f 2381 2481 2382
f 2382 2481 2482
f 2382 2482 2383
f 2383 2482 2483
f 2383 2483 2384
f 2384 2483 2484
f 2384 2484 2385
f 2385 2484 2485
f 2385 2485 2386
f 2386 2485 2486
f 2386 2486 2387
f 2387 2486 2487
f 2387 2487 2388
f 2388 2487 2488
f 2388 2488 2389
f 2389 2488 2489
f 2389 2489 2390
f 2390 2489 2490
f 2390 2490 2391
f 2391 2490 2491
f 2391 2491 2392
f 2392 2491 2492
f 2392 2492 2393
f 2393 2492 2493
f 2393 2493 2394
f 2394 2493 2494
f 2394 2494 2395
f 2395 2494 2495
f 2395 2495 2396
f 2396 2495 2496
f 2396 2496 2397
f 2397 2496 2497
f 2397 2497 2398
f 2398 2497 2498
f 2398 2498 2399
f 2399 2498 2499
f 2399 2499 2400
f 2400 2499 2500
f 2401 2501 2402
f 2402 2501 2502
f 2402 2502 2403
f 2403 2502 2503
f 2403 2503 2404
f 2404 2503 2504
f 2404 2504 2405
f 2405 2504 2505
f 2405 2505 2406
f 2406 2505 2506
f 2406 2506 2407
f 2407 2506 2507
f 2407 2507 2408
f 2408 2507 2508
f 2408 2508 2409
f 2409 2508 2509
f 2409 2509 2410
f 2410 2509 2510
f 2410 2510 2411
f 2411 2510 2511
f 2411 2511 2412
f 2412 2511 2512
f 2412 2512 2413
f 2413 2512 2513
f 2413 2513 2414
f 2414 2513 2514
f 2414 2514 2415
f 2415 2514 2515
f 2415 2515 2416
f 2416 2515 2516
f 2416 2516 2417
f 2417 2516 2517
f 2417 2517 2418
f 2418 2517 2518
f 2418 2518 2419
f 2419 2518 2519
f 2419 2519 2420
f 2420 2519 2520
f 2420 2520 2421
f 2421 2520 2521
f 2421 2521 2422
f 2422 2521 2522
f 2422 2522 2423
f 2423 2522 2523
f 2423 2523 2424
f 2424 2523 2524
f 2424 2524 2425
f 2425 2524 2525
f 2425 2525 2426
f 2426 2525 2526
f 2426 2526 2427
f 2427 2526 2527
f 2427 2527 2428
f 2428 2527 2528
f 2428 2528 2429
f 2429 2528 2529
f 2429 2529 2430
f 2430 2529 2530
f 2430 2530 2431
f 2431 2530 2531
f 2431 2531 2432
f 2432 2531 2532
f 2432 2532 2433
f 2433 2532 2533
f 2433 2533 2434
f 2434 2533 2534
f 2434 2534 2435
f 2435 2534 2535
f 2435 2535 2436
f 2436 2535 2536
f 2436 2536 2437
f 2437 2536 2537
f 2437 2537 2438
f 2438 2537 2538
f 2438 2538 2439
f 2439 2538 2539
f 2439 2539 2440
f 2440 2539 2540
f 2440 2540 2441
f 2441 2540 2541
f 2441 2541 2442
f 2442 2541 2542
f 2442 2542 2443
f 2443 2542 2543
f 2443 2543 2444
f 2444 2543 2544
f 2444 2544 2445
f 2445 2544 2545
f 2445 2545 2446
f 2446 2545 2546
f 2446 2546 2447
f 2447 2546 2547
f 2447 2547 2448
f 2448 2547 2548
f 2448 2548 2449
f 2449 2548 2549
f 2449 2549 2450
f 2450 2549 2550
f 2450 2550 2451
f 2451 2550 2551
f 2451 2551 2452
f 2452 2551 2552
f 2452 2552 2453
f 2453 2552 2553
f 2453 2553 2454
f 2454 2553 2554
f 2454 2554 2455
f 2455 2554 2555
f 2455 2555 2456
f 2456 2555 2556
f 2456 2556 2457
f 2457 2556 2557
f 2457 2557 2458
f 2458 2557 2558
f 2458 2558 2459
f 2459 2558 2559
f 2459 2559 2460
f 2460 2559 2560
f 2460 2560 2461
f 2461 2560 2561
f 2461 2561 2462
f 2462 2561 2562
f 2462 2562 2463
f 2463 2562 2563
f 2463 2563 2464
f 2464 2563 2564
f 2464 2564 2465
f 2465 2564 2565
f 2465 2565 2466
f 2466 2565 2566
f 2466 2566 2467
f 2467 2566 2567
f 2467 2567 2468
f 2468 2567 2568
f 2468 2568 2469
f 2469 2568 2569
f 2469 2569 2470
f 2470 2569 2570
f 2470 2570 2471
f 2471 2570 2571
f 2471 2571 2472
f 2472 2571 2572
f 2472 2572 2473
f 2473 2572 2573
f 2473 2573 2474
f 2474 2573 2574
f 2474 2574 2475
f 2475 2574 2575
f 2475 2575 2476
f 2476 2575 2576
f 2476 2576 2477
f 2477 2576 2577
f 2477 2577 2478
f 2478 2577 2578
f 2478 2578 2479
f 2479 2578 2579
f 2479 2579 2480
f 2480 2579 2580
f 2480 2580 2481
f 2481 2580 2581
f 2481 2581 2482
f 2482 2581 2582
f 2482 2582 2483
f 2483 2582 2583
f 2483 2583 2484
f 2484 2583 2584
f 2484 2584 2485
f 2485 2584 2585
f 2485 2585 2486
f 2486 2585 2586
f 2486 2586 2487
f 2487 2586 2587
f 2487 2587 2488
f 2488 2587 2588
f 2488 2588 2489
f 2489 2588 2589
f 2489 2589 2490
f 2490 2589 2590
f 2490 2590 2491
f 2491 2590 2591
f 2491 2591 2492
f 2492 2591 2592
f 2492 2592 2493
f 2493 2592 2593
f 2493 2593 2494
f 2494 2593 2594
f 2494 2594 2495
f 2495 2594 2595
f 2495 2595 2496
f 2496 2595 2596
f 2496 2596 2497
f 2497 2596 2597
f 2497 2597 2498
f 2498 2597 2598
f 2498 2598 2499
f 2499 2598 2599
f 2499 2599 2500
f 2500 2599 2600
f 2501 2601 2502
f 2502 2601 2602
f 2502 2602 2503
f 2503 2602 2603
f 2503 2603 2504
f 2504 2603 2604
f 2504 2604 2505
f 2505 2604 2605
f 2505 2605 2506
f 2506 2605 2606
f 2506 2606 2507
f 2507 2606 2607
f 2507 2607 2508
f 2508 2607 2608
f 2508 2608 2509
f 2509 2608 2609
f 2509 2609 2510
f 2510 2609 2610
f 2510 2610 2511
f 2511 2610 2611
f 2511 2611 2512
f 2512 2611 2612
f 2512 2612 2513
f 2513 2612 2613
f 2513 2613 2514
f 2514 2613 2614
f 2514 2614 2515
f 2515 2614 2615
f 2515 2615 2516
f 2516 2615 2616
f 2516 2616 2517
f 2517 2616 2617
f 2517 2617 2518
f 2518 2617 2618
f 2518 2618 2519
f 2519 2618 2619
f 2519 2619 2520
f 2520 2619 2620
f 2520 2620 2521
f 2521 2620 2621
f 2521 2621 2522
f 2522 2621 2622
f 2522 2622 2523
f 2523 2622 2623
f 2523 2623 2524
f 2524 2623 2624
f 2524 2624 2525
f 2525 2624 2625
f 2525 2625 2526
f 2526 2625 2626
f 2526 2626 2527
f 2527 2626 2627
f 2527 2627 2528
f 2528 2627 2628
f 2528 2628 2529
f 2529 2628 2629
f 2529 2629 2530
f 2530 2629 2630
f 2530 2630 2531
f 2531 2630 2631
f 2531 2631 2532
f 2532 2631 2632
f 2532 2632 2533
f 2533 2632 2633
f 2533 2633 2534
f 2534 2633 2634
f 2534 2634 2535
f 2535 2634 2635
f 2535 2635 2536
f 2536 2635 2636
f 2536 2636 2537
f 2537 2636 2637
f 2537 2637 2538
f 2538 2637 2638
f 2538 2638 2539
f 2539 2638 2639
f 2539 2639 2540
f 2540 2639 2640
f 2540 2640 2541
f 2541 2640 2641
f 2541 2641 2542
f 2542 2641 2642
f 2542 2642 2543
f 2543 2642 2643
f 2543 2643 2544
f 2544 2643 2644
f 2544 2644 2545
f 2545 2644 2645
f 2545 2645 2546
f 2546 2645 2646
f 2546 2646 2547
f 2547 2646 2647
f 2547 2647 2548
f 2548 2647 2648
f 2548 2648 2549
f 2549 2648 2649
f 2549 2649 2550
f 2550 2649 2650
f 2550 2650 2551
f 2551 2650 2651
f 2551 2651 2552
f 2552 2651 2652
f 2552 2652 2553
f 2553 2652 2653
f 2553 2653 2554
f 2554 2653 2654
f 2554 2654 2555
f 2555 2654 2655
f 2555 2655 2556
f 2556 2655 2656
f 2556 2656 2557
f 2557 2656 2657
f 2557 2657 2558
f 2558 2657 2658
f 2558 2658 2559
f 2559 2658 2659
f 2559 2659 2560
f 2560 2659 2660
f 2560 2660 2561
f 2561 2660 2661
f 2561 2661 2562
f 2562 2661 2662
f 2562 2662 2563
f 2563 2662 2663
f 2563 2663 2564
f 2564 2663 2664
f 2564 2664 2565
f 2565 2664 2665
f 2565 2665 2566
f 2566 2665 2666
f 2566 2666 2567
f 2567 2666 2667
f 2567 2667 2568
f 2568 2667 2668
f 2568 2668 2569
f 2569 2668 2669
f 2569 2669 2570
f 2570 2669 2670
f 2570 2670 2571
f 2571 2670 2671
f 2571 2671 2572
f 2572 2671 2672
f 2572 2672 2573
f 2573 2672 2673
f 2573 2673 2574
f 2574 2673 2674
f 2574 2674 2575
f 2575 2674 2675
f 2575 2675 2576
f 2576 2675 2676
f 2576 2676 2577
f 2577 2676 2677
f 2577 2677 2578
f 2578 2677 2678
f 2578 2678 2579
f 2579 2678 2679
f 2579 2679 2580
f 2580 2679 2680
f 2580 2680 2581
f 2581 2680 2681
f 2581 2681 2582
f 2582 2681 2682
f 2582 2682 2583
f 2583 2682 2683
f 2583 2683 2584
f 2584 2683 2684
f 2584 2684 2585
f 2585 2684 2685
f 2585 2685 2586
f 2586 2685 2686
f 2586 2686 2587
f 2587 2686 2687
f 2587 2687 2588
f 2588 2687 2688
f 2588 2688 2589
f 2589 2688 2689
f 2589 2689 2590
f 2590 2689 2690
f 2590 2690 2591
f 2591 2690 2691
f 2591 2691 2592
f 2592 2691 2692
f 2592 2692 2593
f 2593 2692 2693
f 2593 2693 2594
f 2594 2693 2694
f 2594 2694 2595
f 2595 2694 2695
f 2595 2695 2596
f 2596 2695 2696
f 2596 2696 2597
f 2597 2696 2697
f 2597 2697 2598
f 2598 2697 2698
f 2598 2698 2599
f 2599 2698 2699
f 2599 2699 2600
f 2600 2699 2700
f 2601 2701 2602
f 2602 2701 2702
f 2602 2702 2603
f 2603 2702 2703
f 2603 2703 2604
f 2604 2703 2704
f 2604 2704 2605
f 2605 2704 2705
f 2605 2705 2606
f 2606 2705 2706
f 2606 2706 2607
f 2607 2706 2707
f 2607 2707 2608
f 2608 2707 2708
f 2608 2708 2609
f 2609 2708 2709
f 2609 2709 2610
f 2610 2709 2710
f 2610 2710 2611
f 2611 2710 2711
f 2611 2711 2612
f 2612 2711 2712
f 2612 2712 2613
f 2613 2712 2713
f 2613 2713 2614
f 2614 2713 2714
f 2614 2714 2615
f 2615 2714 2715
f 2615 2715 2616
f 2616 2715 2716
f 2616 2716 2617
f 2617 2716 2717
f 2617 2717 2618
f 2618 2717 2718
f 2618 2718 2619
f 2619 2718 2719
f 2619 2719 2620
f 2620 2719 2720
f 2620 2720 2621
f 2621 2720 2721
f 2621 2721 2622
f 2622 2721 2722
f 2622 2722 2623
f 2623 2722 2723
f 2623 2723 2624
f 2624 2723 2724
f 2624 2724 2625
f 2625 2724 2725
f 2625 2725 2626
f 2626 2725 2726
f 2626 2726 2627
f 2627 2726 2727
f 2627 2727 2628
f 2628 2727 2728
f 2628 2728 2629
f 2629 2728 2729
f 2629 2729 2630
f 2630 2729 2730
f 2630 2730 2631
f 2631 2730 2731
f 2631 2731 2632
f 2632 2731 2732
f 2632 2732 2633
f 2633 2732 2733
f 2633 2733 2634
f 2634 2733 2734
f 2634 2734 2635
f 2635 2734 2735
f 2635 2735 2636
f 2636 2735 2736
f 2636 2736 2637
f 2637 2736 2737
f 2637 2737 2638
f 2638 2737 2738
f 2638 2738 2639
f 2639 2738 2739
f 2639 2739 2640
f 2640 2739 2740
f 2640 2740 2641
f 2641 2740 2741
f 2641 2741 2642
f 2642 2741 2742
f 2642 2742 2643
f 2643 2742 2743
f 2643 2743 2644
f 2644 2743 2744
f 2644 2744 2645
f 2645 2744 2745
f 2645 2745 2646
f 2646 2745 2746
f 2646 2746 2647
f 2647 2746 2747
f 2647 2747 2648
f 2648 2747 2748
f 2648 2748 2649
f 2649 2748 2749
f 2649 2749 2650
f 2650 2749 2750
f 2650 2750 2651
f 2651 2750 2751
f 2651 2751 2652
f 2652 2751 2752
f 2652 2752 2653
f 2653 2752 2753
f 2653 2753 2654
f 2654 2753 2754
f 2654 2754 2655
f 2655 2754 2755
f 2655 2755 2656
f 2656 2755 2756
f 2656 2756 2657
f 2657 2756 2757
f 2657 2757 2658
f 2658 2757 2758
f 2658 2758 2659
f 2659 2758 2759
f 2659 2759 2660
f 2660 2759 2760
f 2660 2760 2661
f 2661 2760 2761
f 2661 2761 2662
f 2662 2761 2762
f 2662 2762 2663
f 2663 2762 2763
f 2663 2763 2664
f 2664 2763 2764
f 2664 2764 2665
f 2665 2764 2765
f 2665 2765 2666
f 2666 2765 2766
f 2666 2766 2667
f 2667 2766 2767
f 2667 2767 2668
f 2668 2767 2768
f 2668 2768 2669
f 2669 2768 2769
f 2669 2769 2670
f 2670 2769 2770
f 2670 2770 2671
f 2671 2770 2771
f 2671 2771 2672
f 2672 2771 2772
f 2672 2772 2673
f 2673 2772 2773
f 2673 2773 2674
f 2674 2773 2774
f 2674 2774 2675
f 2675 2774 2775
f 2675 2775 2676
f 2676 2775 2776
f 2676 2776 2677
f 2677 2776 2777
f 2677 2777 2678
f 2678 2777 2778
f 2678 2778 2679
f 2679 2778 2779
f 2679 2779 2680
f 2680 2779 2780
f 2680 2780 2681
f 2681 2780 2781
f 2681 2781 2682
f 2682 2781 2782
f 2682 2782 2683
f 2683 2782 2783
f 2683 2783 2684
f 2684 2783 2784
f 2684 2784 2685
f 2685 2784 2785
f 2685 2785 2686
f 2686 2785 2786
f 2686 2786 2687
f 2687 2786 2787
f 2687 2787 2688
f 2688 2787 2788
f 2688 2788 2689
f 2689 2788 2789
f 2689 2789 2690
f 2690 2789 2790
f 2690 2790 2691
f 2691 2790 2791
f 2691 2791 2692
f 2692 2791 2792
f 2692 2792 2693
f 2693 2792 2793
f 2693 2793 2694
f 2694 2793 2794
f 2694 2794 2695
f 2695 2794 2795
f 2695 2795 2696
f 2696 2795 2796
f 2696 2796 2697
f 2697 2796 2797
f 2697 2797 2698
f 2698 2797 2798
f 2698 2798 2699
f 2699 2798 2799
f 2699 2799 2700
f 2700 2799 2800
f 2701 2801 2702
f 2702 2801 2802
f 2702 2802 2703
f 2703 2802 2803
f 2703 2803 2704
f 2704 2803 2804
f 2704 2804 2705
f 2705 2804 2805
f 2705 2805 2706
f 2706 2805 2806
f 2706 2806 2707
f 2707 2806 2807
f 2707 2807 2708
f 2708 2807 2808
f 2708 2808 2709
f 2709 2808 2809
f 2709 2809 2710
f 2710 2809 2810
f 2710 2810 2711
f 2711 2810 2811
f 2711 2811 2712
f 2712 2811 2812
f 2712 2812 2713
f 2713 2812 2813
f 2713 2813 2714
f 2714 2813 2814
f 2714 2814 2715
f 2715 2814 2815
f 2715 2815 2716
f 2716 2815 2816
f 2716 2816 2717
f 2717 2816 2817
f 2717 2817 2718
f 2718 2817 2818
f 2718 2818 2719
f 2719 2818 2819
f 2719 2819 2720
f 2720 2819 2820
f 2720 2820 2721
f 2721 2820 2821
f 2721 2821 2722
f 2722 2821 2822
f 2722 2822 2723
f 2723 2822 2823
f 2723 2823 2724
f 2724 2823 2824
f 2724 2824 2725
f 2725 2824 2825
f 2725 2825 2726
f 2726 2825 2826
f 2726 2826 2727
f 2727 2826 2827
f 2727 2827 2728
f 2728 2827 2828
f 2728 2828 2729
f 2729 2828 2829
f 2729 2829 2730
f 2730 2829 2830
f 2730 2830 2731
f 2731 2830 2831
f 2731 2831 2732
f 2732 2831 2832
f 2732 2832 2733
f 2733 2832 2833
f 2733 2833 2734
f 2734 2833 2834
f 2734 2834 2735
f 2735 2834 2835
f 2735 2835 2736
f 2736 2835 2836
f 2736 2836 2737
f 2737 2836 2837
f 2737 2837 2738
f 2738 2837 2838
f 2738 2838 2739
f 2739 2838 2839
f 2739 2839 2740
f 2740 2839 2840
f 2740 2840 2741
f 2741 2840 2841
f 2741 2841 2742
f 2742 2841 2842
f 2742 2842 2743
f 2743 2842 2843
f 2743 2843 2744
f 2744 2843 2844
f 2744 2844 2745
f 2745 2844 2845
f 2745 2845 2746
f 2746 2845 2846
f 2746 2846 2747
f 2747 2846 2847
f 2747 2847 2748
f 2748 2847 2848
f 2748 2848 2749
f 2749 2848 2849
f 2749 2849 2750
f 2750 2849 2850
f 2750 2850 2751
f 2751 2850 2851
f 2751 2851 2752
f 2752 2851 2852
f 2752 2852 2753
f 2753 2852 2853
f 2753 2853 2754
f 2754 2853 2854
f 2754 2854 2755
f 2755 2854 2855
f 2755 2855 2756
f 2756 2855 2856
f 2756 2856 2757
f 2757 2856 2857
f 2757 2857 2758
f 2758 2857 2858
f 2758 2858 2759
f 2759 2858 2859
f 2759 2859 2760
f 2760 2859 2860
f 2760 2860 2761
f 2761 2860 2861
f 2761 2861 2762
f 2762 2861 2862
f 2762 2862 2763
f 2763 2862 2863
f 2763 2863 2764
f 2764 2863 2864
f 2764 2864 2765
f 2765 2864 2865
f 2765 2865 2766
f 2766 2865 2866
f 2766 2866 2767
f 2767 2866 2867
f 2767 2867 2768
f 2768 2867 2868
f 2768 2868 2769
f 2769 2868 2869
f 2769 2869 2770
f 2770 2869 2870
f 2770 2870 2771
f 2771 2870 2871
f 2771 2871 2772
f 2772 2871 2872
f 2772 2872 2773
f 2773 2872 2873
f 2773 2873 2774
f 2774 2873 2874
f 2774 2874 2775
f 2775 2874 2875
f 2775 2875 2776
f 2776 2875 2876
f 2776 2876 2777
f 2777 2876 2877
f 2777 2877 2778
f 2778 2877 2878
f 2778 2878 2779
f 2779 2878 2879
f 2779 2879 2780
f 2780 2879 2880
f 2780 2880 2781
f 2781 2880 2881
f 2781 2881 2782
f 2782 2881 2882
f 2782 2882 2783
f 2783 2882 2883
f 2783 2883 2784
f 2784 2883 2884
f 2784 2884 2785
f 2785 2884 2885
f 2785 2885 2786
f 2786 2885 2886
f 2786 2886 2787
f 2787 2886 2887
f 2787 2887 2788
f 2788 2887 2888
f 2788 2888 2789
f 2789 2888 2889
f 2789 2889 2790
f 2790 2889 2890
f 2790 2890 2791
f 2791 2890 2891
f 2791 2891 2792
f 2792 2891 2892
f 2792 2892 2793
f 2793 2892 2893
f 2793 2893 2794
f 2794 2893 2894
f 2794 2894 2795
f 2795 2894 2895
f 2795 2895 2796
f 2796 2895 2896
f 2796 2896 2797
f 2797 2896 2897
f 2797 2897 2798
f 2798 2897 2898
f 2798 2898 2799
f 2799 2898 2899
f 2799 2899 2800
f 2800 2899 2900
f 2801 2901 2802
f 2802 2901 2902
f 2802 2902 2803
f 2803 2902 2903
f 2803 2903 2804
f 2804 2903 2904
f 2804 2904 2805
f 2805 2904 2905
f 2805 2905 2806
f 2806 2905 2906
f 2806 2906 2807
f 2807 2906 2907
f 2807 2907 2808
f 2808 2907 2908
f 2808 2908 2809
f 2809 2908 2909
f 2809 2909 2810
f 2810 2909 2910
f 2810 2910 2811
f 2811 2910 2911
f 2811 2911 2812
f 2812 2911 2912
f 2812 2912 2813
f 2813 2912 2913
f 2813 2913 2814
f 2814 2913 2914
f 2814 2914 2815
f 2815 2914 2915
f 2815 2915 2816
f 2816 2915 2916
f 2816 2916 2817
f 2817 2916 2917
f 2817 2917 2818
f 2818 2917 2918
f 2818 2918 2819
f 2819 2918 2919
f 2819 2919 2820
f 2820 2919 2920
f 2820 2920 2821
f 2821 2920 2921
f 2821 2921 2822
f 2822 2921 2922
f 2822 2922 2823
f 2823 2922 2923
f 2823 2923 2824
f 2824 2923 2924
f 2824 2924 2825
f 2825 2924 2925
f 2825 2925 2826
f 2826 2925 2926
f 2826 2926 2827
f 2827 2926 2927
f 2827 2927 2828
f 2828 2927 2928
f 2828 2928 2829
f 2829 2928 2929
f 2829 2929 2830
f 2830 2929 2930
f 2830 2930 2831
f 2831 2930 2931
f 2831 2931 2832
f 2832 2931 2932
f 2832 2932 2833
f 2833 2932 2933
f 2833 2933 2834
f 2834 2933 2934
f 2834 2934 2835
f 2835 2934 2935
f 2835 2935 2836
f 2836 2935 2936
f 2836 2936 2837
f 2837 2936 2937
f 2837 2937 2838
f 2838 2937 2938
f 2838 2938 2839
f 2839 2938 2939
f 2839 2939 2840
f 2840 2939 2940
f 2840 2940 2841
f 2841 2940 2941
f 2841 2941 2842
f 2842 2941 2942
f 2842 2942 2843
f 2843 2942 2943
f 2843 2943 2844
f 2844 2943 2944
f 2844 2944 2845
f 2845 2944 2945
f 2845 2945 2846
f 2846 2945 2946
f 2846 2946 2847
f 2847 2946 2947
f 2847 2947 2848
f 2848 2947 2948
f 2848 2948 2849
f 2849 2948 2949
f 2849 2949 2850
f 2850 2949 2950
f 2850 2950 2851
f 2851 2950 2951
f 2851 2951 2852
f 2852 2951 2952
f 2852 2952 2853
f 2853 2952 2953
f 2853 2953 2854
f 2854 2953 2954
f 2854 2954 2855
f 2855 2954 2955
f 2855 2955 2856
f 2856 2955 2956
f 2856 2956 2857
f 2857 2956 2957
f 2857 2957 2858
f 2858 2957 2958
f 2858 2958 2859
f 2859 2958 2959
f 2859 2959 2860
f 2860 2959 2960
f 2860 2960 2861
f 2861 2960 2961
f 2861 2961 2862
f 2862 2961 2962
f 2862 2962 2863
f 2863 2962 2963
f 2863 2963 2864
f 2864 2963 2964
f 2864 2964 2865
f 2865 2964 2965
f 2865 2965 2866
f 2866 2965 2966
f 2866 2966 2867
f 2867 2966 2967
f 2867 2967 2868
f 2868 2967 2968
f 2868 2968 2869
f 2869 2968 2969
f 2869 2969 2870
f 2870 2969 2970
f 2870 2970 2871
f 2871 2970 2971
f 2871 2971 2872
f 2872 2971 2972
f 2872 2972 2873
f 2873 2972 2973
f 2873 2973 2874
f 2874 2973 2974
f 2874 2974 2875
f 2875 2974 2975
f 2875 2975 2876
f 2876 2975 2976
f 2876 2976 2877
f 2877 2976 2977
f 2877 2977 2878
f 2878 2977 2978
f 2878 2978 2879
f 2879 2978 2979
f 2879 2979 2880
f 2880 2979 2980
f 2880 2980 2881
f 2881 2980 2981
f 2881 2981 2882
f 2882 2981 2982
f 2882 2982 2883
f 2883 2982 2983
f 2883 2983 2884
f 2884 2983 2984
f 2884 2984 2885
f 2885 2984 2985
f 2885 2985 2886
f 2886 2985 2986
f 2886 2986 2887
f 2887 2986 2987
f 2887 2987 2888
f 2888 2987 2988
f 2888 2988 2889
f 2889 2988 2989
f 2889 2989 2890
f 2890 2989 2990
f 2890 2990 2891
f 2891 2990 2991
f 2891 2991 2892
f 2892 2991 2992
f 2892 2992 2893
f 2893 2992 2993
f 2893 2993 2894
f 2894 2993 2994
f 2894 2994 2895
f 2895 2994 2995
f 2895 2995 2896
f 2896 2995 2996
f 2896 2996 2897
f 2897 2996 2997
f 2897 2997 2898
f 2898 2997 2998
f 2898 2998 2899
f 2899 2998 2999
f 2899 2999 2900
f 2900 2999 3000
f 2901 3001 2902
f 2902 3001 3002
f 2902 3002 2903
f 2903 3002 3003
f 2903 3003 2904
f 2904 3003 3004
f 2904 3004 2905
f 2905 3004 3005
f 2905 3005 2906
f 2906 3005 3006
f 2906 3006 2907
f 2907 3006 3007
f 2907 3007 2908
f 2908 3007 3008
f 2908 3008 2909
f 2909 3008 3009
f 2909 3009 2910
f 2910 3009 3010
f 2910 3010 2911
f 2911 3010 3011
f 2911 3011 2912
f 2912 3011 3012
f 2912 3012 2913
f 2913 3012 3013
f 2913 3013 2914
f 2914 3013 3014
f 2914 3014 2915
f 2915 3014 3015
f 2915 3015 2916
f 2916 3015 3016
f 2916 3016 2917
f 2917 3016 3017
f 2917 3017 2918
f 2918 3017 3018
f 2918 3018 2919
f 2919 3018 3019
f 2919 3019 2920
f 2920 3019 3020
f 2920 3020 2921
f 2921 3020 3021
f 2921 3021 2922
f 2922 3021 3022
f 2922 3022 2923
f 2923 3022 3023
f 2923 3023 2924
f 2924 3023 3024
f 2924 3024 2925
f 2925 3024 3025
f 2925 3025 2926
f 2926 3025 3026
f 2926 3026 2927
f 2927 3026 3027
f 2927 3027 2928
f 2928 3027 3028
f 2928 3028 2929
f 2929 3028 3029
f 2929 3029 2930
f 2930 3029 3030
f 2930 3030 2931
f 2931 3030 3031
f 2931 3031 2932
f 2932 3031 3032
f 2932 3032 2933
f 2933 3032 3033
f 2933 3033 2934
f 2934 3033 3034
f 2934 3034 2935
f 2935 3034 3035
f 2935 3035 2936
f 2936 3035 3036
f 2936 3036 2937
f 2937 3036 3037
f 2937 3037 2938
f 2938 3037 3038
f 2938 3038 2939
f 2939 3038 3039
f 2939 3039 2940
f 2940 3039 3040
f 2940 3040 2941
f 2941 3040 3041
f 2941 3041 2942
f 2942 3041 3042
f 2942 3042 2943
f 2943 3042 3043
f 2943 3043 2944
f 2944 3043 3044
f 2944 3044 2945
f 2945 3044 3045
f 2945 3045 2946
f 2946 3045 3046
f 2946 3046 2947
f 2947 3046 3047
f 2947 3047 2948
f 2948 3047 3048
f 2948 3048 2949
f 2949 3048 3049
f 2949 3049 2950
f 2950 3049 3050
f 2950 3050 2951
f 2951 3050 3051
f 2951 3051 2952
f 2952 3051 3052
f 2952 3052 2953
f 2953 3052 3053
f 2953 3053 2954
f 2954 3053 3054
f 2954 3054 2955
f 2955 3054 3055
f 2955 3055 2956
f 2956 3055 3056
f 2956 3056 2957
f 2957 3056 3057
f 2957 3057 2958
f 2958 3057 3058
f 2958 3058 2959
f 2959 3058 3059
f 2959 3059 2960
f 2960 3059 3060
f 2960 3060 2961
f 2961 3060 3061
f 2961 3061 2962
f 2962 3061 3062
f 2962 3062 2963
f 2963 3062 3063
f 2963 3063 2964
f 2964 3063 3064
f 2964 3064 2965
f 2965 3064 3065
f 2965 3065 2966
f 2966 3065 3066
f 2966 3066 2967
f 2967 3066 3067
f 2967 3067 2968
f 2968 3067 3068
f 2968 3068 2969
f 2969 3068 3069
f 2969 3069 2970
f 2970 3069 3070
f 2970 3070 2971
f 2971 3070 3071
f 2971 3071 2972
f 2972 3071 3072
f 2972 3072 2973
f 2973 3072 3073
f 2973 3073 2974
f 2974 3073 3074
f 2974 3074 2975
f 2975 3074 3075
f 2975 3075 2976
f 2976 3075 3076
f 2976 3076 2977
f 2977 3076 3077
f 2977 3077 2978
f 2978 3077 3078
f 2978 3078 2979
f 2979 3078 3079
f 2979 3079 2980
f 2980 3079 3080
f 2980 3080 2981
f 2981 3080 3081
f 2981 3081 2982
f 2982 3081 3082
f 2982 3082 2983
f 2983 3082 3083
f 2983 3083 2984
f 2984 3083 3084
f 2984 3084 2985
f 2985 3084 3085
f 2985 3085 2986
f 2986 3085 3086
f 2986 3086 2987
f 2987 3086 3087
f 2987 3087 2988
f 2988 3087 3088
f 2988 3088 2989
f 2989 3088 3089
f 2989 3089 2990
f 2990 3089 3090
f 2990 3090 2991
f 2991 3090 3091
f 2991 3091 2992
f 2992 3091 3092
f 2992 3092 2993
f 2993 3092 3093
f 2993 3093 2994
f 2994 3093 3094
f 2994 3094 2995
f 2995 3094 3095
f 2995 3095 2996
f 2996 3095 3096
f 2996 3096 2997
f 2997 3096 3097
f 2997 3097 2998
f 2998 3097 3098
f 2998 3098 2999
f 2999 3098 3099
f 2999 3099 3000
f 3000 3099 3100
f 3001 3101 3002
f 3002 3101 3102
f 3002 3102 3003
f 3003 3102 3103
f 3003 3103 3004
f 3004 3103 3104
f 3004 3104 3005
f 3005 3104 3105
f 3005 3105 3006
f 3006 3105 3106
f 3006 3106 3007
f 3007 3106 3107
f 3007 3107 3008
f 3008 3107 3108
f 3008 3108 3009
f 3009 3108 3109
f 3009 3109 3010
f 3010 3109 3110
f 3010 3110 3011
f 3011 3110 3111
f 3011 3111 3012
f 3012 3111 3112
f 3012 3112 3013
f 3013 3112 3113
f 3013 3113 3014
f 3014 3113 3114
f 3014 3114 3015
f 3015 3114 3115
f 3015 3115 3016
f 3016 3115 3116
f 3016 3116 3017
f 3017 3116 3117
f 3017 3117 3018
f 3018 3117 3118
f 3018 3118 3019
f 3019 3118 3119
f 3019 3119 3020
f 3020 3119 3120
f 3020 3120 3021
f 3021 3120 3121
f 3021 3121 3022
f 3022 3121 3122
f 3022 3122 3023
f 3023 3122 3123
f 3023 3123 3024
f 3024 3123 3124
f 3024 3124 3025
f 3025 3124 3125
f 3025 3125 3026
f 3026 3125 3126
f 3026 3126 3027
f 3027 3126 3127
f 3027 3127 3028
f 3028 3127 3128
f 3028 3128 3029
f 3029 3128 3129
f 3029 3129 3030
f 3030 3129 3130
f 3030 3130 3031
f 3031 3130 3131
f 3031 3131 3032
f 3032 3131 3132
f 3032 3132 3033
f 3033 3132 3133
f 3033 3133 3034
f 3034 3133 3134
f 3034 3134 3035
f 3035 3134 3135
f 3035 3135 3036
f 3036 3135 3136
f 3036 3136 3037
f 3037 3136 3137
f 3037 3137 3038
f 3038 3137 3138
f 3038 3138 3039
f 3039 3138 3139
f 3039 3139 3040
f 3040 3139 3140
f 3040 3140 3041
f 3041 3140 3141
f 3041 3141 3042
f 3042 3141 3142
f 3042 3142 3043
f 3043 3142 3143
f 3043 3143 3044
f 3044 3143 3144
f 3044 3144 3045
f 3045 3144 3145
f 3045 3145 3046
f 3046 3145 3146
f 3046 3146 3047
f 3047 3146 3147
f 3047 3147 3048
f 3048 3147 3148
f 3048 3148 3049
f 3049 3148 3149
f 3049 3149 3050
f 3050 3149 3150
f 3050 3150 3051
f 3051 3150 3151
f 3051 3151 3052
f 3052 3151 3152
f 3052 3152 3053
f 3053 3152 3153
f 3053 3153 3054
f 3054 3153 3154
f 3054 3154 3055
f 3055 3154 3155
f 3055 3155 3056
f 3056 3155 3156
f 3056 3156 3057
f 3057 3156 3157
f 3057 3157 3058
f 3058 3157 3158
f 3058 3158 3059
f 3059 3158 3159
f 3059 3159 3060
f 3060 3159 3160
f 3060 3160 3061
f 3061 3160 3161
f 3061 3161 3062
f 3062 3161 3162
f 3062 3162 3063
f 3063 3162 3163
f 3063 3163 3064
f 3064 3163 3164
f 3064 3164 3065
f 3065 3164 3165
f 3065 3165 3066
f 3066 3165 3166
f 3066 3166 3067
f 3067 3166 3167
f 3067 3167 3068
f 3068 3167 3168
f 3068 3168 3069
f 3069 3168 3169
f 3069 3169 3070
f 3070 3169 3170
f 3070 3170 3071
f 3071 3170 3171
f 3071 3171 3072
f 3072 3171 3172
f 3072 3172 3073
f 3073 3172 3173
f 3073 3173 3074
f 3074 3173 3174
f 3074 3174 3075
f 3075 3174 3175
f 3075 3175 3076
f 3076 3175 3176
f 3076 3176 3077
f 3077 3176 3177
f 3077 3177 3078
f 3078 3177 3178
f 3078 3178 3079
f 3079 3178 3179
f 3079 3179 3080
f 3080 3179 3180
f 3080 3180 3081
f 3081 3180 3181
f 3081 3181 3082
f 3082 3181 3182
f 3082 3182 3083
f 3083 3182 3183
f 3083 3183 3084
f 3084 3183 3184
f 3084 3184 3085
f 3085 3184 3185
f 3085 3185 3086
f 3086 3185 3186
f 3086 3186 3087
f 3087 3186 3187
f 3087 3187 3088
f 3088 3187 3188
f 3088 3188 3089
f 3089 3188 3189
f 3089 3189 3090
f 3090 3189 3190
f 3090 3190 3091
f 3091 3190 3191
f 3091 3191 3092
f 3092 3191 3192
f 3092 3192 3093
f 3093 3192 3193
f 3093 3193 3094
f 3094 3193 3194
f 3094 3194 3095
f 3095 3194 3195
f 3095 3195 3096
f 3096 3195 3196
f 3096 3196 3097
f 3097 3196 3197
f 3097 3197 3098
f 3098 3197 3198
f 3098 3198 3099
f 3099 3198 3199
f 3099 3199 3100
f 3100 3199 3200
f 3101 3201 3102
f 3102 3201 3202
f 3102 3202 3103
f 3103 3202 3203
f 3103 3203 3104
f 3104 3203 3204
f 3104 3204 3105
f 3105 3204 3205
f 3105 3205 3106
f 3106 3205 3206
f 3106 3206 3107
f 3107 3206 3207
f 3107 3207 3108
f 3108 3207 3208
f 3108 3208 3109
f 3109 3208 3209
f 3109 3209 3110
f 3110 3209 3210
f 3110 3210 3111
f 3111 3210 3211
f 3111 3211 3112
f 3112 3211 3212
f 3112 3212 3113
f 3113 3212 3213
f 3113 3213 3114
f 3114 3213 3214
f 3114 3214 3115
f 3115 3214 3215
f 3115 3215 3116
f 3116 3215 3216
f 3116 3216 3117
f 3117 3216 3217
f 3117 3217 3118
f 3118 3217 3218
f 3118 3218 3119
f 3119 3218 3219
f 3119 3219 3120
f 3120 3219 3220
f 3120 3220 3121
f 3121 3220 3221
f 3121 3221 3122
f 3122 3221 3222
f 3122 3222 3123
f 3123 3222 3223
f 3123 3223 3124
f 3124 3223 3224
f 3124 3224 3125
f 3125 3224 3225
f 3125 3225 3126
f 3126 3225 3226
f 3126 3226 3127
f 3127 3226 3227
f 3127 3227 3128
f 3128 3227 3228
f 3128 3228 3129
f 3129 3228 3229
f 3129 3229 3130
f 3130 3229 3230
f 3130 3230 3131
f 3131 3230 3231
f 3131 3231 3132
f 3132 3231 3232
f 3132 3232 3133
f 3133 3232 3233
f 3133 3233 3134
f 3134 3233 3234
f 3134 3234 3135
f 3135 3234 3235
f 3135 3235 3136
f 3136 3235 3236
f 3136 3236 3137
f 3137 3236 3237
f 3137 3237 3138
f 3138 3237 3238
f 3138 3238 3139
f 3139 3238 3239
f 3139 3239 3140
f 3140 3239 3240
f 3140 3240 3141
f 3141 3240 3241
f 3141 3241 3142
f 3142 3241 3242
f 3142 3242 3143
f 3143 3242 3243
f 3143 3243 3144
f 3144 3243 3244
f 3144 3244 3145
f 3145 3244 3245
f 3145 3245 3146
f 3146 3245 3246
f 3146 3246 3147
f 3147 3246 3247
f 3147 3247 3148
f 3148 3247 3248
f 3148 3248 3149
f 3149 3248 3249
f 3149 3249 3150
f 3150 3249 3250
f 3150 3250 3151
f 3151 3250 3251
f 3151 3251 3152
f 3152 3251 3252
f 3152 3252 3153
f 3153 3252 3253
f 3153 3253 3154
f 3154 3253 3254
f 3154 3254 3155
f 3155 3254 3255
f 3155 3255 3156
f 3156 3255 3256
f 3156 3256 3157
f 3157 3256 3257
f 3157 3257 3158
f 3158 3257 3258
f 3158 3258 3159
f 3159 3258 3259
f 3159 3259 3160
f 3160 3259 3260
f 3160 3260 3161
f 3161 3260 3261
f 3161 3261 3162
f 3162 3261 3262
f 3162 3262 3163
f 3163 3262 3263
f 3163 3263 3164
f 3164 3263 3264
f 3164 3264 3165
f 3165 3264 3265
f 3165 3265 3166
f 3166 3265 3266
f 3166 3266 3167
f 3167 3266 3267
f 3167 3267 3168
f 3168 3267 3268
f 3168 3268 3169
f 3169 3268 3269
f 3169 3269 3170
f 3170 3269 3270
f 3170 3270 3171
f 3171 3270 3271
f 3171 3271 3172
f 3172 3271 3272
f 3172 3272 3173
f 3173 3272 3273
f 3173 3273 3174
f 3174 3273 3274
f 3174 3274 3175
f 3175 3274 3275
f 3175 3275 3176
f 3176 3275 3276
f 3176 3276 3177
f 3177 3276 3277
f 3177 3277 3178
f 3178 3277 3278
f 3178 3278 3179
f 3179 3278 3279
f 3179 3279 3180
f 3180 3279 3280
f 3180 3280 3181
f 3181 3280 3281
f 3181 3281 3182
f 3182 3281 3282
f 3182 3282 3183
f 3183 3282 3283
f 3183 3283 3184
f 3184 3283 3284
f 3184 3284 3185
f 3185 3284 3285
f 3185 3285 3186
f 3186 3285 3286
f 3186 3286 3187
f 3187 3286 3287
f 3187 3287 3188
f 3188 3287 3288
f 3188 3288 3189
f 3189 3288 3289
f 3189 3289 3190
f 3190 3289 3290
f 3190 3290 3191
f 3191 3290 3291
f 3191 3291 3192
f 3192 3291 3292
f 3192 3292 3193
f 3193 3292 3293
f 3193 3293 3194
f 3194 3293 3294
f 3194 3294 3195
f 3195 3294 3295
f 3195 3295 3196
f 3196 3295 3296
f 3196 3296 3197
f 3197 3296 3297
f 3197 3297 3198
f 3198 3297 3298
f 3198 3298 3199
f 3199 3298 3299
f 3199 3299 3200
f 3200 3299 3300
f 3201 3301 3202
f 3202 3301 3302
f 3202 3302 3203
f 3203 3302 3303
f 3203 3303 3204
f 3204 3303 3304
f 3204 3304 3205
f 3205 3304 3305
f 3205 3305 3206
f 3206 3305 3306
f 3206 3306 3207
f 3207 3306 3307
f 3207 3307 3208
f 3208 3307 3308
f 3208 3308 3209
f 3209 3308 3309
f 3209 3309 3210
f 3210 3309 3310
f 3210 3310 3211
f 3211 3310 3311
f 3211 3311 3212
f 3212 3311 3312
f 3212 3312 3213
f 3213 3312 3313
f 3213 3313 3214
f 3214 3313 3314
f 3214 3314 3215
f 3215 3314 3315
f 3215 3315 3216
f 3216 3315 3316
f 3216 3316 3217
f 3217 3316 3317
f 3217 3317 3218
f 3218 3317 3318
f 3218 3318 3219
f 3219 3318 3319
f 3219 3319 3220
f 3220 3319 3320
f 3220 3320 3221
f 3221 3320 3321
f 3221 3321 3222
f 3222 3321 3322
f 3222 3322 3223
f 3223 3322 3323
f 3223 3323 3224
f 3224 3323 3324
f 3224 3324 3225
f 3225 3324 3325
f 3225 3325 3226
f 3226 3325 3326
f 3226 3326 3227
f 3227 3326 3327
f 3227 3327 3228
f 3228 3327 3328
f 3228 3328 3229
f 3229 3328 3329
f 3229 3329 3230
f 3230 3329 3330
f 3230 3330 3231
f 3231 3330 3331
f 3231 3331 3232
f 3232 3331 3332
f 3232 3332 3233
f 3233 3332 3333
f 3233 3333 3234
f 3234 3333 3334
f 3234 3334 3235
f 3235 3334 3335
f 3235 3335 3236
f 3236 3335 3336
f 3236 3336 3237
f 3237 3336 3337
f 3237 3337 3238
f 3238 3337 3338
f 3238 3338 3239
f 3239 3338 3339
f 3239 3339 3240
f 3240 3339 3340
f 3240 3340 3241
f 3241 3340 3341
f 3241 3341 3242
f 3242 3341 3342
f 3242 3342 3243
f 3243 3342 3343
f 3243 3343 3244
f 3244 3343 3344
f 3244 3344 3245
f 3245 3344 3345
f 3245 3345 3246
f 3246 3345 3346
f 3246 3346 3247
f 3247 3346 3347
f 3247 3347 3248
f 3248 3347 3348
f 3248 3348 3249
f 3249 3348 3349
f 3249 3349 3250
f 3250 3349 3350
f 3250 3350 3251
f 3251 3350 3351
f 3251 3351 3252
f 3252 3351 3352
f 3252 3352 3253
f 3253 3352 3353
f 3253 3353 3254
f 3254 3353 3354
f 3254 3354 3255
f 3255 3354 3355
f 3255 3355 3256
f 3256 3355 3356
f 3256 3356 3257
f 3257 3356 3357
f 3257 3357 3258
f 3258 3357 3358
f 3258 3358 3259
f 3259 3358 3359
f 3259 3359 3260
f 3260 3359 3360
f 3260 3360 3261
f 3261 3360 3361
f 3261 3361 3262
f 3262 3361 3362
f 3262 3362 3263
f 3263 3362 3363
f 3263 3363 3264
f 3264 3363 3364
f 3264 3364 3265
f 3265 3364 3365
f 3265 3365 3266
f 3266 3365 3366
f 3266 3366 3267
f 3267 3366 3367
f 3267 3367 3268
f 3268 3367 3368
f 3268 3368 3269
f 3269 3368 3369
f 3269 3369 3270
f 3270 3369 3370
f 3270 3370 3271
f 3271 3370 3371
f 3271 3371 3272
f 3272 3371 3372
f 3272 3372 3273
f 3273 3372 3373
f 3273 3373 3274
f 3274 3373 3374
f 3274 3374 3275
f 3275 3374 3375
f 3275 3375 3276
f 3276 3375 3376
f 3276 3376 3277
f 3277 3376 3377
f 3277 3377 3278
f 3278 3377 3378
f 3278 3378 3279
f 3279 3378 3379
f 3279 3379 3280
f 3280 3379 3380
f 3280 3380 3281
f 3281 3380 3381
f 3281 3381 3282
f 3282 3381 3382
f 3282 3382 3283
f 3283 3382 3383
f 3283 3383 3284
f 3284 3383 3384
f 3284 3384 3285
f 3285 3384 3385
f 3285 3385 3286
f 3286 3385 3386
f 3286 3386 3287
f 3287 3386 3387
f 3287 3387 3288
f 3288 3387 3388
f 3288 3388 3289
f 3289 3388 3389
f 3289 3389 3290
f 3290 3389 3390
f 3290 3390 3291
f 3291 3390 3391
f 3291 3391 3292
f 3292 3391 3392
f 3292 3392 3293
f 3293 3392 3393
f 3293 3393 3294
f 3294 3393 3394
f 3294 3394 3295
f 3295 3394 3395
f 3295 3395 3296
f 3296 3395 3396
f 3296 3396 3297
f 3297 3396 3397
f 3297 3397 3298
f 3298 3397 3398
f 3298 3398 3299
f 3299 3398 3399
f 3299 3399 3300
f 3300 3399 3400
f 3301 3401 3302
f 3302 3401 3402
f 3302 3402 3303
f 3303 3402 3403
f 3303 3403 3304
f 3304 3403 3404
f 3304 3404 3305
f 3305 3404 3405
f 3305 3405 3306
f 3306 3405 3406
f 3306 3406 3307
f 3307 3406 3407
f 3307 3407 3308
f 3308 3407 3408
f 3308 3408 3309
f 3309 3408 3409
f 3309 3409 3310
f 3310 3409 3410
f 3310 3410 3311
f 3311 3410 3411
f 3311 3411 3312
f 3312 3411 3412
f 3312 3412 3313
f 3313 3412 3413
f 3313 3413 3314
f 3314 3413 3414
f 3314 3414 3315
f 3315 3414 3415
f 3315 3415 3316
f 3316 3415 3416
f 3316 3416 3317
f 3317 3416 3417
f 3317 3417 3318
f 3318 3417 3418
f 3318 3418 3319
f 3319 3418 3419
f 3319 3419 3320
f 3320 3419 3420
f 3320 3420 3321
f 3321 3420 3421
f 3321 3421 3322
f 3322 3421 3422
f 3322 3422 3323
f 3323 3422 3423
f 3323 3423 3324
f 3324 3423 3424
f 3324 3424 3325
f 3325 3424 3425
f 3325 3425 3326
f 3326 3425 3426
f 3326 3426 3327
f 3327 3426 3427
f 3327 3427 3328
f 3328 3427 3428
f 3328 3428 3329
f 3329 3428 3429
f 3329 3429 3330
f 3330 3429 3430
f 3330 3430 3331
f 3331 3430 3431
f 3331 3431 3332
f 3332 3431 3432
f 3332 3432 3333
f 3333 3432 3433
f 3333 3433 3334
f 3334 3433 3434
f 3334 3434 3335
f 3335 3434 3435
f 3335 3435 3336
f 3336 3435 3436
f 3336 3436 3337
f 3337 3436 3437
f 3337 3437 3338
f 3338 3437 3438
f 3338 3438 3339
f 3339 3438 3439
f 3339 3439 3340
f 3340 3439 3440
f 3340 3440 3341
f 3341 3440 3441
f 3341 3441 3342
f 3342 3441 3442
f 3342 3442 3343
f 3343 3442 3443
f 3343 3443 3344
f 3344 3443 3444
f 3344 3444 3345
f 3345 3444 3445
f 3345 3445 3346
f 3346 3445 3446
f 3346 3446 3347
f 3347 3446 3447
f 3347 3447 3348
f 3348 3447 3448
f 3348 3448 3349
f 3349 3448 3449
f 3349 3449 3350
f 3350 3449 3450
f 3350 3450 3351
f 3351 3450 3451
f 3351 3451 3352
f 3352 3451 3452
f 3352 3452 3353
f 3353 3452 3453
f 3353 3453 3354
f 3354 3453 3454
f 3354 3454 3355
f 3355 3454 3455
f 3355 3455 3356
f 3356 3455 3456
f 3356 3456 3357
f 3357 3456 3457
f 3357 3457 3358
f 3358 3457 3458
f 3358 3458 3359
f 3359 3458 3459
f 3359 3459 3360
f 3360 3459 3460
f 3360 3460 3361
f 3361 3460 3461
f 3361 3461 3362
f 3362 3461 3462
f 3362 3462 3363
f 3363 3462 3463
f 3363 3463 3364
f 3364 3463 3464
f 3364 3464 3365
f 3365 3464 3465
f 3365 3465 3366
f 3366 3465 3466
f 3366 3466 3367
f 3367 3466 3467
f 3367 3467 3368
f 3368 3467 3468
f 3368 3468 3369
f 3369 3468 3469
f 3369 3469 3370
f 3370 3469 3470
f 3370 3470 3371
f 3371 3470 3471
f 3371 3471 3372
f 3372 3471 3472
f 3372 3472 3373
f 3373 3472 3473
f 3373 3473 3374
f 3374 3473 3474
f 3374 3474 3375
f 3375 3474 3475
f 3375 3475 3376
f 3376 3475 3476
f 3376 3476 3377
f 3377 3476 3477
f 3377 3477 3378
f 3378 3477 3478
f 3378 3478 3379
f 3379 3478 3479
f 3379 3479 3380
f 3380 3479 3480
f 3380 3480 3381
f 3381 3480 3481
f 3381 3481 3382
f 3382 3481 3482
f 3382 3482 3383
f 3383 3482 3483
f 3383 3483 3384
f 3384 3483 3484
f 3384 3484 3385
f 3385 3484 3485
f 3385 3485 3386
f 3386 3485 3486
f 3386 3486 3387
f 3387 3486 3487
f 3387 3487 3388
f 3388 3487 3488
f 3388 3488 3389
f 3389 3488 3489
f 3389 3489 3390
f 3390 3489 3490
f 3390 3490 3391
f 3391 3490 3491
f 3391 3491 3392
f 3392 3491 3492
f 3392 3492 3393
f 3393 3492 3493
f 3393 3493 3394
f 3394 3493 3494
f 3394 3494 3395
f 3395 3494 3495
f 3395 3495 3396
f 3396 3495 3496
f 3396 3496 3397
f 3397 3496 3497
f 3397 3497 3398
f 3398 3497 3498
f 3398 3498 3399
f 3399 3498 3499
f 3399 3499 3400
f 3400 3499 3500
f 3401 3501 3402
f 3402 3501 3502
f 3402 3502 3403
f 3403 3502 3503
f 3403 3503 3404
f 3404 3503 3504
f 3404 3504 3405
f 3405 3504 3505
f 3405 3505 3406
f 3406 3505 3506
f 3406 3506 3407
f 3407 3506 3507
f 3407 3507 3408
f 3408 3507 3508
f 3408 3508 3409
f 3409 3508 3509
f 3409 3509 3410
f 3410 3509 3510
f 3410 3510 3411
f 3411 3510 3511
f 3411 3511 3412
f 3412 3511 3512
f 3412 3512 3413
f 3413 3512 3513
f 3413 3513 3414
f 3414 3513 3514
f 3414 3514 3415
f 3415 3514 3515
f 3415 3515 3416
f 3416 3515 3516
f 3416 3516 3417
f 3417 3516 3517
f 3417 3517 3418
f 3418 3517 3518
f 3418 3518 3419
f 3419 3518 3519
f 3419 3519 3420
f 3420 3519 3520
f 3420 3520 3421
f 3421 3520 3521
f 3421 3521 3422
f 3422 3521 3522
f 3422 3522 3423
f 3423 3522 3523
f 3423 3523 3424
f 3424 3523 3524
f 3424 3524 3425
f 3425 3524 3525
f 3425 3525 3426
f 3426 3525 3526
f 3426 3526 3427
f 3427 3526 3527
f 3427 3527 3428
f 3428 3527 3528
f 3428 3528 3429
f 3429 3528 3529
f 3429 3529 3430
f 3430 3529 3530
f 3430 3530 3431
f 3431 3530 3531
f 3431 3531 3432
f 3432 3531 3532
f 3432 3532 3433
f 3433 3532 3533
f 3433 3533 3434
f 3434 3533 3534
f 3434 3534 3435
f 3435 3534 3535
f 3435 3535 3436
f 3436 3535 3536
f 3436 3536 3437
f 3437 3536 3537
f 3437 3537 3438
f 3438 3537 3538
f 3438 3538 3439
f 3439 3538 3539
f 3439 3539 3440
f 3440 3539 3540
f 3440 3540 3441
f 3441 3540 3541
f 3441 3541 3442
f 3442 3541 3542
f 3442 3542 3443
f 3443 3542 3543
f 3443 3543 3444
f 3444 3543 3544
f 3444 3544 3445
f 3445 3544 3545
f 3445 3545 3446
f 3446 3545 3546
f 3446 3546 3447
f 3447 3546 3547
f 3447 3547 3448
f 3448 3547 3548
f 3448 3548 3449
f 3449 3548 3549
f 3449 3549 3450
f 3450 3549 3550
f 3450 3550 3451
f 3451 3550 3551
f 3451 3551 3452
f 3452 3551 3552
f 3452 3552 3453
f 3453 3552 3553
f 3453 3553 3454
f 3454 3553 3554
f 3454 3554 3455
f 3455 3554 3555
f 3455 3555 3456
f 3456 3555 3556
f 3456 3556 3457
f 3457 3556 3557
f 3457 3557 3458
f 3458 3557 3558
f 3458 3558 3459
f 3459 3558 3559
f 3459 3559 3460
f 3460 3559 3560
f 3460 3560 3461
f 3461 3560 3561
f 3461 3561 3462
f 3462 3561 3562
f 3462 3562 3463
f 3463 3562 3563
f 3463 3563 3464
f 3464 3563 3564
f 3464 3564 3465
f 3465 3564 3565
f 3465 3565 3466
f 3466 3565 3566
f 3466 3566 3467
f 3467 3566 3567
f 3467 3567 3468
f 3468 3567 3568
f 3468 3568 3469
f 3469 3568 3569
f 3469 3569 3470
f 3470 3569 3570
f 3470 3570 3471
f 3471 3570 3571
f 3471 3571 3472
f 3472 3571 3572
f 3472 3572 3473
f 3473 3572 3573
f 3473 3573 3474
f 3474 3573 3574
f 3474 3574 3475
f 3475 3574 3575
f 3475 3575 3476
f 3476 3575 3576
f 3476 3576 3477
f 3477 3576 3577
f 3477 3577 3478
f 3478 3577 3578
f 3478 3578 3479
f 3479 3578 3579
f 3479 3579 3480
f 3480 3579 3580
f 3480 3580 3481
f 3481 3580 3581
f 3481 3581 3482
f 3482 3581 3582
f 3482 3582 3483
f 3483 3582 3583
f 3483 3583 3484
f 3484 3583 3584
f 3484 3584 3485
f 3485 3584 3585
f 3485 3585 3486
f 3486 3585 3586
f 3486 3586 3487
f 3487 3586 3587
f 3487 3587 3488
f 3488 3587 3588
f 3488 3588 3489
f 3489 3588 3589
f 3489 3589 3490
f 3490 3589 3590
f 3490 3590 3491
f 3491 3590 3591
f 3491 3591 3492
f 3492 3591 3592
f 3492 3592 3493
f 3493 3592 3593
f 3493 3593 3494
f 3494 3593 3594
f 3494 3594 3495
f 3495 3594 3595
f 3495 3595 3496
f 3496 3595 3596
f 3496 3596 3497
f 3497 3596 3597
f 3497 3597 3498
f 3498 3597 3598
f 3498 3598 3499
f 3499 3598 3599
f 3499 3599 3500
f 3500 3599 3600
f 3501 3601 3502
f 3502 3601 3602
f 3502 3602 3503
f 3503 3602 3603
f 3503 3603 3504
f 3504 3603 3604
f 3504 3604 3505
f 3505 3604 3605
f 3505 3605 3506
f 3506 3605 3606
f 3506 3606 3507
f 3507 3606 3607
f 3507 3607 3508
f 3508 3607 3608
f 3508 3608 3509
f 3509 3608 3609
f 3509 3609 3510
f 3510 3609 3610
f 3510 3610 3511
f 3511 3610 3611
f 3511 3611 3512
f 3512 3611 3612
f 3512 3612 3513
f 3513 3612 3613
f 3513 3613 3514
f 3514 3613 3614
f 3514 3614 3515
f 3515 3614 3615
f 3515 3615 3516
f 3516 3615 3616
f 3516 3616 3517
f 3517 3616 3617
f 3517 3617 3518
f 3518 3617 3618
f 3518 3618 3519
f 3519 3618 3619
f 3519 3619 3520
f 3520 3619 3620
f 3520 3620 3521
f 3521 3620 3621
f 3521 3621 3522
f 3522 3621 3622
f 3522 3622 3523
f 3523 3622 3623
f 3523 3623 3524
f 3524 3623 3624
f 3524 3624 3525
f 3525 3624 3625
f 3525 3625 3526
f 3526 3625 3626
f 3526 3626 3527
f 3527 3626 3627
f 3527 3627 3528
f 3528 3627 3628
f 3528 3628 3529
f 3529 3628 3629
f 3529 3629 3530
f 3530 3629 3630
f 3530 3630 3531
f 3531 3630 3631
f 3531 3631 3532
f 3532 3631 3632
f 3532 3632 3533
f 3533 3632 3633
f 3533 3633 3534
f 3534 3633 3634
f 3534 3634 3535
f 3535 3634 3635
f 3535 3635 3536
f 3536 3635 3636
f 3536 3636 3537
f 3537 3636 3637
f 3537 3637 3538
f 3538 3637 3638
f 3538 3638 3539
f 3539 3638 3639
f 3539 3639 3540
f 3540 3639 3640
f 3540 3640 3541
f 3541 3640 3641
f 3541 3641 3542
f 3542 3641 3642
f 3542 3642 3543
f 3543 3642 3643
f 3543 3643 3544
f 3544 3643 3644
f 3544 3644 3545
f 3545 3644 3645
f 3545 3645 3546
f 3546 3645 3646
f 3546 3646 3547
f 3547 3646 3647
f 3547 3647 3548
f 3548 3647 3648
f 3548 3648 3549
f 3549 3648 3649
f 3549 3649 3550
f 3550 3649 3650
f 3550 3650 3551
f 3551 3650 3651
f 3551 3651 3552
f 3552 3651 3652
f 3552 3652 3553
f 3553 3652 3653
f 3553 3653 3554
f 3554 3653 3654
f 3554 3654 3555
f 3555 3654 3655
f 3555 3655 3556
f 3556 3655 3656
f 3556 3656 3557
f 3557 3656 3657
f 3557 3657 3558
f 3558 3657 3658
f 3558 3658 3559
f 3559 3658 3659
f 3559 3659 3560
f 3560 3659 3660
f 3560 3660 3561
f 3561 3660 3661
f 3561 3661 3562
f 3562 3661 3662
f 3562 3662 3563
f 3563 3662 3663
f 3563 3663 3564
f 3564 3663 3664
f 3564 3664 3565
f 3565 3664 3665
f 3565 3665 3566
f 3566 3665 3666
f 3566 3666 3567
f 3567 3666 3667
f 3567 3667 3568
f 3568 3667 3668
f 3568 3668 3569
f 3569 3668 3669
f 3569 3669 3570
f 3570 3669 3670
f 3570 3670 3571
f 3571 3670 3671
f 3571 3671 3572
f 3572 3671 3672
f 3572 3672 3573
f 3573 3672 3673
f 3573 3673 3574
f 3574 3673 3674
f 3574 3674 3575
f 3575 3674 3675
f 3575 3675 3576
f 3576 3675 3676
f 3576 3676 3577
f 3577 3676 3677
f 3577 3677 3578
f 3578 3677 3678
f 3578 3678 3579
f 3579 3678 3679
f 3579 3679 3580
f 3580 3679 3680
f 3580 3680 3581
f 3581 3680 3681
f 3581 3681 3582
f 3582 3681 3682
f 3582 3682 3583
f 3583 3682 3683
f 3583 3683 3584
f 3584 3683 3684
f 3584 3684 3585
f 3585 3684 3685
f 3585 3685 3586
f 3586 3685 3686
f 3586 3686 3587
f 3587 3686 3687
f 3587 3687 3588
f 3588 3687 3688
f 3588 3688 3589
f 3589 3688 3689
f 3589 3689 3590
f 3590 3689 3690
f 3590 3690 3591
f 3591 3690 3691
f 3591 3691 3592
f 3592 3691 3692
f 3592 3692 3593
f 3593 3692 3693
f 3593 3693 3594
f 3594 3693 3694
f 3594 3694 3595
f 3595 3694 3695
f 3595 3695 3596
f 3596 3695 3696
f 3596 3696 3597
f 3597 3696 3697
f 3597 3697 3598
f 3598 3697 3698
f 3598 3698 3599
f 3599 3698 3699
f 3599 3699 3600
f 3600 3699 3700
f 3601 3701 3602
f 3602 3701 3702
f 3602 3702 3603
f 3603 3702 3703
f 3603 3703 3604
f 3604 3703 3704
f 3604 3704 3605
f 3605 3704 3705
f 3605 3705 3606
f 3606 3705 3706
f 3606 3706 3607
f 3607 3706 3707
f 3607 3707 3608
f 3608 3707 3708
f 3608 3708 3609
f 3609 3708 3709
f 3609 3709 3610
f 3610 3709 3710
f 3610 3710 3611
f 3611 3710 3711
f 3611 3711 3612
f 3612 3711 3712
f 3612 3712 3613
f 3613 3712 3713
f 3613 3713 3614
f 3614 3713 3714
f 3614 3714 3615
f 3615 3714 3715
f 3615 3715 3616
f 3616 3715 3716
f 3616 3716 3617
f 3617 3716 3717
f 3617 3717 3618
f 3618 3717 3718
f 3618 3718 3619
f 3619 3718 3719
f 3619 3719 3620
f 3620 3719 3720
f 3620 3720 3621
f 3621 3720 3721
f 3621 3721 3622
f 3622 3721 3722
f 3622 3722 3623
f 3623 3722 3723
f 3623 3723 3624
f 3624 3723 3724
f 3624 3724 3625
f 3625 3724 3725
f 3625 3725 3626
f 3626 3725 3726
f 3626 3726 3627
f 3627 3726 3727
f 3627 3727 3628
f 3628 3727 3728
f 3628 3728 3629
f 3629 3728 3729
f 3629 3729 3630
f 3630 3729 3730
f 3630 3730 3631
f 3631 3730 3731
f 3631 3731 3632
f 3632 3731 3732
f 3632 3732 3633
f 3633 3732 3733
f 3633 3733 3634
f 3634 3733 3734
f 3634 3734 3635
f 3635 3734 3735
f 3635 3735 3636
f 3636 3735 3736
f 3636 3736 3637
f 3637 3736 3737
f 3637 3737 3638
f 3638 3737 3738
f 3638 3738 3639
f 3639 3738 3739
f 3639 3739 3640
f 3640 3739 3740
f 3640 3740 3641
f 3641 3740 3741
f 3641 3741 3642
f 3642 3741 3742
f 3642 3742 3643
f 3643 3742 3743
f 3643 3743 3644
f 3644 3743 3744
f 3644 3744 3645
f 3645 3744 3745
f 3645 3745 3646
f 3646 3745 3746
f 3646 3746 3647
f 3647 3746 3747
f 3647 3747 3648
f 3648 3747 3748
f 3648 3748 3649
f 3649 3748 3749
f 3649 3749 3650
f 3650 3749 3750
f 3650 3750 3651
f 3651 3750 3751
f 3651 3751 3652
f 3652 3751 3752
f 3652 3752 3653
f 3653 3752 3753
f 3653 3753 3654
f 3654 3753 3754
f 3654 3754 3655
f 3655 3754 3755
f 3655 3755 3656
f 3656 3755 3756
f 3656 3756 3657
f 3657 3756 3757
f 3657 3757 3658
f 3658 3757 3758
f 3658 3758 3659
f 3659 3758 3759
f 3659 3759 3660
f 3660 3759 3760
f 3660 3760 3661
f 3661 3760 3761
f 3661 3761 3662
f 3662 3761 3762
f 3662 3762 3663
f 3663 3762 3763
f 3663 3763 3664
f 3664 3763 3764
f 3664 3764 3665
f 3665 3764 3765
f 3665 3765 3666
f 3666 3765 3766
f 3666 3766 3667
f 3667 3766 3767
f 3667 3767 3668
f 3668 3767 3768
f 3668 3768 3669
f 3669 3768 3769
f 3669 3769 3670
f 3670 3769 3770
f 3670 3770 3671
f 3671 3770 3771
f 3671 3771 3672
f 3672 3771 3772
f 3672 3772 3673
f 3673 3772 3773
f 3673 3773 3674
f 3674 3773 3774
f 3674 3774 3675
f 3675 3774 3775
f 3675 3775 3676
f 3676 3775 3776
f 3676 3776 3677
f 3677 3776 3777
f 3677 3777 3678
f 3678 3777 3778
f 3678 3778 3679
f 3679 3778 3779
f 3679 3779 3680
f 3680 3779 3780
f 3680 3780 3681
f 3681 3780 3781
f 3681 3781 3682
f 3682 3781 3782
f 3682 3782 3683
f 3683 3782 3783
f 3683 3783 3684
f 3684 3783 3784
f 3684 3784 3685
f 3685 3784 3785
f 3685 3785 3686
f 3686 3785 3786
f 3686 3786 3687
f 3687 3786 3787
f 3687 3787 3688
f 3688 3787 3788
f 3688 3788 3689
f 3689 3788 3789
f 3689 3789 3690
f 3690 3789 3790
f 3690 3790 3691
f 3691 3790 3791
f 3691 3791 3692
f 3692 3791 3792
f 3692 3792 3693
f 3693 3792 3793
f 3693 3793 3694
f 3694 3793 3794
f 3694 3794 3695
f 3695 3794 3795
f 3695 3795 3696
f 3696 3795 3796
f 3696 3796 3697
f 3697 3796 3797
f 3697 3797 3698
f 3698 3797 3798
f 3698 3798 3699
f 3699 3798 3799
f 3699 3799 3700
f 3700 3799 3800
f 3701 3801 3702
f 3702 3801 3802
f 3702 3802 3703
f 3703 3802 3803
f 3703 3803 3704
f 3704 3803 3804
f 3704 3804 3705
f 3705 3804 3805
f 3705 3805 3706
f 3706 3805 3806
f 3706 3806 3707
f 3707 3806 3807
f 3707 3807 3708
f 3708 3807 3808
f 3708 3808 3709
f 3709 3808 3809
f 3709 3809 3710
f 3710 3809 3810
f 3710 3810 3711
f 3711 3810 3811
f 3711 3811 3712
f 3712 3811 3812
f 3712 3812 3713
f 3713 3812 3813
f 3713 3813 3714
f 3714 3813 3814
f 3714 3814 3715
f 3715 3814 3815
f 3715 3815 3716
f 3716 3815 3816
f 3716 3816 3717
f 3717 3816 3817
f 3717 3817 3718
f 3718 3817 3818
f 3718 3818 3719
f 3719 3818 3819
f 3719 3819 3720
f 3720 3819 3820
f 3720 3820 3721
f 3721 3820 3821
f 3721 3821 3722
f 3722 3821 3822
f 3722 3822 3723
f 3723 3822 3823
f 3723 3823 3724
f 3724 3823 3824
f 3724 3824 3725
f 3725 3824 3825
f 3725 3825 3726
f 3726 3825 3826
f 3726 3826 3727
f 3727 3826 3827
f 3727 3827 3728
f 3728 3827 3828
f 3728 3828 3729
f 3729 3828 3829
f 3729 3829 3730
f 3730 3829 3830
f 3730 3830 3731
f 3731 3830 3831
f 3731 3831 3732
f 3732 3831 3832
f 3732 3832 3733
f 3733 3832 3833
f 3733 3833 3734
f 3734 3833 3834
f 3734 3834 3735
f 3735 3834 3835
f 3735 3835 3736
f 3736 3835 3836
f 3736 3836 3737
f 3737 3836 3837
f 3737 3837 3738
f 3738 3837 3838
f 3738 3838 3739
f 3739 3838 3839
f 3739 3839 3740
f 3740 3839 3840
f 3740 3840 3741
f 3741 3840 3841
f 3741 3841 3742
f 3742 3841 3842
f 3742 3842 3743
f 3743 3842 3843
f 3743 3843 3744
f 3744 3843 3844
f 3744 3844 3745
f 3745 3844 3845
f 3745 3845 3746
f 3746 3845 3846
f 3746 3846 3747
f 3747 3846 3847
f 3747 3847 3748
f 3748 3847 3848
f 3748 3848 3749
f 3749 3848 3849
f 3749 3849 3750
f 3750 3849 3850
f 3750 3850 3751
f 3751 3850 3851
f 3751 3851 3752
f 3752 3851 3852
f 3752 3852 3753
f 3753 3852 3853
f 3753 3853 3754
f 3754 3853 3854
f 3754 3854 3755
f 3755 3854 3855
f 3755 3855 3756
f 3756 3855 3856
f 3756 3856 3757
f 3757 3856 3857
f 3757 3857 3758
f 3758 3857 3858
f 3758 3858 3759
f 3759 3858 3859
f 3759 3859 3760
f 3760 3859 3860
f 3760 3860 3761
f 3761 3860 3861
f 3761 3861 3762
f 3762 3861 3862
f 3762 3862 3763
f 3763 3862 3863
f 3763 3863 3764
f 3764 3863 3864
f 3764 3864 3765
f 3765 3864 3865
f 3765 3865 3766
f 3766 3865 3866
f 3766 3866 3767
f 3767 3866 3867
f 3767 3867 3768
f 3768 3867 3868
f 3768 3868 3769
f 3769 3868 3869
f 3769 3869 3770
f 3770 3869 3870
f 3770 3870 3771
f 3771 3870 3871
f 3771 3871 3772
f 3772 3871 3872
f 3772 3872 3773
f 3773 3872 3873
f 3773 3873 3774
f 3774 3873 3874
f 3774 3874 3775
f 3775 3874 3875
f 3775 3875 3776
f 3776 3875 3876
f 3776 3876 3777
f 3777 3876 3877
f 3777 3877 3778
f 3778 3877 3878
f 3778 3878 3779
f 3779 3878 3879
f 3779 3879 3780
f 3780 3879 3880
f 3780 3880 3781
f 3781 3880 3881
f 3781 3881 3782
f 3782 3881 3882
f 3782 3882 3783
f 3783 3882 3883
f 3783 3883 3784
f 3784 3883 3884
f 3784 3884 3785
f 3785 3884 3885
f 3785 3885 3786
f 3786 3885 3886
f 3786 3886 3787
f 3787 3886 3887
f 3787 3887 3788
f 3788 3887 3888
f 3788 3888 3789
f 3789 3888 3889
f 3789 3889 3790
f 3790 3889 3890
f 3790 3890 3791
f 3791 3890 3891
f 3791 3891 3792
f 3792 3891 3892
f 3792 3892 3793
f 3793 3892 3893
f 3793 3893 3794
f 3794 3893 3894
f 3794 3894 3795
f 3795 3894 3895
f 3795 3895 3796
f 3796 3895 3896
f 3796 3896 3797
f 3797 3896 3897
f 3797 3897 3798
f 3798 3897 3898
f 3798 3898 3799
f 3799 3898 3899
f 3799 3899 3800
f 3800 3899 3900
f 3801 3901 3802
f 3802 3901 3902
f 3802 3902 3803
f 3803 3902 3903
f 3803 3903 3804
f 3804 3903 3904
f 3804 3904 3805
f 3805 3904 3905
f 3805 3905 3806
f 3806 3905 3906
f 3806 3906 3807
f 3807 3906 3907
f 3807 3907 3808
f 3808 3907 3908
f 3808 3908 3809
f 3809 3908 3909
f 3809 3909 3810
f 3810 3909 3910
f 3810 3910 3811
f 3811 3910 3911
f 3811 3911 3812
f 3812 3911 3912
f 3812 3912 3813
f 3813 3912 3913
f 3813 3913 3814
f 3814 3913 3914
f 3814 3914 3815
f 3815 3914 3915
f 3815 3915 3816
f 3816 3915 3916
f 3816 3916 3817
f 3817 3916 3917
f 3817 3917 3818
f 3818 3917 3918
f 3818 3918 3819
f 3819 3918 3919
f 3819 3919 3820
f 3820 3919 3920
f 3820 3920 3821
f 3821 3920 3921
f 3821 3921 3822
f 3822 3921 3922
f 3822 3922 3823
f 3823 3922 3923
f 3823 3923 3824
f 3824 3923 3924
f 3824 3924 3825
f 3825 3924 3925
f 3825 3925 3826
f 3826 3925 3926
f 3826 3926 3827
f 3827 3926 3927
f 3827 3927 3828
f 3828 3927 3928
f 3828 3928 3829
f 3829 3928 3929
f 3829 3929 3830
f 3830 3929 3930
f 3830 3930 3831
f 3831 3930 3931
f 3831 3931 3832
f 3832 3931 3932
f 3832 3932 3833
f 3833 3932 3933
f 3833 3933 3834
f 3834 3933 3934
f 3834 3934 3835
f 3835 3934 3935
f 3835 3935 3836
f 3836 3935 3936
f 3836 3936 3837
f 3837 3936 3937
f 3837 3937 3838
f 3838 3937 3938
f 3838 3938 3839
f 3839 3938 3939
f 3839 3939 3840
f 3840 3939 3940
f 3840 3940 3841
f 3841 3940 3941
f 3841 3941 3842
f 3842 3941 3942
f 3842 3942 3843
f 3843 3942 3943
f 3843 3943 3844
f 3844 3943 3944
f 3844 3944 3845
f 3845 3944 3945
f 3845 3945 3846
f 3846 3945 3946
f 3846 3946 3847
f 3847 3946 3947
f 3847 3947 3848
f 3848 3947 3948
f 3848 3948 3849
f 3849 3948 3949
f 3849 3949 3850
f 3850 3949 3950
f 3850 3950 3851
f 3851 3950 3951
f 3851 3951 3852
f 3852 3951 3952
f 3852 3952 3853
f 3853 3952 3953
f 3853 3953 3854
f 3854 3953 3954
f 3854 3954 3855
f 3855 3954 3955
f 3855 3955 3856
f 3856 3955 3956
f 3856 3956 3857
f 3857 3956 3957
f 3857 3957 3858
f 3858 3957 3958
f 3858 3958 3859
f 3859 3958 3959
f 3859 3959 3860
f 3860 3959 3960
f 3860 3960 3861
f 3861 3960 3961
f 3861 3961 3862
f 3862 3961 3962
f 3862 3962 3863
f 3863 3962 3963
f 3863 3963 3864
f 3864 3963 3964
f 3864 3964 3865
f 3865 3964 3965
f 3865 3965 3866
f 3866 3965 3966
f 3866 3966 3867
f 3867 3966 3967
f 3867 3967 3868
f 3868 3967 3968
f 3868 3968 3869
f 3869 3968 3969
f 3869 3969 3870
f 3870 3969 3970
f 3870 3970 3871
f 3871 3970 3971
f 3871 3971 3872
f 3872 3971 3972
f 3872 3972 3873
f 3873 3972 3973
f 3873 3973 3874
f 3874 3973 3974
f 3874 3974 3875
f 3875 3974 3975
f 3875 3975 3876
f 3876 3975 3976
f 3876 3976 3877
f 3877 3976 3977
f 3877 3977 3878
f 3878 3977 3978
f 3878 3978 3879
f 3879 3978 3979
f 3879 3979 3880
f 3880 3979 3980
f 3880 3980 3881
f 3881 3980 3981
f 3881 3981 3882
f 3882 3981 3982
f 3882 3982 3883
f 3883 3982 3983
f 3883 3983 3884
f 3884 3983 3984
f 3884 3984 3885
f 3885 3984 3985
f 3885 3985 3886
f 3886 3985 3986
f 3886 3986 3887
f 3887 3986 3987
f 3887 3987 3888
f 3888 3987 3988
f 3888 3988 3889
f 3889 3988 3989
f 3889 3989 3890
f 3890 3989 3990
f 3890 3990 3891
f 3891 3990 3991
f 3891 3991 3892
f 3892 3991 3992
f 3892 3992 3893
f 3893 3992 3993
f 3893 3993 3894
f 3894 3993 3994
f 3894 3994 3895
f 3895 3994 3995
f 3895 3995 3896
f 3896 3995 3996
f 3896 3996 3897
f 3897 3996 3997
f 3897 3997 3898
f 3898 3997 3998
f 3898 3998 3899
f 3899 3998 3999
f 3899 3999 3900
f 3900 3999 4000
f 3901 4001 3902
f 3902 4001 4002
f 3902 4002 3903
f 3903 4002 4003
f 3903 4003 3904
f 3904 4003 4004
f 3904 4004 3905
f 3905 4004 4005
f 3905 4005 3906
f 3906 4005 4006
f 3906 4006 3907
f 3907 4006 4007
f 3907 4007 3908
f 3908 4007 4008
f 3908 4008 3909
f 3909 4008 4009
f 3909 4009 3910
f 3910 4009 4010
f 3910 4010 3911
f 3911 4010 4011
f 3911 4011 3912
f 3912 4011 4012
f 3912 4012 3913
f 3913 4012 4013
f 3913 4013 3914
f 3914 4013 4014
f 3914 4014 3915
f 3915 4014 4015
f 3915 4015 3916
f 3916 4015 4016
f 3916 4016 3917
f 3917 4016 4017
f 3917 4017 3918
f 3918 4017 4018
f 3918 4018 3919
f 3919 4018 4019
f 3919 4019 3920
f 3920 4019 4020
f 3920 4020 3921
f 3921 4020 4021
f 3921 4021 3922
f 3922 4021 4022
f 3922 4022 3923
f 3923 4022 4023
f 3923 4023 3924
f 3924 4023 4024
f 3924 4024 3925
f 3925 4024 4025
f 3925 4025 3926
f 3926 4025 4026
f 3926 4026 3927
f 3927 4026 4027
f 3927 4027 3928
f 3928 4027 4028
f 3928 4028 3929
f 3929 4028 4029
f 3929 4029 3930
f 3930 4029 4030
f 3930 4030 3931
f 3931 4030 4031
f 3931 4031 3932
f 3932 4031 4032
f 3932 4032 3933
f 3933 4032 4033
f 3933 4033 3934
f 3934 4033 4034
f 3934 4034 3935
f 3935 4034 4035
f 3935 4035 3936
f 3936 4035 4036
f 3936 4036 3937
f 3937 4036 4037
f 3937 4037 3938
f 3938 4037 4038
f 3938 4038 3939
f 3939 4038 4039
f 3939 4039 3940
f 3940 4039 4040
f 3940 4040 3941
f 3941 4040 4041
f 3941 4041 3942
f 3942 4041 4042
f 3942 4042 3943
f 3943 4042 4043
f 3943 4043 3944
f 3944 4043 4044
f 3944 4044 3945
f 3945 4044 4045
f 3945 4045 3946
f 3946 4045 4046
f 3946 4046 3947
f 3947 4046 4047
f 3947 4047 3948
f 3948 4047 4048
f 3948 4048 3949
f 3949 4048 4049
f 3949 4049 3950
f 3950 4049 4050
f 3950 4050 3951
f 3951 4050 4051
f 3951 4051 3952
f 3952 4051 4052
f 3952 4052 3953
f 3953 4052 4053
f 3953 4053 3954
f 3954 4053 4054
f 3954 4054 3955
f 3955 4054 4055
f 3955 4055 3956
f 3956 4055 4056
f 3956 4056 3957
f 3957 4056 4057
f 3957 4057 3958
f 3958 4057 4058
f 3958 4058 3959
f 3959 4058 4059
f 3959 4059 3960
f 3960 4059 4060
f 3960 4060 3961
f 3961 4060 4061
f 3961 4061 3962
f 3962 4061 4062
f 3962 4062 3963
f 3963 4062 4063
f 3963 4063 3964
f 3964 4063 4064
f 3964 4064 3965
f 3965 4064 4065
f 3965 4065 3966
f 3966 4065 4066
f 3966 4066 3967
f 3967 4066 4067
f 3967 4067 3968
f 3968 4067 4068
f 3968 4068 3969
f 3969 4068 4069
f 3969 4069 3970
f 3970 4069 4070
f 3970 4070 3971
f 3971 4070 4071
f 3971 4071 3972
f 3972 4071 4072
f 3972 4072 3973
f 3973 4072 4073
f 3973 4073 3974
f 3974 4073 4074
f 3974 4074 3975
f 3975 4074 4075
f 3975 4075 3976
f 3976 4075 4076
f 3976 4076 3977
f 3977 4076 4077
f 3977 4077 3978
f 3978 4077 4078
f 3978 4078 3979
f 3979 4078 4079
f 3979 4079 3980
f 3980 4079 4080
f 3980 4080 3981
f 3981 4080 4081
f 3981 4081 3982
f 3982 4081 4082
f 3982 4082 3983
f 3983 4082 4083
f 3983 4083 3984
f 3984 4083 4084
f 3984 4084 3985
f 3985 4084 4085
f 3985 4085 3986
f 3986 4085 4086
f 3986 4086 3987
f 3987 4086 4087
f 3987 4087 3988
f 3988 4087 4088
f 3988 4088 3989
f 3989 4088 4089
f 3989 4089 3990
f 3990 4089 4090
f 3990 4090 3991
f 3991 4090 4091
f 3991 4091 3992
f 3992 4091 4092
f 3992 4092 3993
f 3993 4092 4093
f 3993 4093 3994
f 3994 4093 4094
f 3994 4094 3995
f 3995 4094 4095
f 3995 4095 3996
f 3996 4095 4096
f 3996 4096 3997
f 3997 4096 4097
f 3997 4097 3998
f 3998 4097 4098
f 3998 4098 3999
f 3999 4098 4099
f 3999 4099 4000
f 4000 4099 4100
f 4001 4101 4002
f 4002 4101 4102
f 4002 4102 4003
f 4003 4102 4103
f 4003 4103 4004
f 4004 4103 4104
f 4004 4104 4005
f 4005 4104 4105
f 4005 4105 4006
f 4006 4105 4106
f 4006 4106 4007
f 4007 4106 4107
f 4007 4107 4008
f 4008 4107 4108
f 4008 4108 4009
f 4009 4108 4109
f 4009 4109 4010
f 4010 4109 4110
f 4010 4110 4011
f 4011 4110 4111
f 4011 4111 4012
f 4012 4111 4112
f 4012 4112 4013
f 4013 4112 4113
f 4013 4113 4014
f 4014 4113 4114
f 4014 4114 4015
f 4015 4114 4115
f 4015 4115 4016
f 4016 4115 4116
f 4016 4116 4017
f 4017 4116 4117
f 4017 4117 4018
f 4018 4117 4118
f 4018 4118 4019
f 4019 4118 4119
f 4019 4119 4020
f 4020 4119 4120
f 4020 4120 4021
f 4021 4120 4121
f 4021 4121 4022
f 4022 4121 4122
f 4022 4122 4023
f 4023 4122 4123
f 4023 4123 4024
f 4024 4123 4124
f 4024 4124 4025
f 4025 4124 4125
f 4025 4125 4026
f 4026 4125 4126
f 4026 4126 4027
f 4027 4126 4127
f 4027 4127 4028
f 4028 4127 4128
f 4028 4128 4029
f 4029 4128 4129
f 4029 4129 4030
f 4030 4129 4130
f 4030 4130 4031
f 4031 4130 4131
f 4031 4131 4032
f 4032 4131 4132
f 4032 4132 4033
f 4033 4132 4133
f 4033 4133 4034
f 4034 4133 4134
f 4034 4134 4035
f 4035 4134 4135
f 4035 4135 4036
f 4036 4135 4136
f 4036 4136 4037
f 4037 4136 4137
f 4037 4137 4038
f 4038 4137 4138
f 4038 4138 4039
f 4039 4138 4139
f 4039 4139 4040
f 4040 4139 4140
f 4040 4140 4041
f 4041 4140 4141
f 4041 4141 4042
f 4042 4141 4142
f 4042 4142 4043
f 4043 4142 4143
f 4043 4143 4044
f 4044 4143 4144
f 4044 4144 4045
f 4045 4144 4145
f 4045 4145 4046
f 4046 4145 4146
f 4046 4146 4047
f 4047 4146 4147
f 4047 4147 4048
f 4048 4147 4148
f 4048 4148 4049
f 4049 4148 4149
f 4049 4149 4050
f 4050 4149 4150
f 4050 4150 4051
f 4051 4150 4151
f 4051 4151 4052
f 4052 4151 4152
f 4052 4152 4053
f 4053 4152 4153
f 4053 4153 4054
f 4054 4153 4154
f 4054 4154 4055
f 4055 4154 4155
f 4055 4155 4056
f 4056 4155 4156
f 4056 4156 4057
f 4057 4156 4157
f 4057 4157 4058
f 4058 4157 4158
f 4058 4158 4059
f 4059 4158 4159
f 4059 4159 4060
f 4060 4159 4160
f 4060 4160 4061
f 4061 4160 4161
f 4061 4161 4062
f 4062 4161 4162
f 4062 4162 4063
f 4063 4162 4163
f 4063 4163 4064
f 4064 4163 4164
f 4064 4164 4065
f 4065 4164 4165
f 4065 4165 4066
f 4066 4165 4166
f 4066 4166 4067
f 4067 4166 4167
f 4067 4167 4068
f 4068 4167 4168
f 4068 4168 4069
f 4069 4168 4169
f 4069 4169 4070
f 4070 4169 4170
f 4070 4170 4071
f 4071 4170 4171
f 4071 4171 4072
f 4072 4171 4172
f 4072 4172 4073
f 4073 4172 4173
f 4073 4173 4074
f 4074 4173 4174
f 4074 4174 4075
f 4075 4174 4175
f 4075 4175 4076
f 4076 4175 4176
f 4076 4176 4077
f 4077 4176 4177
f 4077 4177 4078
f 4078 4177 4178
f 4078 4178 4079
f 4079 4178 4179
f 4079 4179 4080
f 4080 4179 4180
f 4080 4180 4081
f 4081 4180 4181
f 4081 4181 4082
f 4082 4181 4182
f 4082 4182 4083
f 4083 4182 4183
f 4083 4183 4084
f 4084 4183 4184
f 4084 4184 4085
f 4085 4184 4185
f 4085 4185 4086
f 4086 4185 4186
f 4086 4186 4087
f 4087 4186 4187
f 4087 4187 4088
f 4088 4187 4188
f 4088 4188 4089
f 4089 4188 4189
f 4089 4189 4090
f 4090 4189 4190
f 4090 4190 4091
f 4091 4190 4191
f 4091 4191 4092
f 4092 4191 4192
f 4092 4192 4093
f 4093 4192 4193
f 4093 4193 4094
f 4094 4193 4194
f 4094 4194 4095
f 4095 4194 4195
f 4095 4195 4096
f 4096 4195 4196
f 4096 4196 4097
f 4097 4196 4197
f 4097 4197 4098
f 4098 4197 4198
f 4098 4198 4099
f 4099 4198 4199
f 4099 4199 4100
f 4100 4199 4200
f 4101 4201 4102
f 4102 4201 4202
f 4102 4202 4103
f 4103 4202 4203
f 4103 4203 4104
f 4104 4203 4204
f 4104 4204 4105
f 4105 4204 4205
f 4105 4205 4106
f 4106 4205 4206
f 4106 4206 4107
f 4107 4206 4207
f 4107 4207 4108
f 4108 4207 4208
f 4108 4208 4109
f 4109 4208 4209
f 4109 4209 4110
f 4110 4209 4210
f 4110 4210 4111
f 4111 4210 4211
f 4111 4211 4112
f 4112 4211 4212
f 4112 4212 4113
f 4113 4212 4213
f 4113 4213 4114
f 4114 4213 4214
f 4114 4214 4115
f 4115 4214 4215
f 4115 4215 4116
f 4116 4215 4216
f 4116 4216 4117
f 4117 4216 4217
f 4117 4217 4118
f 4118 4217 4218
f 4118 4218 4119
f 4119 4218 4219
f 4119 4219 4120
f 4120 4219 4220
f 4120 4220 4121
f 4121 4220 4221
f 4121 4221 4122
f 4122 4221 4222
f 4122 4222 4123
f 4123 4222 4223
f 4123 4223 4124
f 4124 4223 4224
f 4124 4224 4125
f 4125 4224 4225
f 4125 4225 4126
f 4126 4225 4226
f 4126 4226 4127
f 4127 4226 4227
f 4127 4227 4128
f 4128 4227 4228
f 4128 4228 4129
f 4129 4228 4229
f 4129 4229 4130
f 4130 4229 4230
f 4130 4230 4131
f 4131 4230 4231
f 4131 4231 4132
f 4132 4231 4232
f 4132 4232 4133
f 4133 4232 4233
f 4133 4233 4134
f 4134 4233 4234
f 4134 4234 4135
f 4135 4234 4235
f 4135 4235 4136
f 4136 4235 4236
f 4136 4236 4137
f 4137 4236 4237
f 4137 4237 4138
f 4138 4237 4238
f 4138 4238 4139
f 4139 4238 4239
f 4139 4239 4140
f 4140 4239 4240
f 4140 4240 4141
f 4141 4240 4241
f 4141 4241 4142
f 4142 4241 4242
f 4142 4242 4143
f 4143 4242 4243
f 4143 4243 4144
f 4144 4243 4244
f 4144 4244 4145
f 4145 4244 4245
f 4145 4245 4146
f 4146 4245 4246
f 4146 4246 4147
f 4147 4246 4247
f 4147 4247 4148
f 4148 4247 4248
f 4148 4248 4149
f 4149 4248 4249
f 4149 4249 4150
f 4150 4249 4250
f 4150 4250 4151
f 4151 4250 4251
f 4151 4251 4152
f 4152 4251 4252
f 4152 4252 4153
f 4153 4252 4253
f 4153 4253 4154
f 4154 4253 4254
f 4154 4254 4155
f 4155 4254 4255
f 4155 4255 4156
f 4156 4255 4256
f 4156 4256 4157
f 4157 4256 4257
f 4157 4257 4158
f 4158 4257 4258
f 4158 4258 4159
f 4159 4258 4259
f 4159 4259 4160
f 4160 4259 4260
f 4160 4260 4161
f 4161 4260 4261
f 4161 4261 4162
f 4162 4261 4262
f 4162 4262 4163
f 4163 4262 4263
f 4163 4263 4164
f 4164 4263 4264
f 4164 4264 4165
f 4165 4264 4265
f 4165 4265 4166
f 4166 4265 4266
f 4166 4266 4167
f 4167 4266 4267
f 4167 4267 4168
f 4168 4267 4268
f 4168 4268 4169
f 4169 4268 4269
f 4169 4269 4170
f 4170 4269 4270
f 4170 4270 4171
f 4171 4270 4271
f 4171 4271 4172
f 4172 4271 4272
f 4172 4272 4173
f 4173 4272 4273
f 4173 4273 4174
f 4174 4273 4274
f 4174 4274 4175
f 4175 4274 4275
f 4175 4275 4176
f 4176 4275 4276
f 4176 4276 4177
f 4177 4276 4277
f 4177 4277 4178
f 4178 4277 4278
f 4178 4278 4179
f 4179 4278 4279
f 4179 4279 4180
f 4180 4279 4280
f 4180 4280 4181
f 4181 4280 4281
f 4181 4281 4182
f 4182 4281 4282
f 4182 4282 4183
f 4183 4282 4283
f 4183 4283 4184
f 4184 4283 4284
f 4184 4284 4185
f 4185 4284 4285
f 4185 4285 4186
f 4186 4285 4286
f 4186 4286 4187
f 4187 4286 4287
f 4187 4287 4188
f 4188 4287 4288
f 4188 4288 4189
f 4189 4288 4289
f 4189 4289 4190
f 4190 4289 4290
f 4190 4290 4191
f 4191 4290 4291
f 4191 4291 4192
f 4192 4291 4292
f 4192 4292 4193
f 4193 4292 4293
f 4193 4293 4194
f 4194 4293 4294
f 4194 4294 4195
f 4195 4294 4295
f 4195 4295 4196
f 4196 4295 4296
f 4196 4296 4197
f 4197 4296 4297
f 4197 4297 4198
f 4198 4297 4298
f 4198 4298 4199
f 4199 4298 4299
f 4199 4299 4200
f 4200 4299 4300
f 4201 4301 4202
f 4202 4301 4302
f 4202 4302 4203
f 4203 4302 4303
f 4203 4303 4204
f 4204 4303 4304
f 4204 4304 4205
f 4205 4304 4305
f 4205 4305 4206
f 4206 4305 4306
f 4206 4306 4207
f 4207 4306 4307
f 4207 4307 4208
f 4208 4307 4308
f 4208 4308 4209
f 4209 4308 4309
f 4209 4309 4210
f 4210 4309 4310
f 4210 4310 4211
f 4211 4310 4311
f 4211 4311 4212
f 4212 4311 4312
f 4212 4312 4213
f 4213 4312 4313
f 4213 4313 4214
f 4214 4313 4314
f 4214 4314 4215
f 4215 4314 4315
f 4215 4315 4216
f 4216 4315 4316
f 4216 4316 4217
f 4217 4316 4317
f 4217 4317 4218
f 4218 4317 4318
f 4218 4318 4219
f 4219 4318 4319
f 4219 4319 4220
f 4220 4319 4320
f 4220 4320 4221
f 4221 4320 4321
f 4221 4321 4222
f 4222 4321 4322
f 4222 4322 4223
f 4223 4322 4323
f 4223 4323 4224
f 4224 4323 4324
f 4224 4324 4225
f 4225 4324 4325
f 4225 4325 4226
f 4226 4325 4326
f 4226 4326 4227
f 4227 4326 4327
f 4227 4327 4228
f 4228 4327 4328
f 4228 4328 4229
f 4229 4328 4329
f 4229 4329 4230
f 4230 4329 4330
f 4230 4330 4231
f 4231 4330 4331
f 4231 4331 4232
f 4232 4331 4332
f 4232 4332 4233
f 4233 4332 4333
f 4233 4333 4234
f 4234 4333 4334
f 4234 4334 4235
f 4235 4334 4335
f 4235 4335 4236
f 4236 4335 4336
f 4236 4336 4237
f 4237 4336 4337
f 4237 4337 4238
f 4238 4337 4338
f 4238 4338 4239
f 4239 4338 4339
f 4239 4339 4240
f 4240 4339 4340
f 4240 4340 4241
f 4241 4340 4341
f 4241 4341 4242
f 4242 4341 4342
f 4242 4342 4243
f 4243 4342 4343
f 4243 4343 4244
f 4244 4343 4344
f 4244 4344 4245
f 4245 4344 4345
f 4245 4345 4246
f 4246 4345 4346
f 4246 4346 4247
f 4247 4346 4347
f 4247 4347 4248
f 4248 4347 4348
f 4248 4348 4249
f 4249 4348 4349
f 4249 4349 4250
f 4250 4349 4350
f 4250 4350 4251
f 4251 4350 4351
f 4251 4351 4252
f 4252 4351 4352
f 4252 4352 4253
f 4253 4352 4353
f 4253 4353 4254
f 4254 4353 4354
f 4254 4354 4255
f 4255 4354 4355
f 4255 4355 4256
f 4256 4355 4356
f 4256 4356 4257
f 4257 4356 4357
f 4257 4357 4258
f 4258 4357 4358
f 4258 4358 4259
f 4259 4358 4359
f 4259 4359 4260
f 4260 4359 4360
f 4260 4360 4261
f 4261 4360 4361
f 4261 4361 4262
f 4262 4361 4362
f 4262 4362 4263
f 4263 4362 4363
f 4263 4363 4264
f 4264 4363 4364
f 4264 4364 4265
f 4265 4364 4365
f 4265 4365 4266
f 4266 4365 4366
f 4266 4366 4267
f 4267 4366 4367
f 4267 4367 4268
f 4268 4367 4368
f 4268 4368 4269
f 4269 4368 4369
f 4269 4369 4270
f 4270 4369 4370
f 4270 4370 4271
f 4271 4370 4371
f 4271 4371 4272
f 4272 4371 4372
f 4272 4372 4273
f 4273 4372 4373
f 4273 4373 4274
f 4274 4373 4374
f 4274 4374 4275
f 4275 4374 4375
f 4275 4375 4276
f 4276 4375 4376
f 4276 4376 4277
f 4277 4376 4377
f 4277 4377 4278
f 4278 4377 4378
f 4278 4378 4279
f 4279 4378 4379
f 4279 4379 4280
f 4280 4379 4380
f 4280 4380 4281
f 4281 4380 4381
f 4281 4381 4282
f 4282 4381 4382
f 4282 4382 4283
f 4283 4382 4383
f 4283 4383 4284
f 4284 4383 4384
f 4284 4384 4285
f 4285 4384 4385
f 4285 4385 4286
f 4286 4385 4386
f 4286 4386 4287
f 4287 4386 4387
f 4287 4387 4288
f 4288 4387 4388
f 4288 4388 4289
f 4289 4388 4389
f 4289 4389 4290
f 4290 4389 4390
f 4290 4390 4291
f 4291 4390 4391
f 4291 4391 4292
f 4292 4391 4392
f 4292 4392 4293
f 4293 4392 4393
f 4293 4393 4294
f 4294 4393 4394
f 4294 4394 4295
f 4295 4394 4395
f 4295 4395 4296
f 4296 4395 4396
f 4296 4396 4297
f 4297 4396 4397
f 4297 4397 4298
f 4298 4397 4398
f 4298 4398 4299
f 4299 4398 4399
f 4299 4399 4300
f 4300 4399 4400
f 4301 4401 4302
f 4302 4401 4402
f 4302 4402 4303
f 4303 4402 4403
f 4303 4403 4304
f 4304 4403 4404
f 4304 4404 4305
f 4305 4404 4405
f 4305 4405 4306
f 4306 4405 4406
f 4306 4406 4307
f 4307 4406 4407
f 4307 4407 4308
f 4308 4407 4408
f 4308 4408 4309
f 4309 4408 4409
f 4309 4409 4310
f 4310 4409 4410
f 4310 4410 4311
f 4311 4410 4411
f 4311 4411 4312
f 4312 4411 4412
f 4312 4412 4313
f 4313 4412 4413
f 4313 4413 4314
f 4314 4413 4414
f 4314 4414 4315
f 4315 4414 4415
f 4315 4415 4316
f 4316 4415 4416
f 4316 4416 4317
f 4317 4416 4417
f 4317 4417 4318
f 4318 4417 4418
f 4318 4418 4319
f 4319 4418 4419
f 4319 4419 4320
f 4320 4419 4420
f 4320 4420 4321
f 4321 4420 4421
f 4321 4421 4322
f 4322 4421 4422
f 4322 4422 4323
f 4323 4422 4423
f 4323 4423 4324
f 4324 4423 4424
f 4324 4424 4325
f 4325 4424 4425
f 4325 4425 4326
f 4326 4425 4426
f 4326 4426 4327
f 4327 4426 4427
f 4327 4427 4328
f 4328 4427 4428
f 4328 4428 4329
f 4329 4428 4429
f 4329 4429 4330
f 4330 4429 4430
f 4330 4430 4331
f 4331 4430 4431
f 4331 4431 4332
f 4332 4431 4432
f 4332 4432 4333
f 4333 4432 4433
f 4333 4433 4334
f 4334 4433 4434
f 4334 4434 4335
f 4335 4434 4435
f 4335 4435 4336
f 4336 4435 4436
f 4336 4436 4337
f 4337 4436 4437
f 4337 4437 4338
f 4338 4437 4438
f 4338 4438 4339
f 4339 4438 4439
f 4339 4439 4340
f 4340 4439 4440
f 4340 4440 4341
f 4341 4440 4441
f 4341 4441 4342
f 4342 4441 4442
f 4342 4442 4343
f 4343 4442 4443
f 4343 4443 4344
f 4344 4443 4444
f 4344 4444 4345
f 4345 4444 4445
f 4345 4445 4346
f 4346 4445 4446
f 4346 4446 4347
f 4347 4446 4447
f 4347 4447 4348
f 4348 4447 4448
f 4348 4448 4349
f 4349 4448 4449
f 4349 4449 4350
f 4350 4449 4450
f 4350 4450 4351
f 4351 4450 4451
f 4351 4451 4352
f 4352 4451 4452
f 4352 4452 4353
f 4353 4452 4453
f 4353 4453 4354
f 4354 4453 4454
f 4354 4454 4355
f 4355 4454 4455
f 4355 4455 4356
f 4356 4455 4456
f 4356 4456 4357
f 4357 4456 4457
f 4357 4457 4358
f 4358 4457 4458
f 4358 4458 4359
f 4359 4458 4459
f 4359 4459 4360
f 4360 4459 4460
f 4360 4460 4361
f 4361 4460 4461
f 4361 4461 4362
f 4362 4461 4462
f 4362 4462 4363
f 4363 4462 4463
f 4363 4463 4364
f 4364 4463 4464
f 4364 4464 4365
f 4365 4464 4465
f 4365 4465 4366
f 4366 4465 4466
f 4366 4466 4367
f 4367 4466 4467
f 4367 4467 4368
f 4368 4467 4468
f 4368 4468 4369
f 4369 4468 4469
f 4369 4469 4370
f 4370 4469 4470
f 4370 4470 4371
f 4371 4470 4471
f 4371 4471 4372
f 4372 4471 4472
f 4372 4472 4373
f 4373 4472 4473
f 4373 4473 4374
f 4374 4473 4474
f 4374 4474 4375
f 4375 4474 4475
f 4375 4475 4376
f 4376 4475 4476
f 4376 4476 4377
f 4377 4476 4477
f 4377 4477 4378
f 4378 4477 4478
f 4378 4478 4379
f 4379 4478 4479
f 4379 4479 4380
f 4380 4479 4480
f 4380 4480 4381
f 4381 4480 4481
f 4381 4481 4382
f 4382 4481 4482
f 4382 4482 4383
f 4383 4482 4483
f 4383 4483 4384
f 4384 4483 4484
f 4384 4484 4385
f 4385 4484 4485
f 4385 4485 4386
f 4386 4485 4486
f 4386 4486 4387
f 4387 4486 4487
f 4387 4487 4388
f 4388 4487 4488
f 4388 4488 4389
f 4389 4488 4489
f 4389 4489 4390
f 4390 4489 4490
f 4390 4490 4391
f 4391 4490 4491
f 4391 4491 4392
f 4392 4491 4492
f 4392 4492 4393
f 4393 4492 4493
f 4393 4493 4394
f 4394 4493 4494
f 4394 4494 4395
f 4395 4494 4495
f 4395 4495 4396
f 4396 4495 4496
f 4396 4496 4397
f 4397 4496 4497
f 4397 4497 4398
f 4398 4497 4498
f 4398 4498 4399
f 4399 4498 4499
f 4399 4499 4400
f 4400 4499 4500
f 4401 4501 4402
f 4402 4501 4502
f 4402 4502 4403
f 4403 4502 4503
f 4403 4503 4404
f 4404 4503 4504
f 4404 4504 4405
f 4405 4504 4505
f 4405 4505 4406
f 4406 4505 4506
f 4406 4506 4407
f 4407 4506 4507
f 4407 4507 4408
f 4408 4507 4508
f 4408 4508 4409
f 4409 4508 4509
f 4409 4509 4410
f 4410 4509 4510
f 4410 4510 4411
f 4411 4510 4511
f 4411 4511 4412
f 4412 4511 4512
f 4412 4512 4413
f 4413 4512 4513
f 4413 4513 4414
f 4414 4513 4514
f 4414 4514 4415
f 4415 4514 4515
f 4415 4515 4416
f 4416 4515 4516
f 4416 4516 4417
f 4417 4516 4517
f 4417 4517 4418
f 4418 4517 4518
f 4418 4518 4419
f 4419 4518 4519
f 4419 4519 4420
f 4420 4519 4520
f 4420 4520 4421
f 4421 4520 4521
f 4421 4521 4422
f 4422 4521 4522
f 4422 4522 4423
f 4423 4522 4523
f 4423 4523 4424
f 4424 4523 4524
f 4424 4524 4425
f 4425 4524 4525
f 4425 4525 4426
f 4426 4525 4526
f 4426 4526 4427
f 4427 4526 4527
f 4427 4527 4428
f 4428 4527 4528
f 4428 4528 4429
f 4429 4528 4529
f 4429 4529 4430
f 4430 4529 4530
f 4430 4530 4431
f 4431 4530 4531
f 4431 4531 4432
f 4432 4531 4532
f 4432 4532 4433
f 4433 4532 4533
f 4433 4533 4434
f 4434 4533 4534
f 4434 4534 4435
f 4435 4534 4535
f 4435 4535 4436
f 4436 4535 4536
f 4436 4536 4437
f 4437 4536 4537
f 4437 4537 4438
f 4438 4537 4538
f 4438 4538 4439
f 4439 4538 4539
f 4439 4539 4440
f 4440 4539 4540
f 4440 4540 4441
f 4441 4540 4541
f 4441 4541 4442
f 4442 4541 4542
f 4442 4542 4443
f 4443 4542 4543
f 4443 4543 4444
f 4444 4543 4544
f 4444 4544 4445
f 4445 4544 4545
f 4445 4545 4446
f 4446 4545 4546
f 4446 4546 4447
f 4447 4546 4547
f 4447 4547 4448
f 4448 4547 4548
f 4448 4548 4449
f 4449 4548 4549
f 4449 4549 4450
f 4450 4549 4550
f 4450 4550 4451
f 4451 4550 4551
f 4451 4551 4452
f 4452 4551 4552
f 4452 4552 4453
f 4453 4552 4553
f 4453 4553 4454
f 4454 4553 4554
f 4454 4554 4455
f 4455 4554 4555
f 4455 4555 4456
f 4456 4555 4556
f 4456 4556 4457
f 4457 4556 4557
f 4457 4557 4458
f 4458 4557 4558
f 4458 4558 4459
f 4459 4558 4559
f 4459 4559 4460
f 4460 4559 4560
f 4460 4560 4461
f 4461 4560 4561
f 4461 4561 4462
f 4462 4561 4562
f 4462 4562 4463
f 4463 4562 4563
f 4463 4563 4464
f 4464 4563 4564
f 4464 4564 4465
f 4465 4564 4565
f 4465 4565 4466
f 4466 4565 4566
f 4466 4566 4467
f 4467 4566 4567
f 4467 4567 4468
f 4468 4567 4568
f 4468 4568 4469
f 4469 4568 4569
f 4469 4569 4470
f 4470 4569 4570
f 4470 4570 4471
f 4471 4570 4571
f 4471 4571 4472
f 4472 4571 4572
f 4472 4572 4473
f 4473 4572 4573
f 4473 4573 4474
f 4474 4573 4574
f 4474 4574 4475
f 4475 4574 4575
f 4475 4575 4476
f 4476 4575 4576
f 4476 4576 4477
f 4477 4576 4577
f 4477 4577 4478
f 4478 4577 4578
f 4478 4578 4479
f 4479 4578 4579
f 4479 4579 4480
f 4480 4579 4580
f 4480 4580 4481
f 4481 4580 4581
f 4481 4581 4482
f 4482 4581 4582
f 4482 4582 4483
f 4483 4582 4583
f 4483 4583 4484
f 4484 4583 4584
f 4484 4584 4485
f 4485 4584 4585
f 4485 4585 4486
f 4486 4585 4586
f 4486 4586 4487
f 4487 4586 4587
f 4487 4587 4488
f 4488 4587 4588
f 4488 4588 4489
f 4489 4588 4589
f 4489 4589 4490
f 4490 4589 4590
f 4490 4590 4491
f 4491 4590 4591
f 4491 4591 4492
f 4492 4591 4592
f 4492 4592 4493
f 4493 4592 4593
f 4493 4593 4494
f 4494 4593 4594
f 4494 4594 4495
f 4495 4594 4595
f 4495 4595 4496
f 4496 4595 4596
f 4496 4596 4497
f 4497 4596 4597
f 4497 4597 4498
f 4498 4597 4598
f 4498 4598 4499
f 4499 4598 4599
f 4499 4599 4500
f 4500 4599 4600
f 4501 4601 4502
f 4502 4601 4602
f 4502 4602 4503
f 4503 4602 4603
f 4503 4603 4504
f 4504 4603 4604
f 4504 4604 4505
f 4505 4604 4605
f 4505 4605 4506
f 4506 4605 4606
f 4506 4606 4507
f 4507 4606 4607
f 4507 4607 4508
f 4508 4607 4608
f 4508 4608 4509
f 4509 4608 4609
f 4509 4609 4510
f 4510 4609 4610
f 4510 4610 4511
f 4511 4610 4611
f 4511 4611 4512
f 4512 4611 4612
f 4512 4612 4513
f 4513 4612 4613
f 4513 4613 4514
f 4514 4613 4614
f 4514 4614 4515
f 4515 4614 4615
f 4515 4615 4516
f 4516 4615 4616
f 4516 4616 4517
f 4517 4616 4617
f 4517 4617 4518
f 4518 4617 4618
f 4518 4618 4519
f 4519 4618 4619
f 4519 4619 4520
f 4520 4619 4620
f 4520 4620 4521
f 4521 4620 4621
f 4521 4621 4522
f 4522 4621 4622
f 4522 4622 4523
f 4523 4622 4623
f 4523 4623 4524
f 4524 4623 4624
f 4524 4624 4525
f 4525 4624 4625
f 4525 4625 4526
f 4526 4625 4626
f 4526 4626 4527
f 4527 4626 4627
f 4527 4627 4528
f 4528 4627 4628
f 4528 4628 4529
f 4529 4628 4629
f 4529 4629 4530
f 4530 4629 4630
f 4530 4630 4531
f 4531 4630 4631
f 4531 4631 4532
f 4532 4631 4632
f 4532 4632 4533
f 4533 4632 4633
f 4533 4633 4534
f 4534 4633 4634
f 4534 4634 4535
f 4535 4634 4635
f 4535 4635 4536
f 4536 4635 4636
f 4536 4636 4537
f 4537 4636 4637
f 4537 4637 4538
f 4538 4637 4638
f 4538 4638 4539
f 4539 4638 4639
f 4539 4639 4540
f 4540 4639 4640
f 4540 4640 4541
f 4541 4640 4641
f 4541 4641 4542
f 4542 4641 4642
f 4542 4642 4543
f 4543 4642 4643
f 4543 4643 4544
f 4544 4643 4644
f 4544 4644 4545
f 4545 4644 4645
f 4545 4645 4546
f 4546 4645 4646
f 4546 4646 4547
f 4547 4646 4647
f 4547 4647 4548
f 4548 4647 4648
f 4548 4648 4549
f 4549 4648 4649
f 4549 4649 4550
f 4550 4649 4650
f 4550 4650 4551
f 4551 4650 4651
f 4551 4651 4552
f 4552 4651 4652
f 4552 4652 4553
f 4553 4652 4653
f 4553 4653 4554
f 4554 4653 4654
f 4554 4654 4555
f 4555 4654 4655
f 4555 4655 4556
f 4556 4655 4656
f 4556 4656 4557
f 4557 4656 4657
f 4557 4657 4558
f 4558 4657 4658
f 4558 4658 4559
f 4559 4658 4659
f 4559 4659 4560
f 4560 4659 4660
f 4560 4660 4561
f 4561 4660 4661
f 4561 4661 4562
f 4562 4661 4662
f 4562 4662 4563
f 4563 4662 4663
f 4563 4663 4564
f 4564 4663 4664
f 4564 4664 4565
f 4565 4664 4665
f 4565 4665 4566
f 4566 4665 4666
f 4566 4666 4567
f 4567 4666 4667
f 4567 4667 4568
f 4568 4667 4668
f 4568 4668 4569
f 4569 4668 4669
f 4569 4669 4570
f 4570 4669 4670
f 4570 4670 4571
f 4571 4670 4671
f 4571 4671 4572
f 4572 4671 4672
f 4572 4672 4573
f 4573 4672 4673
f 4573 4673 4574
f 4574 4673 4674
f 4574 4674 4575
f 4575 4674 4675
f 4575 4675 4576
f 4576 4675 4676
f 4576 4676 4577
f 4577 4676 4677
f 4577 4677 4578
f 4578 4677 4678
f 4578 4678 4579
f 4579 4678 4679
f 4579 4679 4580
f 4580 4679 4680
f 4580 4680 4581
f 4581 4680 4681
f 4581 4681 4582
f 4582 4681 4682
f 4582 4682 4583
f 4583 4682 4683
f 4583 4683 4584
f 4584 4683 4684
f 4584 4684 4585
f 4585 4684 4685
f 4585 4685 4586
f 4586 4685 4686
f 4586 4686 4587
f 4587 4686 4687
f 4587 4687 4588
f 4588 4687 4688
f 4588 4688 4589
f 4589 4688 4689
f 4589 4689 4590
f 4590 4689 4690
f 4590 4690 4591
f 4591 4690 4691
f 4591 4691 4592
f 4592 4691 4692
f 4592 4692 4593
f 4593 4692 4693
f 4593 4693 4594
f 4594 4693 4694
f 4594 4694 4595
f 4595 4694 4695
f 4595 4695 4596
f 4596 4695 4696
f 4596 4696 4597
f 4597 4696 4697
f 4597 4697 4598
f 4598 4697 4698
f 4598 4698 4599
f 4599 4698 4699
f 4599 4699 4600
f 4600 4699 4700
f 4601 4701 4602
f 4602 4701 4702
f 4602 4702 4603
f 4603 4702 4703
f 4603 4703 4604
f 4604 4703 4704
f 4604 4704 4605
f 4605 4704 4705
f 4605 4705 4606
f 4606 4705 4706
f 4606 4706 4607
f 4607 4706 4707
f 4607 4707 4608
f 4608 4707 4708
f 4608 4708 4609
f 4609 4708 4709
f 4609 4709 4610
f 4610 4709 4710
f 4610 4710 4611
f 4611 4710 4711
f 4611 4711 4612
f 4612 4711 4712
f 4612 4712 4613
f 4613 4712 4713
f 4613 4713 4614
f 4614 4713 4714
f 4614 4714 4615
f 4615 4714 4715
f 4615 4715 4616
f 4616 4715 4716
f 4616 4716 4617
f 4617 4716 4717
f 4617 4717 4618
f 4618 4717 4718
f 4618 4718 4619
f 4619 4718 4719
f 4619 4719 4620
f 4620 4719 4720
f 4620 4720 4621
f 4621 4720 4721
f 4621 4721 4622
f 4622 4721 4722
f 4622 4722 4623
f 4623 4722 4723
f 4623 4723 4624
f 4624 4723 4724
f 4624 4724 4625
f 4625 4724 4725
f 4625 4725 4626
f 4626 4725 4726
f 4626 4726 4627
f 4627 4726 4727
f 4627 4727 4628
f 4628 4727 4728
f 4628 4728 4629
f 4629 4728 4729
f 4629 4729 4630
f 4630 4729 4730
f 4630 4730 4631
f 4631 4730 4731
f 4631 4731 4632
f 4632 4731 4732
f 4632 4732 4633
f 4633 4732 4733
f 4633 4733 4634
f 4634 4733 4734
f 4634 4734 4635
f 4635 4734 4735
f 4635 4735 4636
f 4636 4735 4736
f 4636 4736 4637
f 4637 4736 4737
f 4637 4737 4638
f 4638 4737 4738
f 4638 4738 4639
f 4639 4738 4739
f 4639 4739 4640
f 4640 4739 4740
f 4640 4740 4641
f 4641 4740 4741
f 4641 4741 4642
f 4642 4741 4742
f 4642 4742 4643
f 4643 4742 4743
f 4643 4743 4644
f 4644 4743 4744
f 4644 4744 4645
f 4645 4744 4745
f 4645 4745 4646
f 4646 4745 4746
f 4646 4746 4647
f 4647 4746 4747
f 4647 4747 4648
f 4648 4747 4748
f 4648 4748 4649
f 4649 4748 4749
f 4649 4749 4650
f 4650 4749 4750
f 4650 4750 4651
f 4651 4750 4751
f 4651 4751 4652
f 4652 4751 4752
f 4652 4752 4653
f 4653 4752 4753
f 4653 4753 4654
f 4654 4753 4754
f 4654 4754 4655
f 4655 4754 4755
f 4655 4755 4656
f 4656 4755 4756
f 4656 4756 4657
f 4657 4756 4757
f 4657 4757 4658
f 4658 4757 4758
f 4658 4758 4659
f 4659 4758 4759
f 4659 4759 4660
f 4660 4759 4760
f 4660 4760 4661
f 4661 4760 4761
f 4661 4761 4662
f 4662 4761 4762
f 4662 4762 4663
f 4663 4762 4763
f 4663 4763 4664
f 4664 4763 4764
f 4664 4764 4665
f 4665 4764 4765
f 4665 4765 4666
f 4666 4765 4766
f 4666 4766 4667
f 4667 4766 4767
f 4667 4767 4668
f 4668 4767 4768
f 4668 4768 4669
f 4669 4768 4769
f 4669 4769 4670
f 4670 4769 4770
f 4670 4770 4671
f 4671 4770 4771
f 4671 4771 4672
f 4672 4771 4772
f 4672 4772 4673
f 4673 4772 4773
f 4673 4773 4674
f 4674 4773 4774
f 4674 4774 4675
f 4675 4774 4775
f 4675 4775 4676
f 4676 4775 4776
f 4676 4776 4677
f 4677 4776 4777
f 4677 4777 4678
f 4678 4777 4778
f 4678 4778 4679
f 4679 4778 4779
f 4679 4779 4680
f 4680 4779 4780
f 4680 4780 4681
f 4681 4780 4781
f 4681 4781 4682
f 4682 4781 4782
f 4682 4782 4683
f 4683 4782 4783
f 4683 4783 4684
f 4684 4783 4784
f 4684 4784 4685
f 4685 4784 4785
f 4685 4785 4686
f 4686 4785 4786
f 4686 4786 4687
f 4687 4786 4787
f 4687 4787 4688
f 4688 4787 4788
f 4688 4788 4689
f 4689 4788 4789
f 4689 4789 4690
f 4690 4789 4790
f 4690 4790 4691
f 4691 4790 4791
f 4691 4791 4692
f 4692 4791 4792
f 4692 4792 4693
f 4693 4792 4793
f 4693 4793 4694
f 4694 4793 4794
f 4694 4794 4695
f 4695 4794 4795
f 4695 4795 4696
f 4696 4795 4796
f 4696 4796 4697
f 4697 4796 4797
f 4697 4797 4698
f 4698 4797 4798
f 4698 4798 4699
f 4699 4798 4799
f 4699 4799 4700
f 4700 4799 4800
f 4701 4801 4702
f 4702 4801 4802
f 4702 4802 4703
f 4703 4802 4803
f 4703 4803 4704
f 4704 4803 4804
f 4704 4804 4705
f 4705 4804 4805
f 4705 4805 4706
f 4706 4805 4806
f 4706 4806 4707
f 4707 4806 4807
f 4707 4807 4708
f 4708 4807 4808
f 4708 4808 4709
f 4709 4808 4809
f 4709 4809 4710
f 4710 4809 4810
f 4710 4810 4711
f 4711 4810 4811
f 4711 4811 4712
f 4712 4811 4812
f 4712 4812 4713
f 4713 4812 4813
f 4713 4813 4714
f 4714 4813 4814
f 4714 4814 4715
f 4715 4814 4815
f 4715 4815 4716
f 4716 4815 4816
f 4716 4816 4717
f 4717 4816 4817
f 4717 4817 4718
f 4718 4817 4818
f 4718 4818 4719
f 4719 4818 4819
f 4719 4819 4720
f 4720 4819 4820
f 4720 4820 4721
f 4721 4820 4821
f 4721 4821 4722
f 4722 4821 4822
f 4722 4822 4723
f 4723 4822 4823
f 4723 4823 4724
f 4724 4823 4824
f 4724 4824 4725
f 4725 4824 4825
f 4725 4825 4726
f 4726 4825 4826
f 4726 4826 4727
f 4727 4826 4827
f 4727 4827 4728
f 4728 4827 4828
f 4728 4828 4729
f 4729 4828 4829
f 4729 4829 4730
f 4730 4829 4830
f 4730 4830 4731
f 4731 4830 4831
f 4731 4831 4732
f 4732 4831 4832
f 4732 4832 4733
f 4733 4832 4833
f 4733 4833 4734
f 4734 4833 4834
f 4734 4834 4735
f 4735 4834 4835
f 4735 4835 4736
f 4736 4835 4836
f 4736 4836 4737
f 4737 4836 4837
f 4737 4837 4738
f 4738 4837 4838
f 4738 4838 4739
f 4739 4838 4839
f 4739 4839 4740
f 4740 4839 4840
f 4740 4840 4741
f 4741 4840 4841
f 4741 4841 4742
f 4742 4841 4842
f 4742 4842 4743
f 4743 4842 4843
f 4743 4843 4744
f 4744 4843 4844
f 4744 4844 4745
f 4745 4844 4845
f 4745 4845 4746
f 4746 4845 4846
f 4746 4846 4747
f 4747 4846 4847
f 4747 4847 4748
f 4748 4847 4848
f 4748 4848 4749
f 4749 4848 4849
f 4749 4849 4750
f 4750 4849 4850
f 4750 4850 4751
f 4751 4850 4851
f 4751 4851 4752
f 4752 4851 4852
f 4752 4852 4753
f 4753 4852 4853
f 4753 4853 4754
f 4754 4853 4854
f 4754 4854 4755
f 4755 4854 4855
f 4755 4855 4756
f 4756 4855 4856
f 4756 4856 4757
f 4757 4856 4857
f 4757 4857 4758
f 4758 4857 4858
f 4758 4858 4759
f 4759 4858 4859
f 4759 4859 4760
f 4760 4859 4860
f 4760 4860 4761
f 4761 4860 4861
f 4761 4861 4762
f 4762 4861 4862
f 4762 4862 4763
f 4763 4862 4863
f 4763 4863 4764
f 4764 4863 4864
f 4764 4864 4765
f 4765 4864 4865
f 4765 4865 4766
f 4766 4865 4866
f 4766 4866 4767
f 4767 4866 4867
f 4767 4867 4768
f 4768 4867 4868
f 4768 4868 4769
f 4769 4868 4869
f 4769 4869 4770
f 4770 4869 4870
f 4770 4870 4771
f 4771 4870 4871
f 4771 4871 4772
f 4772 4871 4872
f 4772 4872 4773
f 4773 4872 4873
f 4773 4873 4774
f 4774 4873 4874
f 4774 4874 4775
f 4775 4874 4875
f 4775 4875 4776
f 4776 4875 4876
f 4776 4876 4777
f 4777 4876 4877
f 4777 4877 4778
f 4778 4877 4878
f 4778 4878 4779
f 4779 4878 4879
f 4779 4879 4780
f 4780 4879 4880
f 4780 4880 4781
f 4781 4880 4881
f 4781 4881 4782
f 4782 4881 4882
f 4782 4882 4783
f 4783 4882 4883
f 4783 4883 4784
f 4784 4883 4884
f 4784 4884 4785
f 4785 4884 4885
f 4785 4885 4786
f 4786 4885 4886
f 4786 4886 4787
f 4787 4886 4887
f 4787 4887 4788
f 4788 4887 4888
f 4788 4888 4789
f 4789 4888 4889
f 4789 4889 4790
f 4790 4889 4890
f 4790 4890 4791
f 4791 4890 4891
f 4791 4891 4792
f 4792 4891 4892
f 4792 4892 4793
f 4793 4892 4893
f 4793 4893 4794
f 4794 4893 4894
f 4794 4894 4795
f 4795 4894 4895
f 4795 4895 4796
f 4796 4895 4896
f 4796 4896 4797
f 4797 4896 4897
f 4797 4897 4798
f 4798 4897 4898
f 4798 4898 4799
f 4799 4898 4899
f 4799 4899 4800
f 4800 4899 4900
f 4801 4901 4802
f 4802 4901 4902
f 4802 4902 4803
f 4803 4902 4903
f 4803 4903 4804
f 4804 4903 4904
f 4804 4904 4805
f 4805 4904 4905
f 4805 4905 4806
f 4806 4905 4906
f 4806 4906 4807
f 4807 4906 4907
f 4807 4907 4808
f 4808 4907 4908
f 4808 4908 4809
f 4809 4908 4909
f 4809 4909 4810
f 4810 4909 4910
f 4810 4910 4811
f 4811 4910 4911
f 4811 4911 4812
f 4812 4911 4912
f 4812 4912 4813
f 4813 4912 4913
f 4813 4913 4814
f 4814 4913 4914
f 4814 4914 4815
f 4815 4914 4915
f 4815 4915 4816
f 4816 4915 4916
f 4816 4916 4817
f 4817 4916 4917
f 4817 4917 4818
f 4818 4917 4918
f 4818 4918 4819
f 4819 4918 4919
f 4819 4919 4820
f 4820 4919 4920
f 4820 4920 4821
f 4821 4920 4921
f 4821 4921 4822
f 4822 4921 4922
f 4822 4922 4823
f 4823 4922 4923
f 4823 4923 4824
f 4824 4923 4924
f 4824 4924 4825
f 4825 4924 4925
f 4825 4925 4826
f 4826 4925 4926
f 4826 4926 4827
f 4827 4926 4927
f 4827 4927 4828
f 4828 4927 4928
f 4828 4928 4829
f 4829 4928 4929
f 4829 4929 4830
f 4830 4929 4930
f 4830 4930 4831
f 4831 4930 4931
f 4831 4931 4832
f 4832 4931 4932
f 4832 4932 4833
f 4833 4932 4933
f 4833 4933 4834
f 4834 4933 4934
f 4834 4934 4835
f 4835 4934 4935
f 4835 4935 4836
f 4836 4935 4936
f 4836 4936 4837
f 4837 4936 4937
f 4837 4937 4838
f 4838 4937 4938
f 4838 4938 4839
f 4839 4938 4939
f 4839 4939 4840
f 4840 4939 4940
f 4840 4940 4841
f 4841 4940 4941
f 4841 4941 4842
f 4842 4941 4942
f 4842 4942 4843
f 4843 4942 4943
f 4843 4943 4844
f 4844 4943 4944
f 4844 4944 4845
f 4845 4944 4945
f 4845 4945 4846
f 4846 4945 4946
f 4846 4946 4847
f 4847 4946 4947
f 4847 4947 4848
f 4848 4947 4948
f 4848 4948 4849
f 4849 4948 4949
f 4849 4949 4850
f 4850 4949 4950
f 4850 4950 4851
f 4851 4950 4951
f 4851 4951 4852
f 4852 4951 4952
f 4852 4952 4853
f 4853 4952 4953
f 4853 4953 4854
f 4854 4953 4954
f 4854 4954 4855
f 4855 4954 4955
f 4855 4955 4856
f 4856 4955 4956
f 4856 4956 4857
f 4857 4956 4957
f 4857 4957 4858
f 4858 4957 4958
f 4858 4958 4859
f 4859 4958 4959
f 4859 4959 4860
f 4860 4959 4960
f 4860 4960 4861
f 4861 4960 4961
f 4861 4961 4862
f 4862 4961 4962
f 4862 4962 4863
f 4863 4962 4963
f 4863 4963 4864
f 4864 4963 4964
f 4864 4964 4865
f 4865 4964 4965
f 4865 4965 4866
f 4866 4965 4966
f 4866 4966 4867
f 4867 4966 4967
f 4867 4967 4868
f 4868 4967 4968
f 4868 4968 4869
f 4869 4968 4969
f 4869 4969 4870
f 4870 4969 4970
f 4870 4970 4871
f 4871 4970 4971
f 4871 4971 4872
f 4872 4971 4972
f 4872 4972 4873
f 4873 4972 4973
f 4873 4973 4874
f 4874 4973 4974
f 4874 4974 4875
f 4875 4974 4975
f 4875 4975 4876
f 4876 4975 4976
f 4876 4976 4877
f 4877 4976 4977
f 4877 4977 4878
f 4878 4977 4978
f 4878 4978 4879
f 4879 4978 4979
f 4879 4979 4880
f 4880 4979 4980
f 4880 4980 4881
f 4881 4980 4981
f 4881 4981 4882
f 4882 4981 4982
f 4882 4982 4883
f 4883 4982 4983
f 4883 4983 4884
f 4884 4983 4984
f 4884 4984 4885
f 4885 4984 4985
f 4885 4985 4886
f 4886 4985 4986
f 4886 4986 4887
f 4887 4986 4987
f 4887 4987 4888
f 4888 4987 4988
f 4888 4988 4889
f 4889 4988 4989
f 4889 4989 4890
f 4890 4989 4990
f 4890 4990 4891
f 4891 4990 4991
f 4891 4991 4892
f 4892 4991 4992
f 4892 4992 4893
f 4893 4992 4993
f 4893 4993 4894
f 4894 4993 4994
f 4894 4994 4895
f 4895 4994 4995
f 4895 4995 4896
f 4896 4995 4996
f 4896 4996 4897
f 4897 4996 4997
f 4897 4997 4898
f 4898 4997 4998
f 4898 4998 4899
f 4899 4998 4999
f 4899 4999 4900
f 4900 4999 5000
f 4901 5001 4902
f 4902 5001 5002
f 4902 5002 4903
f 4903 5002 5003
f 4903 5003 4904
f 4904 5003 5004
f 4904 5004 4905
f 4905 5004 5005
f 4905 5005 4906
f 4906 5005 5006
f 4906 5006 4907
f 4907 5006 5007
f 4907 5007 4908
f 4908 5007 5008
f 4908 5008 4909
f 4909 5008 5009
f 4909 5009 4910
f 4910 5009 5010
f 4910 5010 4911
f 4911 5010 5011
f 4911 5011 4912
f 4912 5011 5012
f 4912 5012 4913
f 4913 5012 5013
f 4913 5013 4914
f 4914 5013 5014
f 4914 5014 4915
f 4915 5014 5015
f 4915 5015 4916
f 4916 5015 5016
f 4916 5016 4917
f 4917 5016 5017
f 4917 5017 4918
f 4918 5017 5018
f 4918 5018 4919
f 4919 5018 5019
f 4919 5019 4920
f 4920 5019 5020
f 4920 5020 4921
f 4921 5020 5021
f 4921 5021 4922
f 4922 5021 5022
f 4922 5022 4923
f 4923 5022 5023
f 4923 5023 4924
f 4924 5023 5024
f 4924 5024 4925
f 4925 5024 5025
f 4925 5025 4926
f 4926 5025 5026
f 4926 5026 4927
f 4927 5026 5027
f 4927 5027 4928
f 4928 5027 5028
f 4928 5028 4929
f 4929 5028 5029
f 4929 5029 4930
f 4930 5029 5030
f 4930 5030 4931
f 4931 5030 5031
f 4931 5031 4932
f 4932 5031 5032
f 4932 5032 4933
f 4933 5032 5033
f 4933 5033 4934
f 4934 5033 5034
f 4934 5034 4935
f 4935 5034 5035
f 4935 5035 4936
f 4936 5035 5036
f 4936 5036 4937
f 4937 5036 5037
f 4937 5037 4938
f 4938 5037 5038
f 4938 5038 4939
f 4939 5038 5039
f 4939 5039 4940
f 4940 5039 5040
f 4940 5040 4941
f 4941 5040 5041
f 4941 5041 4942
f 4942 5041 5042
f 4942 5042 4943
f 4943 5042 5043
f 4943 5043 4944
f 4944 5043 5044
f 4944 5044 4945
f 4945 5044 5045
f 4945 5045 4946
f 4946 5045 5046
f 4946 5046 4947
f 4947 5046 5047
f 4947 5047 4948
f 4948 5047 5048
f 4948 5048 4949
f 4949 5048 5049
f 4949 5049 4950
f 4950 5049 5050
f 4950 5050 4951
f 4951 5050 5051
f 4951 5051 4952
f 4952 5051 5052
f 4952 5052 4953
f 4953 5052 5053
f 4953 5053 4954
f 4954 5053 5054
f 4954 5054 4955
f 4955 5054 5055
f 4955 5055 4956
f 4956 5055 5056
f 4956 5056 4957
f 4957 5056 5057
f 4957 5057 4958
f 4958 5057 5058
f 4958 5058 4959
f 4959 5058 5059
f 4959 5059 4960
f 4960 5059 5060
f 4960 5060 4961
f 4961 5060 5061
f 4961 5061 4962
f 4962 5061 5062
f 4962 5062 4963
f 4963 5062 5063
f 4963 5063 4964
f 4964 5063 5064
f 4964 5064 4965
f 4965 5064 5065
f 4965 5065 4966
f 4966 5065 5066
f 4966 5066 4967
f 4967 5066 5067
f 4967 5067 4968
f 4968 5067 5068
f 4968 5068 4969
f 4969 5068 5069
f 4969 5069 4970
f 4970 5069 5070
f 4970 5070 4971
f 4971 5070 5071
f 4971 5071 4972
f 4972 5071 5072
f 4972 5072 4973
f 4973 5072 5073
f 4973 5073 4974
f 4974 5073 5074
f 4974 5074 4975
f 4975 5074 5075
f 4975 5075 4976
f 4976 5075 5076
f 4976 5076 4977
f 4977 5076 5077
f 4977 5077 4978
f 4978 5077 5078
f 4978 5078 4979
f 4979 5078 5079
f 4979 5079 4980
f 4980 5079 5080
f 4980 5080 4981
f 4981 5080 5081
f 4981 5081 4982
f 4982 5081 5082
f 4982 5082 4983
f 4983 5082 5083
f 4983 5083 4984
f 4984 5083 5084
f 4984 5084 4985
f 4985 5084 5085
f 4985 5085 4986
f 4986 5085 5086
f 4986 5086 4987
f 4987 5086 5087
f 4987 5087 4988
f 4988 5087 5088
f 4988 5088 4989
f 4989 5088 5089
f 4989 5089 4990
f 4990 5089 5090
f 4990 5090 4991
f 4991 5090 5091
f 4991 5091 4992
f 4992 5091 5092
f 4992 5092 4993
f 4993 5092 5093
f 4993 5093 4994
f 4994 5093 5094
f 4994 5094 4995
f 4995 5094 5095
f 4995 5095 4996
f 4996 5095 5096
f 4996 5096 4997
f 4997 5096 5097
f 4997 5097 4998
f 4998 5097 5098
f 4998 5098 4999
f 4999 5098 5099
f 4999 5099 5000
f 5000 5099 5100
f 5001 5101 5002
f 5002 5101 5102
f 5002 5102 5003
f 5003 5102 5103
f 5003 5103 5004
f 5004 5103 5104
f 5004 5104 5005
f 5005 5104 5105
f 5005 5105 5006
f 5006 5105 5106
f 5006 5106 5007
f 5007 5106 5107
f 5007 5107 5008
f 5008 5107 5108
f 5008 5108 5009
f 5009 5108 5109
f 5009 5109 5010
f 5010 5109 5110
f 5010 5110 5011
f 5011 5110 5111
f 5011 5111 5012
f 5012 5111 5112
f 5012 5112 5013
f 5013 5112 5113
f 5013 5113 5014
f 5014 5113 5114
f 5014 5114 5015
f 5015 5114 5115
f 5015 5115 5016
f 5016 5115 5116
f 5016 5116 5017
f 5017 5116 5117
f 5017 5117 5018
f 5018 5117 5118
f 5018 5118 5019
f 5019 5118 5119
f 5019 5119 5020
f 5020 5119 5120
f 5020 5120 5021
f 5021 5120 5121
f 5021 5121 5022
f 5022 5121 5122
f 5022 5122 5023
f 5023 5122 5123
f 5023 5123 5024
f 5024 5123 5124
f 5024 5124 5025
f 5025 5124 5125
f 5025 5125 5026
f 5026 5125 5126
f 5026 5126 5027
f 5027 5126 5127
f 5027 5127 5028
f 5028 5127 5128
f 5028 5128 5029
f 5029 5128 5129
f 5029 5129 5030
f 5030 5129 5130
f 5030 5130 5031
f 5031 5130 5131
f 5031 5131 5032
f 5032 5131 5132
f 5032 5132 5033
f 5033 5132 5133
f 5033 5133 5034
f 5034 5133 5134
f 5034 5134 5035
f 5035 5134 5135
f 5035 5135 5036
f 5036 5135 5136
f 5036 5136 5037
f 5037 5136 5137
f 5037 5137 5038
f 5038 5137 5138
f 5038 5138 5039
f 5039 5138 5139
f 5039 5139 5040
f 5040 5139 5140
f 5040 5140 5041
f 5041 5140 5141
f 5041 5141 5042
f 5042 5141 5142
f 5042 5142 5043
f 5043 5142 5143
f 5043 5143 5044
f 5044 5143 5144
f 5044 5144 5045
f 5045 5144 5145
f 5045 5145 5046
f 5046 5145 5146
f 5046 5146 5047
f 5047 5146 5147
f 5047 5147 5048
f 5048 5147 5148
f 5048 5148 5049
f 5049 5148 5149
f 5049 5149 5050
f 5050 5149 5150
f 5050 5150 5051
f 5051 5150 5151
f 5051 5151 5052
f 5052 5151 5152
f 5052 5152 5053
f 5053 5152 5153
f 5053 5153 5054
f 5054 5153 5154
f 5054 5154 5055
f 5055 5154 5155
f 5055 5155 5056
f 5056 5155 5156
f 5056 5156 5057
f 5057 5156 5157
f 5057 5157 5058
f 5058 5157 5158
f 5058 5158 5059
f 5059 5158 5159
f 5059 5159 5060
f 5060 5159 5160
f 5060 5160 5061
f 5061 5160 5161
f 5061 5161 5062
f 5062 5161 5162
f 5062 5162 5063
f 5063 5162 5163
f 5063 5163 5064
f 5064 5163 5164
f 5064 5164 5065
f 5065 5164 5165
f 5065 5165 5066
f 5066 5165 5166
f 5066 5166 5067
f 5067 5166 5167
f 5067 5167 5068
f 5068 5167 5168
f 5068 5168 5069
f 5069 5168 5169
f 5069 5169 5070
f 5070 5169 5170
f 5070 5170 5071
f 5071 5170 5171
f 5071 5171 5072
f 5072 5171 5172
f 5072 5172 5073
f 5073 5172 5173
f 5073 5173 5074
f 5074 5173 5174
f 5074 5174 5075
f 5075 5174 5175
f 5075 5175 5076
f 5076 5175 5176
f 5076 5176 5077
f 5077 5176 5177
f 5077 5177 5078
f 5078 5177 5178
f 5078 5178 5079
f 5079 5178 5179
f 5079 5179 5080
f 5080 5179 5180
f 5080 5180 5081
f 5081 5180 5181
f 5081 5181 5082
f 5082 5181 5182
f 5082 5182 5083
f 5083 5182 5183
f 5083 5183 5084
f 5084 5183 5184
f 5084 5184 5085
f 5085 5184 5185
f 5085 5185 5086
f 5086 5185 5186
f 5086 5186 5087
f 5087 5186 5187
f 5087 5187 5088
f 5088 5187 5188
f 5088 5188 5089
f 5089 5188 5189
f 5089 5189 5090
f 5090 5189 5190
f 5090 5190 5091
f 5091 5190 5191
f 5091 5191 5092
f 5092 5191 5192
f 5092 5192 5093
f 5093 5192 5193
f 5093 5193 5094
f 5094 5193 5194
f 5094 5194 5095
f 5095 5194 5195
f 5095 5195 5096
f 5096 5195 5196
f 5096 5196 5097
f 5097 5196 5197
f 5097 5197 5098
f 5098 5197 5198
f 5098 5198 5099
f 5099 5198 5199
f 5099 5199 5100
f 5100 5199 5200
f 5101 5201 5102
f 5102 5201 5202
f 5102 5202 5103
f 5103 5202 5203
f 5103 5203 5104
f 5104 5203 5204
f 5104 5204 5105
f 5105 5204 5205
f 5105 5205 5106
f 5106 5205 5206
f 5106 5206 5107
f 5107 5206 5207
f 5107 5207 5108
f 5108 5207 5208
f 5108 5208 5109
f 5109 5208 5209
f 5109 5209 5110
f 5110 5209 5210
f 5110 5210 5111
f 5111 5210 5211
f 5111 5211 5112
f 5112 5211 5212
f 5112 5212 5113
f 5113 5212 5213
f 5113 5213 5114
f 5114 5213 5214
f 5114 5214 5115
f 5115 5214 5215
f 5115 5215 5116
f 5116 5215 5216
f 5116 5216 5117
f 5117 5216 5217
f 5117 5217 5118
f 5118 5217 5218
f 5118 5218 5119
f 5119 5218 5219
f 5119 5219 5120
f 5120 5219 5220
f 5120 5220 5121
f 5121 5220 5221
f 5121 5221 5122
f 5122 5221 5222
f 5122 5222 5123
f 5123 5222 5223
f 5123 5223 5124
f 5124 5223 5224
f 5124 5224 5125
f 5125 5224 5225
f 5125 5225 5126
f 5126 5225 5226
f 5126 5226 5127
f 5127 5226 5227
f 5127 5227 5128
f 5128 5227 5228
f 5128 5228 5129
f 5129 5228 5229
f 5129 5229 5130
f 5130 5229 5230
f 5130 5230 5131
f 5131 5230 5231
f 5131 5231 5132
f 5132 5231 5232
f 5132 5232 5133
f 5133 5232 5233
f 5133 5233 5134
f 5134 5233 5234
f 5134 5234 5135
f 5135 5234 5235
f 5135 5235 5136
f 5136 5235 5236
f 5136 5236 5137
f 5137 5236 5237
f 5137 5237 5138
f 5138 5237 5238
f 5138 5238 5139
f 5139 5238 5239
f 5139 5239 5140
f 5140 5239 5240
f 5140 5240 5141
f 5141 5240 5241
f 5141 5241 5142
f 5142 5241 5242
f 5142 5242 5143
f 5143 5242 5243
f 5143 5243 5144
f 5144 5243 5244
f 5144 5244 5145
f 5145 5244 5245
f 5145 5245 5146
f 5146 5245 5246
f 5146 5246 5147
f 5147 5246 5247
f 5147 5247 5148
f 5148 5247 5248
f 5148 5248 5149
f 5149 5248 5249
f 5149 5249 5150
f 5150 5249 5250
f 5150 5250 5151
f 5151 5250 5251
f 5151 5251 5152
f 5152 5251 5252
f 5152 5252 5153
f 5153 5252 5253
f 5153 5253 5154
f 5154 5253 5254
f 5154 5254 5155
f 5155 5254 5255
f 5155 5255 5156
f 5156 5255 5256
f 5156 5256 5157
f 5157 5256 5257
f 5157 5257 5158
f 5158 5257 5258
f 5158 5258 5159
f 5159 5258 5259
f 5159 5259 5160
f 5160 5259 5260
f 5160 5260 5161
f 5161 5260 5261
f 5161 5261 5162
f 5162 5261 5262
f 5162 5262 5163
f 5163 5262 5263
f 5163 5263 5164
f 5164 5263 5264
f 5164 5264 5165
f 5165 5264 5265
f 5165 5265 5166
f 5166 5265 5266
f 5166 5266 5167
f 5167 5266 5267
f 5167 5267 5168
f 5168 5267 5268
f 5168 5268 5169
f 5169 5268 5269
f 5169 5269 5170
f 5170 5269 5270
f 5170 5270 5171
f 5171 5270 5271
f 5171 5271 5172
f 5172 5271 5272
f 5172 5272 5173
f 5173 5272 5273
f 5173 5273 5174
f 5174 5273 5274
f 5174 5274 5175
f 5175 5274 5275
f 5175 5275 5176
f 5176 5275 5276
f 5176 5276 5177
f 5177 5276 5277
f 5177 5277 5178
f 5178 5277 5278
f 5178 5278 5179
f 5179 5278 5279
f 5179 5279 5180
f 5180 5279 5280
f 5180 5280 5181
f 5181 5280 5281
f 5181 5281 5182
f 5182 5281 5282
f 5182 5282 5183
f 5183 5282 5283
f 5183 5283 5184
f 5184 5283 5284
f 5184 5284 5185
f 5185 5284 5285
f 5185 5285 5186
f 5186 5285 5286
f 5186 5286 5187
f 5187 5286 5287
f 5187 5287 5188
f 5188 5287 5288
f 5188 5288 5189
f 5189 5288 5289
f 5189 5289 5190
f 5190 5289 5290
f 5190 5290 5191
f 5191 5290 5291
f 5191 5291 5192
f 5192 5291 5292
f 5192 5292 5193
f 5193 5292 5293
f 5193 5293 5194
f 5194 5293 5294
f 5194 5294 5195
f 5195 5294 5295
f 5195 5295 5196
f 5196 5295 5296
f 5196 5296 5197
f 5197 5296 5297
f 5197 5297 5198
f 5198 5297 5298
f 5198 5298 5199
f 5199 5298 5299
f 5199 5299 5200
f 5200 5299 5300
f 5201 5301 5202
f 5202 5301 5302
f 5202 5302 5203
f 5203 5302 5303
f 5203 5303 5204
f 5204 5303 5304
f 5204 5304 5205
f 5205 5304 5305
f 5205 5305 5206
f 5206 5305 5306
f 5206 5306 5207
f 5207 5306 5307
f 5207 5307 5208
f 5208 5307 5308
f 5208 5308 5209
f 5209 5308 5309
f 5209 5309 5210
f 5210 5309 5310
f 5210 5310 5211
f 5211 5310 5311
f 5211 5311 5212
f 5212 5311 5312
f 5212 5312 5213
f 5213 5312 5313
f 5213 5313 5214
f 5214 5313 5314
f 5214 5314 5215
f 5215 5314 5315
f 5215 5315 5216
f 5216 5315 5316
f 5216 5316 5217
f 5217 5316 5317
f 5217 5317 5218
f 5218 5317 5318
f 5218 5318 5219
f 5219 5318 5319
f 5219 5319 5220
f 5220 5319 5320
f 5220 5320 5221
f 5221 5320 5321
f 5221 5321 5222
f 5222 5321 5322
f 5222 5322 5223
f 5223 5322 5323
f 5223 5323 5224
f 5224 5323 5324
f 5224 5324 5225
f 5225 5324 5325
f 5225 5325 5226
f 5226 5325 5326
f 5226 5326 5227
f 5227 5326 5327
f 5227 5327 5228
f 5228 5327 5328
f 5228 5328 5229
f 5229 5328 5329
f 5229 5329 5230
f 5230 5329 5330
f 5230 5330 5231
f 5231 5330 5331
f 5231 5331 5232
f 5232 5331 5332
f 5232 5332 5233
f 5233 5332 5333
f 5233 5333 5234
f 5234 5333 5334
f 5234 5334 5235
f 5235 5334 5335
f 5235 5335 5236
f 5236 5335 5336
f 5236 5336 5237
f 5237 5336 5337
f 5237 5337 5238
f 5238 5337 5338
f 5238 5338 5239
f 5239 5338 5339
f 5239 5339 5240
f 5240 5339 5340
f 5240 5340 5241
f 5241 5340 5341
f 5241 5341 5242
f 5242 5341 5342
f 5242 5342 5243
f 5243 5342 5343
f 5243 5343 5244
f 5244 5343 5344
f 5244 5344 5245
f 5245 5344 5345
f 5245 5345 5246
f 5246 5345 5346
f 5246 5346 5247
f 5247 5346 5347
f 5247 5347 5248
f 5248 5347 5348
f 5248 5348 5249
f 5249 5348 5349
f 5249 5349 5250
f 5250 5349 5350
f 5250 5350 5251
f 5251 5350 5351
f 5251 5351 5252
f 5252 5351 5352
f 5252 5352 5253
f 5253 5352 5353
f 5253 5353 5254
f 5254 5353 5354
f 5254 5354 5255
f 5255 5354 5355
f 5255 5355 5256
f 5256 5355 5356
f 5256 5356 5257
f 5257 5356 5357
f 5257 5357 5258
f 5258 5357 5358
f 5258 5358 5259
f 5259 5358 5359
f 5259 5359 5260
f 5260 5359 5360
f 5260 5360 5261
f 5261 5360 5361
f 5261 5361 5262
f 5262 5361 5362
f 5262 5362 5263
f 5263 5362 5363
f 5263 5363 5264
f 5264 5363 5364
f 5264 5364 5265
f 5265 5364 5365
f 5265 5365 5266
f 5266 5365 5366
f 5266 5366 5267
f 5267 5366 5367
f 5267 5367 5268
f 5268 5367 5368
f 5268 5368 5269
f 5269 5368 5369
f 5269 5369 5270
f 5270 5369 5370
f 5270 5370 5271
f 5271 5370 5371
f 5271 5371 5272
f 5272 5371 5372
f 5272 5372 5273
f 5273 5372 5373
f 5273 5373 5274
f 5274 5373 5374
f 5274 5374 5275
f 5275 5374 5375
f 5275 5375 5276
f 5276 5375 5376
f 5276 5376 5277
f 5277 5376 5377
f 5277 5377 5278
f 5278 5377 5378
f 5278 5378 5279
f 5279 5378 5379
f 5279 5379 5280
f 5280 5379 5380
f 5280 5380 5281
f 5281 5380 5381
f 5281 5381 5282
f 5282 5381 5382
f 5282 5382 5283
f 5283 5382 5383
f 5283 5383 5284
f 5284 5383 5384
f 5284 5384 5285
f 5285 5384 5385
f 5285 5385 5286
f 5286 5385 5386
f 5286 5386 5287
f 5287 5386 5387
f 5287 5387 5288
f 5288 5387 5388
f 5288 5388 5289
f 5289 5388 5389
f 5289 5389 5290
f 5290 5389 5390
f 5290 5390 5291
f 5291 5390 5391
f 5291 5391 5292
f 5292 5391 5392
f 5292 5392 5293
f 5293 5392 5393
f 5293 5393 5294
f 5294 5393 5394
f 5294 5394 5295
f 5295 5394 5395
f 5295 5395 5296
f 5296 5395 5396
f 5296 5396 5297
f 5297 5396 5397
f 5297 5397 5298
f 5298 5397 5398
f 5298 5398 5299
f 5299 5398 5399
f 5299 5399 5300
f 5300 5399 5400
f 5301 5401 5302
f 5302 5401 5402
f 5302 5402 5303
f 5303 5402 5403
f 5303 5403 5304
f 5304 5403 5404
f 5304 5404 5305
f 5305 5404 5405
f 5305 5405 5306
f 5306 5405 5406
f 5306 5406 5307
f 5307 5406 5407
f 5307 5407 5308
f 5308 5407 5408
f 5308 5408 5309
f 5309 5408 5409
f 5309 5409 5310
f 5310 5409 5410
f 5310 5410 5311
f 5311 5410 5411
f 5311 5411 5312
f 5312 5411 5412
f 5312 5412 5313
f 5313 5412 5413
f 5313 5413 5314
f 5314 5413 5414
f 5314 5414 5315
f 5315 5414 5415
f 5315 5415 5316
f 5316 5415 5416
f 5316 5416 5317
f 5317 5416 5417
f 5317 5417 5318
f 5318 5417 5418
f 5318 5418 5319
f 5319 5418 5419
f 5319 5419 5320
f 5320 5419 5420
f 5320 5420 5321
f 5321 5420 5421
f 5321 5421 5322
f 5322 5421 5422
f 5322 5422 5323
f 5323 5422 5423
f 5323 5423 5324
f 5324 5423 5424
f 5324 5424 5325
f 5325 5424 5425
f 5325 5425 5326
f 5326 5425 5426
f 5326 5426 5327
f 5327 5426 5427
f 5327 5427 5328
f 5328 5427 5428
f 5328 5428 5329
f 5329 5428 5429
f 5329 5429 5330
f 5330 5429 5430
f 5330 5430 5331
f 5331 5430 5431
f 5331 5431 5332
f 5332 5431 5432
f 5332 5432 5333
f 5333 5432 5433
f 5333 5433 5334
f 5334 5433 5434
f 5334 5434 5335
f 5335 5434 5435
f 5335 5435 5336
f 5336 5435 5436
f 5336 5436 5337
f 5337 5436 5437
f 5337 5437 5338
f 5338 5437 5438
f 5338 5438 5339
f 5339 5438 5439
f 5339 5439 5340
f 5340 5439 5440
f 5340 5440 5341
f 5341 5440 5441
f 5341 5441 5342
f 5342 5441 5442
f 5342 5442 5343
f 5343 5442 5443
f 5343 5443 5344
f 5344 5443 5444
f 5344 5444 5345
f 5345 5444 5445
f 5345 5445 5346
f 5346 5445 5446
f 5346 5446 5347
f 5347 5446 5447
f 5347 5447 5348
f 5348 5447 5448
f 5348 5448 5349
f 5349 5448 5449
f 5349 5449 5350
f 5350 5449 5450
f 5350 5450 5351
f 5351 5450 5451
f 5351 5451 5352
f 5352 5451 5452
f 5352 5452 5353
f 5353 5452 5453
f 5353 5453 5354
f 5354 5453 5454
f 5354 5454 5355
f 5355 5454 5455
f 5355 5455 5356
f 5356 5455 5456
f 5356 5456 5357
f 5357 5456 5457
f 5357 5457 5358
f 5358 5457 5458
f 5358 5458 5359
f 5359 5458 5459
f 5359 5459 5360
f 5360 5459 5460
f 5360 5460 5361
f 5361 5460 5461
f 5361 5461 5362
f 5362 5461 5462
f 5362 5462 5363
f 5363 5462 5463
f 5363 5463 5364
f 5364 5463 5464
f 5364 5464 5365
f 5365 5464 5465
f 5365 5465 5366
f 5366 5465 5466
f 5366 5466 5367
f 5367 5466 5467
f 5367 5467 5368
f 5368 5467 5468
f 5368 5468 5369
f 5369 5468 5469
f 5369 5469 5370
f 5370 5469 5470
f 5370 5470 5371
f 5371 5470 5471
f 5371 5471 5372
f 5372 5471 5472
f 5372 5472 5373
f 5373 5472 5473
f 5373 5473 5374
f 5374 5473 5474
f 5374 5474 5375
f 5375 5474 5475
f 5375 5475 5376
f 5376 5475 5476
f 5376 5476 5377
f 5377 5476 5477
f 5377 5477 5378
f 5378 5477 5478
f 5378 5478 5379
f 5379 5478 5479
f 5379 5479 5380
f 5380 5479 5480
f 5380 5480 5381
f 5381 5480 5481
f 5381 5481 5382
f 5382 5481 5482
f 5382 5482 5383
f 5383 5482 5483
f 5383 5483 5384
f 5384 5483 5484
f 5384 5484 5385
f 5385 5484 5485
f 5385 5485 5386
f 5386 5485 5486
f 5386 5486 5387
f 5387 5486 5487
f 5387 5487 5388
f 5388 5487 5488
f 5388 5488 5389
f 5389 5488 5489
f 5389 5489 5390
f 5390 5489 5490
f 5390 5490 5391
f 5391 5490 5491
f 5391 5491 5392
f 5392 5491 5492
f 5392 5492 5393
f 5393 5492 5493
f 5393 5493 5394
f 5394 5493 5494
f 5394 5494 5395
f 5395 5494 5495
f 5395 5495 5396
f 5396 5495 5496
f 5396 5496 5397
f 5397 5496 5497
f 5397 5497 5398
f 5398 5497 5498
f 5398 5498 5399
f 5399 5498 5499
f 5399 5499 5400
f 5400 5499 5500
f 5401 5501 5402
f 5402 5501 5502
f 5402 5502 5403
f 5403 5502 5503
f 5403 5503 5404
f 5404 5503 5504
f 5404 5504 5405
f 5405 5504 5505
f 5405 5505 5406
f 5406 5505 5506
f 5406 5506 5407
f 5407 5506 5507
f 5407 5507 5408
f 5408 5507 5508
f 5408 5508 5409
f 5409 5508 5509
f 5409 5509 5410
f 5410 5509 5510
f 5410 5510 5411
f 5411 5510 5511
f 5411 5511 5412
f 5412 5511 5512
f 5412 5512 5413
f 5413 5512 5513
f 5413 5513 5414
f 5414 5513 5514
f 5414 5514 5415
f 5415 5514 5515
f 5415 5515 5416
f 5416 5515 5516
f 5416 5516 5417
f 5417 5516 5517
f 5417 5517 5418
f 5418 5517 5518
f 5418 5518 5419
f 5419 5518 5519
f 5419 5519 5420
f 5420 5519 5520
f 5420 5520 5421
f 5421 5520 5521
f 5421 5521 5422
f 5422 5521 5522
f 5422 5522 5423
f 5423 5522 5523
f 5423 5523 5424
f 5424 5523 5524
f 5424 5524 5425
f 5425 5524 5525
f 5425 5525 5426
f 5426 5525 5526
f 5426 5526 5427
f 5427 5526 5527
f 5427 5527 5428
f 5428 5527 5528
f 5428 5528 5429
f 5429 5528 5529
f 5429 5529 5430
f 5430 5529 5530
f 5430 5530 5431
f 5431 5530 5531
f 5431 5531 5432
f 5432 5531 5532
f 5432 5532 5433
f 5433 5532 5533
f 5433 5533 5434
f 5434 5533 5534
f 5434 5534 5435
f 5435 5534 5535
f 5435 5535 5436
f 5436 5535 5536
f 5436 5536 5437
f 5437 5536 5537
f 5437 5537 5438
f 5438 5537 5538
f 5438 5538 5439
f 5439 5538 5539
f 5439 5539 5440
f 5440 5539 5540
f 5440 5540 5441
f 5441 5540 5541
f 5441 5541 5442
f 5442 5541 5542
f 5442 5542 5443
f 5443 5542 5543
f 5443 5543 5444
f 5444 5543 5544
f 5444 5544 5445
f 5445 5544 5545
f 5445 5545 5446
f 5446 5545 5546
f 5446 5546 5447
f 5447 5546 5547
f 5447 5547 5448
f 5448 5547 5548
f 5448 5548 5449
f 5449 5548 5549
f 5449 5549 5450
f 5450 5549 5550
f 5450 5550 5451
f 5451 5550 5551
f 5451 5551 5452
f 5452 5551 5552
f 5452 5552 5453
f 5453 5552 5553
f 5453 5553 5454
f 5454 5553 5554
f 5454 5554 5455
f 5455 5554 5555
f 5455 5555 5456
f 5456 5555 5556
f 5456 5556 5457
f 5457 5556 5557
f 5457 5557 5458
f 5458 5557 5558
f 5458 5558 5459
f 5459 5558 5559
f 5459 5559 5460
f 5460 5559 5560
f 5460 5560 5461
f 5461 5560 5561
f 5461 5561 5462
f 5462 5561 5562
f 5462 5562 5463
f 5463 5562 5563
f 5463 5563 5464
f 5464 5563 5564
f 5464 5564 5465
f 5465 5564 5565
f 5465 5565 5466
f 5466 5565 5566
f 5466 5566 5467
f 5467 5566 5567
f 5467 5567 5468
f 5468 5567 5568
f 5468 5568 5469
f 5469 5568 5569
f 5469 5569 5470
f 5470 5569 5570
f 5470 5570 5471
f 5471 5570 5571
f 5471 5571 5472
f 5472 5571 5572
f 5472 5572 5473
f 5473 5572 5573
f 5473 5573 5474
f 5474 5573 5574
f 5474 5574 5475
f 5475 5574 5575
f 5475 5575 5476
f 5476 5575 5576
f 5476 5576 5477
f 5477 5576 5577
f 5477 5577 5478
f 5478 5577 5578
f 5478 5578 5479
f 5479 5578 5579
f 5479 5579 5480
f 5480 5579 5580
f 5480 5580 5481
f 5481 5580 5581
f 5481 5581 5482
f 5482 5581 5582
f 5482 5582 5483
f 5483 5582 5583
f 5483 5583 5484
f 5484 5583 5584
f 5484 5584 5485
f 5485 5584 5585
f 5485 5585 5486
f 5486 5585 5586
f 5486 5586 5487
f 5487 5586 5587
f 5487 5587 5488
f 5488 5587 5588
f 5488 5588 5489
f 5489 5588 5589
f 5489 5589 5490
f 5490 5589 5590
f 5490 5590 5491
f 5491 5590 5591
f 5491 5591 5492
f 5492 5591 5592
f 5492 5592 5493
f 5493 5592 5593
f 5493 5593 5494
f 5494 5593 5594
f 5494 5594 5495
f 5495 5594 5595
f 5495 5595 5496
f 5496 5595 5596
f 5496 5596 5497
f 5497 5596 5597
f 5497 5597 5498
f 5498 5597 5598
f 5498 5598 5499
f 5499 5598 5599
f 5499 5599 5500
f 5500 5599 5600
f 5501 5601 5502
f 5502 5601 5602
f 5502 5602 5503
f 5503 5602 5603
f 5503 5603 5504
f 5504 5603 5604
f 5504 5604 5505
f 5505 5604 5605
f 5505 5605 5506
f 5506 5605 5606
f 5506 5606 5507
f 5507 5606 5607
f 5507 5607 5508
f 5508 5607 5608
f 5508 5608 5509
f 5509 5608 5609
f 5509 5609 5510
f 5510 5609 5610
f 5510 5610 5511
f 5511 5610 5611
f 5511 5611 5512
f 5512 5611 5612
f 5512 5612 5513
f 5513 5612 5613
f 5513 5613 5514
f 5514 5613 5614
f 5514 5614 5515
f 5515 5614 5615
f 5515 5615 5516
f 5516 5615 5616
f 5516 5616 5517
f 5517 5616 5617
f 5517 5617 5518
f 5518 5617 5618
f 5518 5618 5519
f 5519 5618 5619
f 5519 5619 5520
f 5520 5619 5620
f 5520 5620 5521
f 5521 5620 5621
f 5521 5621 5522
f 5522 5621 5622
f 5522 5622 5523
f 5523 5622 5623
f 5523 5623 5524
f 5524 5623 5624
f 5524 5624 5525
f 5525 5624 5625
f 5525 5625 5526
f 5526 5625 5626
f 5526 5626 5527
f 5527 5626 5627
f 5527 5627 5528
f 5528 5627 5628
f 5528 5628 5529
f 5529 5628 5629
f 5529 5629 5530
f 5530 5629 5630
f 5530 5630 5531
f 5531 5630 5631
f 5531 5631 5532
f 5532 5631 5632
f 5532 5632 5533
f 5533 5632 5633
f 5533 5633 5534
f 5534 5633 5634
f 5534 5634 5535
f 5535 5634 5635
f 5535 5635 5536
f 5536 5635 5636
f 5536 5636 5537
f 5537 5636 5637
f 5537 5637 5538
f 5538 5637 5638
f 5538 5638 5539
f 5539 5638 5639
f 5539 5639 5540
f 5540 5639 5640
f 5540 5640 5541
f 5541 5640 5641
f 5541 5641 5542
f 5542 5641 5642
f 5542 5642 5543
f 5543 5642 5643
f 5543 5643 5544
f 5544 5643 5644
f 5544 5644 5545
f 5545 5644 5645
f 5545 5645 5546
f 5546 5645 5646
f 5546 5646 5547
f 5547 5646 5647
f 5547 5647 5548
f 5548 5647 5648
f 5548 5648 5549
f 5549 5648 5649
f 5549 5649 5550
f 5550 5649 5650
f 5550 5650 5551
f 5551 5650 5651
f 5551 5651 5552
f 5552 5651 5652
f 5552 5652 5553
f 5553 5652 5653
f 5553 5653 5554
f 5554 5653 5654
f 5554 5654 5555
f 5555 5654 5655
f 5555 5655 5556
f 5556 5655 5656
f 5556 5656 5557
f 5557 5656 5657
f 5557 5657 5558
f 5558 5657 5658
f 5558 5658 5559
f 5559 5658 5659
f 5559 5659 5560
f 5560 5659 5660
f 5560 5660 5561
f 5561 5660 5661
f 5561 5661 5562
f 5562 5661 5662
f 5562 5662 5563
f 5563 5662 5663
f 5563 5663 5564
f 5564 5663 5664
f 5564 5664 5565
f 5565 5664 5665
f 5565 5665 5566
f 5566 5665 5666
f 5566 5666 5567
f 5567 5666 5667
f 5567 5667 5568
f 5568 5667 5668
f 5568 5668 5569
f 5569 5668 5669
f 5569 5669 5570
f 5570 5669 5670
f 5570 5670 5571
f 5571 5670 5671
f 5571 5671 5572
f 5572 5671 5672
f 5572 5672 5573
f 5573 5672 5673
f 5573 5673 5574
f 5574 5673 5674
f 5574 5674 5575
f 5575 5674 5675
f 5575 5675 5576
f 5576 5675 5676
f 5576 5676 5577
f 5577 5676 5677
f 5577 5677 5578
f 5578 5677 5678
f 5578 5678 5579
f 5579 5678 5679
f 5579 5679 5580
f 5580 5679 5680
f 5580 5680 5581
f 5581 5680 5681
f 5581 5681 5582
f 5582 5681 5682
f 5582 5682 5583
f 5583 5682 5683
f 5583 5683 5584
f 5584 5683 5684
f 5584 5684 5585
f 5585 5684 5685
f 5585 5685 5586
f 5586 5685 5686
f 5586 5686 5587
f 5587 5686 5687
f 5587 5687 5588
f 5588 5687 5688
f 5588 5688 5589
f 5589 5688 5689
f 5589 5689 5590
f 5590 5689 5690
f 5590 5690 5591
f 5591 5690 5691
f 5591 5691 5592
f 5592 5691 5692
f 5592 5692 5593
f 5593 5692 5693
f 5593 5693 5594
f 5594 5693 5694
f 5594 5694 5595
f 5595 5694 5695
f 5595 5695 5596
f 5596 5695 5696
f 5596 5696 5597
f 5597 5696 5697
f 5597 5697 5598
f 5598 5697 5698
f 5598 5698 5599
f 5599 5698 5699
f 5599 5699 5600
f 5600 5699 5700
f 5601 5701 5602
f 5602 5701 5702
f 5602 5702 5603
f 5603 5702 5703
f 5603 5703 5604
f 5604 5703 5704
f 5604 5704 5605
f 5605 5704 5705
f 5605 5705 5606
f 5606 5705 5706
f 5606 5706 5607
f 5607 5706 5707
f 5607 5707 5608
f 5608 5707 5708
f 5608 5708 5609
f 5609 5708 5709
f 5609 5709 5610
f 5610 5709 5710
f 5610 5710 5611
f 5611 5710 5711
f 5611 5711 5612
f 5612 5711 5712
f 5612 5712 5613
f 5613 5712 5713
f 5613 5713 5614
f 5614 5713 5714
f 5614 5714 5615
f 5615 5714 5715
f 5615 5715 5616
f 5616 5715 5716
f 5616 5716 5617
f 5617 5716 5717
f 5617 5717 5618
f 5618 5717 5718
f 5618 5718 5619
f 5619 5718 5719
f 5619 5719 5620
f 5620 5719 5720
f 5620 5720 5621
f 5621 5720 5721
f 5621 5721 5622
f 5622 5721 5722
f 5622 5722 5623
f 5623 5722 5723
f 5623 5723 5624
f 5624 5723 5724
f 5624 5724 5625
f 5625 5724 5725
f 5625 5725 5626
f 5626 5725 5726
f 5626 5726 5627
f 5627 5726 5727
f 5627 5727 5628
f 5628 5727 5728
f 5628 5728 5629
f 5629 5728 5729
f 5629 5729 5630
f 5630 5729 5730
f 5630 5730 5631
f 5631 5730 5731
f 5631 5731 5632
f 5632 5731 5732
f 5632 5732 5633
f 5633 5732 5733
f 5633 5733 5634
f 5634 5733 5734
f 5634 5734 5635
f 5635 5734 5735
f 5635 5735 5636
f 5636 5735 5736
f 5636 5736 5637
f 5637 5736 5737
f 5637 5737 5638
f 5638 5737 5738
f 5638 5738 5639
f 5639 5738 5739
f 5639 5739 5640
f 5640 5739 5740
f 5640 5740 5641
f 5641 5740 5741
f 5641 5741 5642
f 5642 5741 5742
f 5642 5742 5643
f 5643 5742 5743
f 5643 5743 5644
f 5644 5743 5744
f 5644 5744 5645
f 5645 5744 5745
f 5645 5745 5646
f 5646 5745 5746
f 5646 5746 5647
f 5647 5746 5747
f 5647 5747 5648
f 5648 5747 5748
f 5648 5748 5649
f 5649 5748 5749
f 5649 5749 5650
f 5650 5749 5750
f 5650 5750 5651
f 5651 5750 5751
f 5651 5751 5652
f 5652 5751 5752
f 5652 5752 5653
f 5653 5752 5753
f 5653 5753 5654
f 5654 5753 5754
f 5654 5754 5655
f 5655 5754 5755
f 5655 5755 5656
f 5656 5755 5756
f 5656 5756 5657
f 5657 5756 5757
f 5657 5757 5658
f 5658 5757 5758
f 5658 5758 5659
f 5659 5758 5759
f 5659 5759 5660
f 5660 5759 5760
f 5660 5760 5661
f 5661 5760 5761
f 5661 5761 5662
f 5662 5761 5762
f 5662 5762 5663
f 5663 5762 5763
f 5663 5763 5664
f 5664 5763 5764
f 5664 5764 5665
f 5665 5764 5765
f 5665 5765 5666
f 5666 5765 5766
f 5666 5766 5667
f 5667 5766 5767
f 5667 5767 5668
f 5668 5767 5768
f 5668 5768 5669
f 5669 5768 5769
f 5669 5769 5670
f 5670 5769 5770
f 5670 5770 5671
f 5671 5770 5771
f 5671 5771 5672
f 5672 5771 5772
f 5672 5772 5673
f 5673 5772 5773
f 5673 5773 5674
f 5674 5773 5774
f 5674 5774 5675
f 5675 5774 5775
f 5675 5775 5676
f 5676 5775 5776
f 5676 5776 5677
f 5677 5776 5777
f 5677 5777 5678
f 5678 5777 5778
f 5678 5778 5679
f 5679 5778 5779
f 5679 5779 5680
f 5680 5779 5780
f 5680 5780 5681
f 5681 5780 5781
f 5681 5781 5682
f 5682 5781 5782
f 5682 5782 5683
f 5683 5782 5783
f 5683 5783 5684
f 5684 5783 5784
f 5684 5784 5685
f 5685 5784 5785
f 5685 5785 5686
f 5686 5785 5786
f 5686 5786 5687
f 5687 5786 5787
f 5687 5787 5688
f 5688 5787 5788
f 5688 5788 5689
f 5689 5788 5789
f 5689 5789 5690
f 5690 5789 5790
f 5690 5790 5691
f 5691 5790 5791
f 5691 5791 5692
f 5692 5791 5792
f 5692 5792 5693
f 5693 5792 5793
f 5693 5793 5694
f 5694 5793 5794
f 5694 5794 5695
f 5695 5794 5795
f 5695 5795 5696
f 5696 5795 5796
f 5696 5796 5697
f 5697 5796 5797
f 5697 5797 5698
f 5698 5797 5798
f 5698 5798 5699
f 5699 5798 5799
f 5699 5799 5700
f 5700 5799 5800
f 5701 5801 5702
f 5702 5801 5802
f 5702 5802 5703
f 5703 5802 5803
f 5703 5803 5704
f 5704 5803 5804
f 5704 5804 5705
f 5705 5804 5805
f 5705 5805 5706
f 5706 5805 5806
f 5706 5806 5707
f 5707 5806 5807
f 5707 5807 5708
f 5708 5807 5808
f 5708 5808 5709
f 5709 5808 5809
f 5709 5809 5710
f 5710 5809 5810
f 5710 5810 5711
f 5711 5810 5811
f 5711 5811 5712
f 5712 5811 5812
f 5712 5812 5713
f 5713 5812 5813
f 5713 5813 5714
f 5714 5813 5814
f 5714 5814 5715
f 5715 5814 5815
f 5715 5815 5716
f 5716 5815 5816
f 5716 5816 5717
f 5717 5816 5817
f 5717 5817 5718
f 5718 5817 5818
f 5718 5818 5719
f 5719 5818 5819
f 5719 5819 5720
f 5720 5819 5820
f 5720 5820 5721
f 5721 5820 5821
f 5721 5821 5722
f 5722 5821 5822
f 5722 5822 5723
f 5723 5822 5823
f 5723 5823 5724
f 5724 5823 5824
f 5724 5824 5725
f 5725 5824 5825
f 5725 5825 5726
f 5726 5825 5826
f 5726 5826 5727
f 5727 5826 5827
f 5727 5827 5728
f 5728 5827 5828
f 5728 5828 5729
f 5729 5828 5829
f 5729 5829 5730
f 5730 5829 5830
f 5730 5830 5731
f 5731 5830 5831
f 5731 5831 5732
f 5732 5831 5832
f 5732 5832 5733
f 5733 5832 5833
f 5733 5833 5734
f 5734 5833 5834
f 5734 5834 5735
f 5735 5834 5835
f 5735 5835 5736
f 5736 5835 5836
f 5736 5836 5737
f 5737 5836 5837
f 5737 5837 5738
f 5738 5837 5838
f 5738 5838 5739
f 5739 5838 5839
f 5739 5839 5740
f 5740 5839 5840
f 5740 5840 5741
f 5741 5840 5841
f 5741 5841 5742
f 5742 5841 5842
f 5742 5842 5743
f 5743 5842 5843
f 5743 5843 5744
f 5744 5843 5844
f 5744 5844 5745
f 5745 5844 5845
f 5745 5845 5746
f 5746 5845 5846
f 5746 5846 5747
f 5747 5846 5847
f 5747 5847 5748
f 5748 5847 5848
f 5748 5848 5749
f 5749 5848 5849
f 5749 5849 5750
f 5750 5849 5850
f 5750 5850 5751
f 5751 5850 5851
f 5751 5851 5752
f 5752 5851 5852
f 5752 5852 5753
f 5753 5852 5853
f 5753 5853 5754
f 5754 5853 5854
f 5754 5854 5755
f 5755 5854 5855
f 5755 5855 5756
f 5756 5855 5856
f 5756 5856 5757
f 5757 5856 5857
f 5757 5857 5758
f 5758 5857 5858
f 5758 5858 5759
f 5759 5858 5859
f 5759 5859 5760
f 5760 5859 5860
f 5760 5860 5761
f 5761 5860 5861
f 5761 5861 5762
f 5762 5861 5862
f 5762 5862 5763
f 5763 5862 5863
f 5763 5863 5764
f 5764 5863 5864
f 5764 5864 5765
f 5765 5864 5865
f 5765 5865 5766
f 5766 5865 5866
f 5766 5866 5767
f 5767 5866 5867
f 5767 5867 5768
f 5768 5867 5868
f 5768 5868 5769
f 5769 5868 5869
f 5769 5869 5770
f 5770 5869 5870
f 5770 5870 5771
f 5771 5870 5871
f 5771 5871 5772
f 5772 5871 5872
f 5772 5872 5773
f 5773 5872 5873
f 5773 5873 5774
f 5774 5873 5874
f 5774 5874 5775
f 5775 5874 5875
f 5775 5875 5776
f 5776 5875 5876
f 5776 5876 5777
f 5777 5876 5877
f 5777 5877 5778
f 5778 5877 5878
f 5778 5878 5779
f 5779 5878 5879
f 5779 5879 5780
f 5780 5879 5880
f 5780 5880 5781
f 5781 5880 5881
f 5781 5881 5782
f 5782 5881 5882
f 5782 5882 5783
f 5783 5882 5883
f 5783 5883 5784
f 5784 5883 5884
f 5784 5884 5785
f 5785 5884 5885
f 5785 5885 5786
f 5786 5885 5886
f 5786 5886 5787
f 5787 5886 5887
f 5787 5887 5788
f 5788 5887 5888
f 5788 5888 5789
f 5789 5888 5889
f 5789 5889 5790
f 5790 5889 5890
f 5790 5890 5791
f 5791 5890 5891
f 5791 5891 5792
f 5792 5891 5892
f 5792 5892 5793
f 5793 5892 5893
f 5793 5893 5794
f 5794 5893 5894
f 5794 5894 5795
f 5795 5894 5895
f 5795 5895 5796
f 5796 5895 5896
f 5796 5896 5797
f 5797 5896 5897
f 5797 5897 5798
f 5798 5897 5898
f 5798 5898 5799
f 5799 5898 5899
f 5799 5899 5800
f 5800 5899 5900
f 5801 5901 5802
f 5802 5901 5902
f 5802 5902 5803
f 5803 5902 5903
f 5803 5903 5804
f 5804 5903 5904
f 5804 5904 5805
f 5805 5904 5905
f 5805 5905 5806
f 5806 5905 5906
f 5806 5906 5807
f 5807 5906 5907
f 5807 5907 5808
f 5808 5907 5908
f 5808 5908 5809
f 5809 5908 5909
f 5809 5909 5810
f 5810 5909 5910
f 5810 5910 5811
f 5811 5910 5911
f 5811 5911 5812
f 5812 5911 5912
f 5812 5912 5813
f 5813 5912 5913
f 5813 5913 5814
f 5814 5913 5914
f 5814 5914 5815
f 5815 5914 5915
f 5815 5915 5816
f 5816 5915 5916
f 5816 5916 5817
f 5817 5916 5917
f 5817 5917 5818
f 5818 5917 5918
f 5818 5918 5819
f 5819 5918 5919
f 5819 5919 5820
f 5820 5919 5920
f 5820 5920 5821
f 5821 5920 5921
f 5821 5921 5822
f 5822 5921 5922
f 5822 5922 5823
f 5823 5922 5923
f 5823 5923 5824
f 5824 5923 5924
f 5824 5924 5825
f 5825 5924 5925
f 5825 5925 5826
f 5826 5925 5926
f 5826 5926 5827
f 5827 5926 5927
f 5827 5927 5828
f 5828 5927 5928
f 5828 5928 5829
f 5829 5928 5929
f 5829 5929 5830
f 5830 5929 5930
f 5830 5930 5831
f 5831 5930 5931
f 5831 5931 5832
f 5832 5931 5932
f 5832 5932 5833
f 5833 5932 5933
f 5833 5933 5834
f 5834 5933 5934
f 5834 5934 5835
f 5835 5934 5935
f 5835 5935 5836
f 5836 5935 5936
f 5836 5936 5837
f 5837 5936 5937
f 5837 5937 5838
f 5838 5937 5938
f 5838 5938 5839
f 5839 5938 5939
f 5839 5939 5840
f 5840 5939 5940
f 5840 5940 5841
f 5841 5940 5941
f 5841 5941 5842
f 5842 5941 5942
f 5842 5942 5843
f 5843 5942 5943
f 5843 5943 5844
f 5844 5943 5944
f 5844 5944 5845
f 5845 5944 5945
f 5845 5945 5846
f 5846 5945 5946
f 5846 5946 5847
f 5847 5946 5947
f 5847 5947 5848
f 5848 5947 5948
f 5848 5948 5849
f 5849 5948 5949
f 5849 5949 5850
f 5850 5949 5950
f 5850 5950 5851
f 5851 5950 5951
f 5851 5951 5852
f 5852 5951 5952
f 5852 5952 5853
f 5853 5952 5953
f 5853 5953 5854
f 5854 5953 5954
f 5854 5954 5855
f 5855 5954 5955
f 5855 5955 5856
f 5856 5955 5956
f 5856 5956 5857
f 5857 5956 5957
f 5857 5957 5858
f 5858 5957 5958
f 5858 5958 5859
f 5859 5958 5959
f 5859 5959 5860
f 5860 5959 5960
f 5860 5960 5861
f 5861 5960 5961
f 5861 5961 5862
f 5862 5961 5962
f 5862 5962 5863
f 5863 5962 5963
f 5863 5963 5864
f 5864 5963 5964
f 5864 5964 5865
f 5865 5964 5965
f 5865 5965 5866
f 5866 5965 5966
f 5866 5966 5867
f 5867 5966 5967
f 5867 5967 5868
f 5868 5967 5968
f 5868 5968 5869
f 5869 5968 5969
f 5869 5969 5870
f 5870 5969 5970
f 5870 5970 5871
f 5871 5970 5971
f 5871 5971 5872
f 5872 5971 5972
f 5872 5972 5873
f 5873 5972 5973
f 5873 5973 5874
f 5874 5973 5974
f 5874 5974 5875
f 5875 5974 5975
f 5875 5975 5876
f 5876 5975 5976
f 5876 5976 5877
f 5877 5976 5977
f 5877 5977 5878
f 5878 5977 5978
f 5878 5978 5879
f 5879 5978 5979
f 5879 5979 5880
f 5880 5979 5980
f 5880 5980 5881
f 5881 5980 5981
f 5881 5981 5882
f 5882 5981 5982
f 5882 5982 5883
f 5883 5982 5983
f 5883 5983 5884
f 5884 5983 5984
f 5884 5984 5885
f 5885 5984 5985
f 5885 5985 5886
f 5886 5985 5986
f 5886 5986 5887
f 5887 5986 5987
f 5887 5987 5888
f 5888 5987 5988
f 5888 5988 5889
f 5889 5988 5989
f 5889 5989 5890
f 5890 5989 5990
f 5890 5990 5891
f 5891 5990 5991
f 5891 5991 5892
f 5892 5991 5992
f 5892 5992 5893
f 5893 5992 5993
f 5893 5993 5894
f 5894 5993 5994
f 5894 5994 5895
f 5895 5994 5995
f 5895 5995 5896
f 5896 5995 5996
f 5896 5996 5897
f 5897 5996 5997
f 5897 5997 5898
f 5898 5997 5998
f 5898 5998 5899
f 5899 5998 5999
f 5899 5999 5900
f 5900 5999 6000
f 5901 6001 5902
f 5902 6001 6002
f 5902 6002 5903
f 5903 6002 6003
f 5903 6003 5904
f 5904 6003 6004
f 5904 6004 5905
f 5905 6004 6005
f 5905 6005 5906
f 5906 6005 6006
f 5906 6006 5907
f 5907 6006 6007
f 5907 6007 5908
f 5908 6007 6008
f 5908 6008 5909
f 5909 6008 6009
f 5909 6009 5910
f 5910 6009 6010
f 5910 6010 5911
f 5911 6010 6011
f 5911 6011 5912
f 5912 6011 6012
f 5912 6012 5913
f 5913 6012 6013
f 5913 6013 5914
f 5914 6013 6014
f 5914 6014 5915
f 5915 6014 6015
f 5915 6015 5916
f 5916 6015 6016
f 5916 6016 5917
f 5917 6016 6017
f 5917 6017 5918
f 5918 6017 6018
f 5918 6018 5919
f 5919 6018 6019
f 5919 6019 5920
f 5920 6019 6020
f 5920 6020 5921
f 5921 6020 6021
f 5921 6021 5922
f 5922 6021 6022
f 5922 6022 5923
f 5923 6022 6023
f 5923 6023 5924
f 5924 6023 6024
f 5924 6024 5925
f 5925 6024 6025
f 5925 6025 5926
f 5926 6025 6026
f 5926 6026 5927
f 5927 6026 6027
f 5927 6027 5928
f 5928 6027 6028
f 5928 6028 5929
f 5929 6028 6029
f 5929 6029 5930
f 5930 6029 6030
f 5930 6030 5931
f 5931 6030 6031
f 5931 6031 5932
f 5932 6031 6032
f 5932 6032 5933
f 5933 6032 6033
f 5933 6033 5934
f 5934 6033 6034
f 5934 6034 5935
f 5935 6034 6035
f 5935 6035 5936
f 5936 6035 6036
f 5936 6036 5937
f 5937 6036 6037
f 5937 6037 5938
f 5938 6037 6038
f 5938 6038 5939
f 5939 6038 6039
f 5939 6039 5940
f 5940 6039 6040
f 5940 6040 5941
f 5941 6040 6041
f 5941 6041 5942
f 5942 6041 6042
f 5942 6042 5943
f 5943 6042 6043
f 5943 6043 5944
f 5944 6043 6044
f 5944 6044 5945
f 5945 6044 6045
f 5945 6045 5946
f 5946 6045 6046
f 5946 6046 5947
f 5947 6046 6047
f 5947 6047 5948
f 5948 6047 6048
f 5948 6048 5949
f 5949 6048 6049
f 5949 6049 5950
f 5950 6049 6050
f 5950 6050 5951
f 5951 6050 6051
f 5951 6051 5952
f 5952 6051 6052
f 5952 6052 5953
f 5953 6052 6053
f 5953 6053 5954
f 5954 6053 6054
f 5954 6054 5955
f 5955 6054 6055
f 5955 6055 5956
f 5956 6055 6056
f 5956 6056 5957
f 5957 6056 6057
f 5957 6057 5958
f 5958 6057 6058
f 5958 6058 5959
f 5959 6058 6059
f 5959 6059 5960
f 5960 6059 6060
f 5960 6060 5961
f 5961 6060 6061
f 5961 6061 5962
f 5962 6061 6062
f 5962 6062 5963
f 5963 6062 6063
f 5963 6063 5964
f 5964 6063 6064
f 5964 6064 5965
f 5965 6064 6065
f 5965 6065 5966
f 5966 6065 6066
f 5966 6066 5967
f 5967 6066 6067
f 5967 6067 5968
f 5968 6067 6068
f 5968 6068 5969
f 5969 6068 6069
f 5969 6069 5970
f 5970 6069 6070
f 5970 6070 5971
f 5971 6070 6071
f 5971 6071 5972
f 5972 6071 6072
f 5972 6072 5973
f 5973 6072 6073
f 5973 6073 5974
f 5974 6073 6074
f 5974 6074 5975
f 5975 6074 6075
f 5975 6075 5976
f 5976 6075 6076
f 5976 6076 5977
f 5977 6076 6077
f 5977 6077 5978
f 5978 6077 6078
f 5978 6078 5979
f 5979 6078 6079
f 5979 6079 5980
f 5980 6079 6080
f 5980 6080 5981
f 5981 6080 6081
f 5981 6081 5982
f 5982 6081 6082
f 5982 6082 5983
f 5983 6082 6083
f 5983 6083 5984
f 5984 6083 6084
f 5984 6084 5985
f 5985 6084 6085
f 5985 6085 5986
f 5986 6085 6086
f 5986 6086 5987
f 5987 6086 6087
f 5987 6087 5988
f 5988 6087 6088
f 5988 6088 5989
f 5989 6088 6089
f 5989 6089 5990
f 5990 6089 6090
f 5990 6090 5991
f 5991 6090 6091
f 5991 6091 5992
f 5992 6091 6092
f 5992 6092 5993
f 5993 6092 6093
f 5993 6093 5994
f 5994 6093 6094
f 5994 6094 5995
f 5995 6094 6095
f 5995 6095 5996
f 5996 6095 6096
f 5996 6096 5997
f 5997 6096 6097
f 5997 6097 5998
f 5998 6097 6098
f 5998 6098 5999
f 5999 6098 6099
f 5999 6099 6000
f 6000 6099 6100
f 6001 6101 6002
f 6002 6101 6102
f 6002 6102 6003
f 6003 6102 6103
f 6003 6103 6004
f 6004 6103 6104
f 6004 6104 6005
f 6005 6104 6105
f 6005 6105 6006
f 6006 6105 6106
f 6006 6106 6007
f 6007 6106 6107
f 6007 6107 6008
f 6008 6107 6108
f 6008 6108 6009
f 6009 6108 6109
f 6009 6109 6010
f 6010 6109 6110
f 6010 6110 6011
f 6011 6110 6111
f 6011 6111 6012
f 6012 6111 6112
f 6012 6112 6013
f 6013 6112 6113
f 6013 6113 6014
f 6014 6113 6114
f 6014 6114 6015
f 6015 6114 6115
f 6015 6115 6016
f 6016 6115 6116
f 6016 6116 6017
f 6017 6116 6117
f 6017 6117 6018
f 6018 6117 6118
f 6018 6118 6019
f 6019 6118 6119
f 6019 6119 6020
f 6020 6119 6120
f 6020 6120 6021
f 6021 6120 6121
f 6021 6121 6022
f 6022 6121 6122
f 6022 6122 6023
f 6023 6122 6123
f 6023 6123 6024
f 6024 6123 6124
f 6024 6124 6025
f 6025 6124 6125
f 6025 6125 6026
f 6026 6125 6126
f 6026 6126 6027
f 6027 6126 6127
f 6027 6127 6028
f 6028 6127 6128
f 6028 6128 6029
f 6029 6128 6129
f 6029 6129 6030
f 6030 6129 6130
f 6030 6130 6031
f 6031 6130 6131
f 6031 6131 6032
f 6032 6131 6132
f 6032 6132 6033
f 6033 6132 6133
f 6033 6133 6034
f 6034 6133 6134
f 6034 6134 6035
f 6035 6134 6135
f 6035 6135 6036
f 6036 6135 6136
f 6036 6136 6037
f 6037 6136 6137
f 6037 6137 6038
f 6038 6137 6138
f 6038 6138 6039
f 6039 6138 6139
f 6039 6139 6040
f 6040 6139 6140
f 6040 6140 6041
f 6041 6140 6141
f 6041 6141 6042
f 6042 6141 6142
f 6042 6142 6043
f 6043 6142 6143
f 6043 6143 6044
f 6044 6143 6144
f 6044 6144 6045
f 6045 6144 6145
f 6045 6145 6046
f 6046 6145 6146
f 6046 6146 6047
f 6047 6146 6147
f 6047 6147 6048
f 6048 6147 6148
f 6048 6148 6049
f 6049 6148 6149
f 6049 6149 6050
f 6050 6149 6150
f 6050 6150 6051
f 6051 6150 6151
f 6051 6151 6052
f 6052 6151 6152
f 6052 6152 6053
f 6053 6152 6153
f 6053 6153 6054
f 6054 6153 6154
f 6054 6154 6055
f 6055 6154 6155
f 6055 6155 6056
f 6056 6155 6156
f 6056 6156 6057
f 6057 6156 6157
f 6057 6157 6058
f 6058 6157 6158
f 6058 6158 6059
f 6059 6158 6159
f 6059 6159 6060
f 6060 6159 6160
f 6060 6160 6061
f 6061 6160 6161
f 6061 6161 6062
f 6062 6161 6162
f 6062 6162 6063
f 6063 6162 6163
f 6063 6163 6064
f 6064 6163 6164
f 6064 6164 6065
f 6065 6164 6165
f 6065 6165 6066
f 6066 6165 6166
f 6066 6166 6067
f 6067 6166 6167
f 6067 6167 6068
f 6068 6167 6168
f 6068 6168 6069
f 6069 6168 6169
f 6069 6169 6070
f 6070 6169 6170
f 6070 6170 6071
f 6071 6170 6171
f 6071 6171 6072
f 6072 6171 6172
f 6072 6172 6073
f 6073 6172 6173
f 6073 6173 6074
f 6074 6173 6174
f 6074 6174 6075
f 6075 6174 6175
f 6075 6175 6076
f 6076 6175 6176
f 6076 6176 6077
f 6077 6176 6177
f 6077 6177 6078
f 6078 6177 6178
f 6078 6178 6079
f 6079 6178 6179
f 6079 6179 6080
f 6080 6179 6180
f 6080 6180 6081
f 6081 6180 6181
f 6081 6181 6082
f 6082 6181 6182
f 6082 6182 6083
f 6083 6182 6183
f 6083 6183 6084
f 6084 6183 6184
f 6084 6184 6085
f 6085 6184 6185
f 6085 6185 6086
f 6086 6185 6186
f 6086 6186 6087
f 6087 6186 6187
f 6087 6187 6088
f 6088 6187 6188
f 6088 6188 6089
f 6089 6188 6189
f 6089 6189 6090
f 6090 6189 6190
f 6090 6190 6091
f 6091 6190 6191
f 6091 6191 6092
f 6092 6191 6192
f 6092 6192 6093
f 6093 6192 6193
f 6093 6193 6094
f 6094 6193 6194
f 6094 6194 6095
f 6095 6194 6195
f 6095 6195 6096
f 6096 6195 6196
f 6096 6196 6097
f 6097 6196 6197
f 6097 6197 6098
f 6098 6197 6198
f 6098 6198 6099
f 6099 6198 6199
f 6099 6199 6100
f 6100 6199 6200
f 6101 6201 6102
f 6102 6201 6202
f 6102 6202 6103
f 6103 6202 6203
f 6103 6203 6104
f 6104 6203 6204
f 6104 6204 6105
f 6105 6204 6205
f 6105 6205 6106
f 6106 6205 6206
f 6106 6206 6107
f 6107 6206 6207
f 6107 6207 6108
f 6108 6207 6208
f 6108 6208 6109
f 6109 6208 6209
f 6109 6209 6110
f 6110 6209 6210
f 6110 6210 6111
f 6111 6210 6211
f 6111 6211 6112
f 6112 6211 6212
f 6112 6212 6113
f 6113 6212 6213
f 6113 6213 6114
f 6114 6213 6214
f 6114 6214 6115
f 6115 6214 6215
f 6115 6215 6116
f 6116 6215 6216
f 6116 6216 6117
f 6117 6216 6217
f 6117 6217 6118
f 6118 6217 6218
f 6118 6218 6119
f 6119 6218 6219
f 6119 6219 6120
f 6120 6219 6220
f 6120 6220 6121
f 6121 6220 6221
f 6121 6221 6122
f 6122 6221 6222
f 6122 6222 6123
f 6123 6222 6223
f 6123 6223 6124
f 6124 6223 6224
f 6124 6224 6125
f 6125 6224 6225
f 6125 6225 6126
f 6126 6225 6226
f 6126 6226 6127
f 6127 6226 6227
f 6127 6227 6128
f 6128 6227 6228
f 6128 6228 6129
f 6129 6228 6229
f 6129 6229 6130
f 6130 6229 6230
f 6130 6230 6131
f 6131 6230 6231
f 6131 6231 6132
f 6132 6231 6232
f 6132 6232 6133
f 6133 6232 6233
f 6133 6233 6134
f 6134 6233 6234
f 6134 6234 6135
f 6135 6234 6235
f 6135 6235 6136
f 6136 6235 6236
f 6136 6236 6137
f 6137 6236 6237
f 6137 6237 6138
f 6138 6237 6238
f 6138 6238 6139
f 6139 6238 6239
f 6139 6239 6140
f 6140 6239 6240
f 6140 6240 6141
f 6141 6240 6241
f 6141 6241 6142
f 6142 6241 6242
f 6142 6242 6143
f 6143 6242 6243
f 6143 6243 6144
f 6144 6243 6244
f 6144 6244 6145
f 6145 6244 6245
f 6145 6245 6146
f 6146 6245 6246
f 6146 6246 6147
f 6147 6246 6247
f 6147 6247 6148
f 6148 6247 6248
f 6148 6248 6149
f 6149 6248 6249
f 6149 6249 6150
f 6150 6249 6250
f 6150 6250 6151
f 6151 6250 6251
f 6151 6251 6152
f 6152 6251 6252
f 6152 6252 6153
f 6153 6252 6253
f 6153 6253 6154
f 6154 6253 6254
f 6154 6254 6155
f 6155 6254 6255
f 6155 6255 6156
f 6156 6255 6256
f 6156 6256 6157
f 6157 6256 6257
f 6157 6257 6158
f 6158 6257 6258
f 6158 6258 6159
f 6159 6258 6259
f 6159 6259 6160
f 6160 6259 6260
f 6160 6260 6161
f 6161 6260 6261
f 6161 6261 6162
f 6162 6261 6262
f 6162 6262 6163
f 6163 6262 6263
f 6163 6263 6164
f 6164 6263 6264
f 6164 6264 6165
f 6165 6264 6265
f 6165 6265 6166
f 6166 6265 6266
f 6166 6266 6167
f 6167 6266 6267
f 6167 6267 6168
f 6168 6267 6268
f 6168 6268 6169
f 6169 6268 6269
f 6169 6269 6170
f 6170 6269 6270
f 6170 6270 6171
f 6171 6270 6271
f 6171 6271 6172
f 6172 6271 6272
f 6172 6272 6173
f 6173 6272 6273
f 6173 6273 6174
f 6174 6273 6274
f 6174 6274 6175
f 6175 6274 6275
f 6175 6275 6176
f 6176 6275 6276
f 6176 6276 6177
f 6177 6276 6277
f 6177 6277 6178
f 6178 6277 6278
f 6178 6278 6179
f 6179 6278 6279
f 6179 6279 6180
f 6180 6279 6280
f 6180 6280 6181
f 6181 6280 6281
f 6181 6281 6182
f 6182 6281 6282
f 6182 6282 6183
f 6183 6282 6283
f 6183 6283 6184
f 6184 6283 6284
f 6184 6284 6185
f 6185 6284 6285
f 6185 6285 6186
f 6186 6285 6286
f 6186 6286 6187
f 6187 6286 6287
f 6187 6287 6188
f 6188 6287 6288
f 6188 6288 6189
f 6189 6288 6289
f 6189 6289 6190
f 6190 6289 6290
f 6190 6290 6191
f 6191 6290 6291
f 6191 6291 6192
f 6192 6291 6292
f 6192 6292 6193
f 6193 6292 6293
f 6193 6293 6194
f 6194 6293 6294
f 6194 6294 6195
f 6195 6294 6295
f 6195 6295 6196
f 6196 6295 6296
f 6196 6296 6197
f 6197 6296 6297
f 6197 6297 6198
f 6198 6297 6298
f 6198 6298 6199
f 6199 6298 6299
f 6199 6299 6200
f 6200 6299 6300
f 6201 6301 6202
f 6202 6301 6302
f 6202 6302 6203
f 6203 6302 6303
f 6203 6303 6204
f 6204 6303 6304
f 6204 6304 6205
f 6205 6304 6305
f 6205 6305 6206
f 6206 6305 6306
f 6206 6306 6207
f 6207 6306 6307
f 6207 6307 6208
f 6208 6307 6308
f 6208 6308 6209
f 6209 6308 6309
f 6209 6309 6210
f 6210 6309 6310
f 6210 6310 6211
f 6211 6310 6311
f 6211 6311 6212
f 6212 6311 6312
f 6212 6312 6213
f 6213 6312 6313
f 6213 6313 6214
f 6214 6313 6314
f 6214 6314 6215
f 6215 6314 6315
f 6215 6315 6216
f 6216 6315 6316
f 6216 6316 6217
f 6217 6316 6317
f 6217 6317 6218
f 6218 6317 6318
f 6218 6318 6219
f 6219 6318 6319
f 6219 6319 6220
f 6220 6319 6320
f 6220 6320 6221
f 6221 6320 6321
f 6221 6321 6222
f 6222 6321 6322
f 6222 6322 6223
f 6223 6322 6323
f 6223 6323 6224
f 6224 6323 6324
f 6224 6324 6225
f 6225 6324 6325
f 6225 6325 6226
f 6226 6325 6326
f 6226 6326 6227
f 6227 6326 6327
f 6227 6327 6228
f 6228 6327 6328
f 6228 6328 6229
f 6229 6328 6329
f 6229 6329 6230
f 6230 6329 6330
f 6230 6330 6231
f 6231 6330 6331
f 6231 6331 6232
f 6232 6331 6332
f 6232 6332 6233
f 6233 6332 6333
f 6233 6333 6234
f 6234 6333 6334
f 6234 6334 6235
f 6235 6334 6335
f 6235 6335 6236
f 6236 6335 6336
f 6236 6336 6237
f 6237 6336 6337
f 6237 6337 6238
f 6238 6337 6338
f 6238 6338 6239
f 6239 6338 6339
f 6239 6339 6240
f 6240 6339 6340
f 6240 6340 6241
f 6241 6340 6341
f 6241 6341 6242
f 6242 6341 6342
f 6242 6342 6243
f 6243 6342 6343
f 6243 6343 6244
f 6244 6343 6344
f 6244 6344 6245
f 6245 6344 6345
f 6245 6345 6246
f 6246 6345 6346
f 6246 6346 6247
f 6247 6346 6347
f 6247 6347 6248
f 6248 6347 6348
f 6248 6348 6249
f 6249 6348 6349
f 6249 6349 6250
f 6250 6349 6350
f 6250 6350 6251
f 6251 6350 6351
f 6251 6351 6252
f 6252 6351 6352
f 6252 6352 6253
f 6253 6352 6353
f 6253 6353 6254
f 6254 6353 6354
f 6254 6354 6255
f 6255 6354 6355
f 6255 6355 6256
f 6256 6355 6356
f 6256 6356 6257
f 6257 6356 6357
f 6257 6357 6258
f 6258 6357 6358
f 6258 6358 6259
f 6259 6358 6359
f 6259 6359 6260
f 6260 6359 6360
f 6260 6360 6261
f 6261 6360 6361
f 6261 6361 6262
f 6262 6361 6362
f 6262 6362 6263
f 6263 6362 6363
f 6263 6363 6264
f 6264 6363 6364
f 6264 6364 6265
f 6265 6364 6365
f 6265 6365 6266
f 6266 6365 6366
f 6266 6366 6267
f 6267 6366 6367
f 6267 6367 6268
f 6268 6367 6368
f 6268 6368 6269
f 6269 6368 6369
f 6269 6369 6270
f 6270 6369 6370
f 6270 6370 6271
f 6271 6370 6371
f 6271 6371 6272
f 6272 6371 6372
f 6272 6372 6273
f 6273 6372 6373
f 6273 6373 6274
f 6274 6373 6374
f 6274 6374 6275
f 6275 6374 6375
f 6275 6375 6276
f 6276 6375 6376
f 6276 6376 6277
f 6277 6376 6377
f 6277 6377 6278
f 6278 6377 6378
f 6278 6378 6279
f 6279 6378 6379
f 6279 6379 6280
f 6280 6379 6380
f 6280 6380 6281
f 6281 6380 6381
f 6281 6381 6282
f 6282 6381 6382
f 6282 6382 6283
f 6283 6382 6383
f 6283 6383 6284
f 6284 6383 6384
f 6284 6384 6285
f 6285 6384 6385
f 6285 6385 6286
f 6286 6385 6386
f 6286 6386 6287
f 6287 6386 6387
f 6287 6387 6288
f 6288 6387 6388
f 6288 6388 6289
f 6289 6388 6389
f 6289 6389 6290
f 6290 6389 6390
f 6290 6390 6291
f 6291 6390 6391
f 6291 6391 6292
f 6292 6391 6392
f 6292 6392 6293
f 6293 6392 6393
f 6293 6393 6294
f 6294 6393 6394
f 6294 6394 6295
f 6295 6394 6395
f 6295 6395 6296
f 6296 6395 6396
f 6296 6396 6297
f 6297 6396 6397
f 6297 6397 6298
f 6298 6397 6398
f 6298 6398 6299
f 6299 6398 6399
f 6299 6399 6300
f 6300 6399 6400
f 6301 6401 6302
f 6302 6401 6402
f 6302 6402 6303
f 6303 6402 6403
f 6303 6403 6304
f 6304 6403 6404
f 6304 6404 6305
f 6305 6404 6405
f 6305 6405 6306
f 6306 6405 6406
f 6306 6406 6307
f 6307 6406 6407
f 6307 6407 6308
f 6308 6407 6408
f 6308 6408 6309
f 6309 6408 6409
f 6309 6409 6310
f 6310 6409 6410
f 6310 6410 6311
f 6311 6410 6411
f 6311 6411 6312
f 6312 6411 6412
f 6312 6412 6313
f 6313 6412 6413
f 6313 6413 6314
f 6314 6413 6414
f 6314 6414 6315
f 6315 6414 6415
f 6315 6415 6316
f 6316 6415 6416
f 6316 6416 6317
f 6317 6416 6417
f 6317 6417 6318
f 6318 6417 6418
f 6318 6418 6319
f 6319 6418 6419
f 6319 6419 6320
f 6320 6419 6420
f 6320 6420 6321
f 6321 6420 6421
f 6321 6421 6322
f 6322 6421 6422
f 6322 6422 6323
f 6323 6422 6423
f 6323 6423 6324
f 6324 6423 6424
f 6324 6424 6325
f 6325 6424 6425
f 6325 6425 6326
f 6326 6425 6426
f 6326 6426 6327
f 6327 6426 6427
f 6327 6427 6328
f 6328 6427 6428
f 6328 6428 6329
f 6329 6428 6429
f 6329 6429 6330
f 6330 6429 6430
f 6330 6430 6331
f 6331 6430 6431
f 6331 6431 6332
f 6332 6431 6432
f 6332 6432 6333
f 6333 6432 6433
f 6333 6433 6334
f 6334 6433 6434
f 6334 6434 6335
f 6335 6434 6435
f 6335 6435 6336
f 6336 6435 6436
f 6336 6436 6337
f 6337 6436 6437
f 6337 6437 6338
f 6338 6437 6438
f 6338 6438 6339
f 6339 6438 6439
f 6339 6439 6340
f 6340 6439 6440
f 6340 6440 6341
f 6341 6440 6441
f 6341 6441 6342
f 6342 6441 6442
f 6342 6442 6343
f 6343 6442 6443
f 6343 6443 6344
f 6344 6443 6444
f 6344 6444 6345
f 6345 6444 6445
f 6345 6445 6346
f 6346 6445 6446
f 6346 6446 6347
f 6347 6446 6447
f 6347 6447 6348
f 6348 6447 6448
f 6348 6448 6349
f 6349 6448 6449
f 6349 6449 6350
f 6350 6449 6450
f 6350 6450 6351
f 6351 6450 6451
f 6351 6451 6352
f 6352 6451 6452
f 6352 6452 6353
f 6353 6452 6453
f 6353 6453 6354
f 6354 6453 6454
f 6354 6454 6355
f 6355 6454 6455
f 6355 6455 6356
f 6356 6455 6456
f 6356 6456 6357
f 6357 6456 6457
f 6357 6457 6358
f 6358 6457 6458
f 6358 6458 6359
f 6359 6458 6459
f 6359 6459 6360
f 6360 6459 6460
f 6360 6460 6361
f 6361 6460 6461
f 6361 6461 6362
f 6362 6461 6462
f 6362 6462 6363
f 6363 6462 6463
f 6363 6463 6364
f 6364 6463 6464
f 6364 6464 6365
f 6365 6464 6465
f 6365 6465 6366
f 6366 6465 6466
f 6366 6466 6367
f 6367 6466 6467
f 6367 6467 6368
f 6368 6467 6468
f 6368 6468 6369
f 6369 6468 6469
f 6369 6469 6370
f 6370 6469 6470
f 6370 6470 6371
f 6371 6470 6471
f 6371 6471 6372
f 6372 6471 6472
f 6372 6472 6373
f 6373 6472 6473
f 6373 6473 6374
f 6374 6473 6474
f 6374 6474 6375
f 6375 6474 6475
f 6375 6475 6376
f 6376 6475 6476
f 6376 6476 6377
f 6377 6476 6477
f 6377 6477 6378
f 6378 6477 6478
f 6378 6478 6379
f 6379 6478 6479
f 6379 6479 6380
f 6380 6479 6480
f 6380 6480 6381
f 6381 6480 6481
f 6381 6481 6382
f 6382 6481 6482
f 6382 6482 6383
f 6383 6482 6483
f 6383 6483 6384
f 6384 6483 6484
f 6384 6484 6385
f 6385 6484 6485
f 6385 6485 6386
f 6386 6485 6486
f 6386 6486 6387
f 6387 6486 6487
f 6387 6487 6388
f 6388 6487 6488
f 6388 6488 6389
f 6389 6488 6489
f 6389 6489 6390
f 6390 6489 6490
f 6390 6490 6391
f 6391 6490 6491
f 6391 6491 6392
f 6392 6491 6492
f 6392 6492 6393
f 6393 6492 6493
f 6393 6493 6394
f 6394 6493 6494
f 6394 6494 6395
f 6395 6494 6495
f 6395 6495 6396
f 6396 6495 6496
f 6396 6496 6397
f 6397 6496 6497
f 6397 6497 6398
f 6398 6497 6498
f 6398 6498 6399
f 6399 6498 6499
f 6399 6499 6400
f 6400 6499 6500
f 6401 6501 6402
f 6402 6501 6502
f 6402 6502 6403
f 6403 6502 6503
f 6403 6503 6404
f 6404 6503 6504
f 6404 6504 6405
f 6405 6504 6505
f 6405 6505 6406
f 6406 6505 6506
f 6406 6506 6407
f 6407 6506 6507
f 6407 6507 6408
f 6408 6507 6508
f 6408 6508 6409
f 6409 6508 6509
f 6409 6509 6410
f 6410 6509 6510
f 6410 6510 6411
f 6411 6510 6511
f 6411 6511 6412
f 6412 6511 6512
f 6412 6512 6413
f 6413 6512 6513
f 6413 6513 6414
f 6414 6513 6514
f 6414 6514 6415
f 6415 6514 6515
f 6415 6515 6416
f 6416 6515 6516
f 6416 6516 6417
f 6417 6516 6517
f 6417 6517 6418
f 6418 6517 6518
f 6418 6518 6419
f 6419 6518 6519
f 6419 6519 6420
f 6420 6519 6520
f 6420 6520 6421
f 6421 6520 6521
f 6421 6521 6422
f 6422 6521 6522
f 6422 6522 6423
f 6423 6522 6523
f 6423 6523 6424
f 6424 6523 6524
f 6424 6524 6425
f 6425 6524 6525
f 6425 6525 6426
f 6426 6525 6526
f 6426 6526 6427
f 6427 6526 6527
f 6427 6527 6428
f 6428 6527 6528
f 6428 6528 6429
f 6429 6528 6529
f 6429 6529 6430
f 6430 6529 6530
f 6430 6530 6431
f 6431 6530 6531
f 6431 6531 6432
f 6432 6531 6532
f 6432 6532 6433
f 6433 6532 6533
f 6433 6533 6434
f 6434 6533 6534
f 6434 6534 6435
f 6435 6534 6535
f 6435 6535 6436
f 6436 6535 6536
f 6436 6536 6437
f 6437 6536 6537
f 6437 6537 6438
f 6438 6537 6538
f 6438 6538 6439
f 6439 6538 6539
f 6439 6539 6440
f 6440 6539 6540
f 6440 6540 6441
f 6441 6540 6541
f 6441 6541 6442
f 6442 6541 6542
f 6442 6542 6443
f 6443 6542 6543
f 6443 6543 6444
f 6444 6543 6544
f 6444 6544 6445
f 6445 6544 6545
f 6445 6545 6446
f 6446 6545 6546
f 6446 6546 6447
f 6447 6546 6547
f 6447 6547 6448
f 6448 6547 6548
f 6448 6548 6449
f 6449 6548 6549
f 6449 6549 6450
f 6450 6549 6550
f 6450 6550 6451
f 6451 6550 6551
f 6451 6551 6452
f 6452 6551 6552
f 6452 6552 6453
f 6453 6552 6553
f 6453 6553 6454
f 6454 6553 6554
f 6454 6554 6455
f 6455 6554 6555
f 6455 6555 6456
f 6456 6555 6556
f 6456 6556 6457
f 6457 6556 6557
f 6457 6557 6458
f 6458 6557 6558
f 6458 6558 6459
f 6459 6558 6559
f 6459 6559 6460
f 6460 6559 6560
f 6460 6560 6461
f 6461 6560 6561
f 6461 6561 6462
f 6462 6561 6562
f 6462 6562 6463
f 6463 6562 6563
f 6463 6563 6464
f 6464 6563 6564
f 6464 6564 6465
f 6465 6564 6565
f 6465 6565 6466
f 6466 6565 6566
f 6466 6566 6467
f 6467 6566 6567
f 6467 6567 6468
f 6468 6567 6568
f 6468 6568 6469
f 6469 6568 6569
f 6469 6569 6470
f 6470 6569 6570
f 6470 6570 6471
f 6471 6570 6571
f 6471 6571 6472
f 6472 6571 6572
f 6472 6572 6473
f 6473 6572 6573
f 6473 6573 6474
f 6474 6573 6574
f 6474 6574 6475
f 6475 6574 6575
f 6475 6575 6476
f 6476 6575 6576
f 6476 6576 6477
f 6477 6576 6577
f 6477 6577 6478
f 6478 6577 6578
f 6478 6578 6479
f 6479 6578 6579
f 6479 6579 6480
f 6480 6579 6580
f 6480 6580 6481
f 6481 6580 6581
f 6481 6581 6482
f 6482 6581 6582
f 6482 6582 6483
f 6483 6582 6583
f 6483 6583 6484
f 6484 6583 6584
f 6484 6584 6485
f 6485 6584 6585
f 6485 6585 6486
f 6486 6585 6586
f 6486 6586 6487
f 6487 6586 6587
f 6487 6587 6488
f 6488 6587 6588
f 6488 6588 6489
f 6489 6588 6589
f 6489 6589 6490
f 6490 6589 6590
f 6490 6590 6491
f 6491 6590 6591
f 6491 6591 6492
f 6492 6591 6592
f 6492 6592 6493
f 6493 6592 6593
f 6493 6593 6494
f 6494 6593 6594
f 6494 6594 6495
f 6495 6594 6595
f 6495 6595 6496
f 6496 6595 6596
f 6496 6596 6497
f 6497 6596 6597
f 6497 6597 6498
f 6498 6597 6598
f 6498 6598 6499
f 6499 6598 6599
f 6499 6599 6500
f 6500 6599 6600
f 6501 6601 6502
f 6502 6601 6602
f 6502 6602 6503
f 6503 6602 6603
f 6503 6603 6504
f 6504 6603 6604
f 6504 6604 6505
f 6505 6604 6605
f 6505 6605 6506
f 6506 6605 6606
f 6506 6606 6507
f 6507 6606 6607
f 6507 6607 6508
f 6508 6607 6608
f 6508 6608 6509
f 6509 6608 6609
f 6509 6609 6510
f 6510 6609 6610
f 6510 6610 6511
f 6511 6610 6611
f 6511 6611 6512
f 6512 6611 6612
f 6512 6612 6513
f 6513 6612 6613
f 6513 6613 6514
f 6514 6613 6614
f 6514 6614 6515
f 6515 6614 6615
f 6515 6615 6516
f 6516 6615 6616
f 6516 6616 6517
f 6517 6616 6617
f 6517 6617 6518
f 6518 6617 6618
f 6518 6618 6519
f 6519 6618 6619
f 6519 6619 6520
f 6520 6619 6620
f 6520 6620 6521
f 6521 6620 6621
f 6521 6621 6522
f 6522 6621 6622
f 6522 6622 6523
f 6523 6622 6623
f 6523 6623 6524
f 6524 6623 6624
f 6524 6624 6525
f 6525 6624 6625
f 6525 6625 6526
f 6526 6625 6626
f 6526 6626 6527
f 6527 6626 6627
f 6527 6627 6528
f 6528 6627 6628
f 6528 6628 6529
f 6529 6628 6629
f 6529 6629 6530
f 6530 6629 6630
f 6530 6630 6531
f 6531 6630 6631
f 6531 6631 6532
f 6532 6631 6632
f 6532 6632 6533
f 6533 6632 6633
f 6533 6633 6534
f 6534 6633 6634
f 6534 6634 6535
f 6535 6634 6635
f 6535 6635 6536
f 6536 6635 6636
f 6536 6636 6537
f 6537 6636 6637
f 6537 6637 6538
f 6538 6637 6638
f 6538 6638 6539
f 6539 6638 6639
f 6539 6639 6540
f 6540 6639 6640
f 6540 6640 6541
f 6541 6640 6641
f 6541 6641 6542
f 6542 6641 6642
f 6542 6642 6543
f 6543 6642 6643
f 6543 6643 6544
f 6544 6643 6644
f 6544 6644 6545
f 6545 6644 6645
f 6545 6645 6546
f 6546 6645 6646
f 6546 6646 6547
f 6547 6646 6647
f 6547 6647 6548
f 6548 6647 6648
f 6548 6648 6549
f 6549 6648 6649
f 6549 6649 6550
f 6550 6649 6650
f 6550 6650 6551
f 6551 6650 6651
f 6551 6651 6552
f 6552 6651 6652
f 6552 6652 6553
f 6553 6652 6653
f 6553 6653 6554
f 6554 6653 6654
f 6554 6654 6555
f 6555 6654 6655
f 6555 6655 6556
f 6556 6655 6656
f 6556 6656 6557
f 6557 6656 6657
f 6557 6657 6558
f 6558 6657 6658
f 6558 6658 6559
f 6559 6658 6659
f 6559 6659 6560
f 6560 6659 6660
f 6560 6660 6561
f 6561 6660 6661
f 6561 6661 6562
f 6562 6661 6662
f 6562 6662 6563
f 6563 6662 6663
f 6563 6663 6564
f 6564 6663 6664
f 6564 6664 6565
f 6565 6664 6665
f 6565 6665 6566
f 6566 6665 6666
f 6566 6666 6567
f 6567 6666 6667
f 6567 6667 6568
f 6568 6667 6668
f 6568 6668 6569
f 6569 6668 6669
f 6569 6669 6570
f 6570 6669 6670
f 6570 6670 6571
f 6571 6670 6671
f 6571 6671 6572
f 6572 6671 6672
f 6572 6672 6573
f 6573 6672 6673
f 6573 6673 6574
f 6574 6673 6674
f 6574 6674 6575
f 6575 6674 6675
f 6575 6675 6576
f 6576 6675 6676
f 6576 6676 6577
f 6577 6676 6677
f 6577 6677 6578
f 6578 6677 6678
f 6578 6678 6579
f 6579 6678 6679
f 6579 6679 6580
f 6580 6679 6680
f 6580 6680 6581
f 6581 6680 6681
f 6581 6681 6582
f 6582 6681 6682
f 6582 6682 6583
f 6583 6682 6683
f 6583 6683 6584
f 6584 6683 6684
f 6584 6684 6585
f 6585 6684 6685
f 6585 6685 6586
f 6586 6685 6686
f 6586 6686 6587
f 6587 6686 6687
f 6587 6687 6588
f 6588 6687 6688
f 6588 6688 6589
f 6589 6688 6689
f 6589 6689 6590
f 6590 6689 6690
f 6590 6690 6591
f 6591 6690 6691
f 6591 6691 6592
f 6592 6691 6692
f 6592 6692 6593
f 6593 6692 6693
f 6593 6693 6594
f 6594 6693 6694
f 6594 6694 6595
f 6595 6694 6695
f 6595 6695 6596
f 6596 6695 6696
f 6596 6696 6597
f 6597 6696 6697
f 6597 6697 6598
f 6598 6697 6698
f 6598 6698 6599
f 6599 6698 6699
f 6599 6699 6600
f 6600 6699 6700
f 6601 6701 6602
f 6602 6701 6702
f 6602 6702 6603
f 6603 6702 6703
f 6603 6703 6604
f 6604 6703 6704
f 6604 6704 6605
f 6605 6704 6705
f 6605 6705 6606
f 6606 6705 6706
f 6606 6706 6607
f 6607 6706 6707
f 6607 6707 6608
f 6608 6707 6708
f 6608 6708 6609
f 6609 6708 6709
f 6609 6709 6610
f 6610 6709 6710
f 6610 6710 6611
f 6611 6710 6711
f 6611 6711 6612
f 6612 6711 6712
f 6612 6712 6613
f 6613 6712 6713
f 6613 6713 6614
f 6614 6713 6714
f 6614 6714 6615
f 6615 6714 6715
f 6615 6715 6616
f 6616 6715 6716
f 6616 6716 6617
f 6617 6716 6717
f 6617 6717 6618
f 6618 6717 6718
f 6618 6718 6619
f 6619 6718 6719
f 6619 6719 6620
f 6620 6719 6720
f 6620 6720 6621
f 6621 6720 6721
f 6621 6721 6622
f 6622 6721 6722
f 6622 6722 6623
f 6623 6722 6723
f 6623 6723 6624
f 6624 6723 6724
f 6624 6724 6625
f 6625 6724 6725
f 6625 6725 6626
f 6626 6725 6726
f 6626 6726 6627
f 6627 6726 6727
f 6627 6727 6628
f 6628 6727 6728
f 6628 6728 6629
f 6629 6728 6729
f 6629 6729 6630
f 6630 6729 6730
f 6630 6730 6631
f 6631 6730 6731
f 6631 6731 6632
f 6632 6731 6732
f 6632 6732 6633
f 6633 6732 6733
f 6633 6733 6634
f 6634 6733 6734
f 6634 6734 6635
f 6635 6734 6735
f 6635 6735 6636
f 6636 6735 6736
f 6636 6736 6637
f 6637 6736 6737
f 6637 6737 6638
f 6638 6737 6738
f 6638 6738 6639
f 6639 6738 6739
f 6639 6739 6640
f 6640 6739 6740
f 6640 6740 6641
f 6641 6740 6741
f 6641 6741 6642
f 6642 6741 6742
f 6642 6742 6643
f 6643 6742 6743
f 6643 6743 6644
f 6644 6743 6744
f 6644 6744 6645
f 6645 6744 6745
f 6645 6745 6646
f 6646 6745 6746
f 6646 6746 6647
f 6647 6746 6747
f 6647 6747 6648
f 6648 6747 6748
f 6648 6748 6649
f 6649 6748 6749
f 6649 6749 6650
f 6650 6749 6750
f 6650 6750 6651
f 6651 6750 6751
f 6651 6751 6652
f 6652 6751 6752
f 6652 6752 6653
f 6653 6752 6753
f 6653 6753 6654
f 6654 6753 6754
f 6654 6754 6655
f 6655 6754 6755
f 6655 6755 6656
f 6656 6755 6756
f 6656 6756 6657
f 6657 6756 6757
f 6657 6757 6658
f 6658 6757 6758
f 6658 6758 6659
f 6659 6758 6759
f 6659 6759 6660
f 6660 6759 6760
f 6660 6760 6661
f 6661 6760 6761
f 6661 6761 6662
f 6662 6761 6762
f 6662 6762 6663
f 6663 6762 6763
f 6663 6763 6664
f 6664 6763 6764
f 6664 6764 6665
f 6665 6764 6765
f 6665 6765 6666
f 6666 6765 6766
f 6666 6766 6667
f 6667 6766 6767
f 6667 6767 6668
f 6668 6767 6768
f 6668 6768 6669
f 6669 6768 6769
f 6669 6769 6670
f 6670 6769 6770
f 6670 6770 6671
f 6671 6770 6771
f 6671 6771 6672
f 6672 6771 6772
f 6672 6772 6673
f 6673 6772 6773
f 6673 6773 6674
f 6674 6773 6774
f 6674 6774 6675
f 6675 6774 6775
f 6675 6775 6676
f 6676 6775 6776
f 6676 6776 6677
f 6677 6776 6777
f 6677 6777 6678
f 6678 6777 6778
f 6678 6778 6679
f 6679 6778 6779
f 6679 6779 6680
f 6680 6779 6780
f 6680 6780 6681
f 6681 6780 6781
f 6681 6781 6682
f 6682 6781 6782
f 6682 6782 6683
f 6683 6782 6783
f 6683 6783 6684
f 6684 6783 6784
f 6684 6784 6685
f 6685 6784 6785
f 6685 6785 6686
f 6686 6785 6786
f 6686 6786 6687
f 6687 6786 6787
f 6687 6787 6688
f 6688 6787 6788
f 6688 6788 6689
f 6689 6788 6789
f 6689 6789 6690
f 6690 6789 6790
f 6690 6790 6691
f 6691 6790 6791
f 6691 6791 6692
f 6692 6791 6792
f 6692 6792 6693
f 6693 6792 6793
f 6693 6793 6694
f 6694 6793 6794
f 6694 6794 6695
f 6695 6794 6795
f 6695 6795 6696
f 6696 6795 6796
f 6696 6796 6697
f 6697 6796 6797
f 6697 6797 6698
f 6698 6797 6798
f 6698 6798 6699
f 6699 6798 6799
f 6699 6799 6700
f 6700 6799 6800
f 6701 6801 6702
f 6702 6801 6802
f 6702 6802 6703
f 6703 6802 6803
f 6703 6803 6704
f 6704 6803 6804
f 6704 6804 6705
f 6705 6804 6805
f 6705 6805 6706
f 6706 6805 6806
f 6706 6806 6707
f 6707 6806 6807
f 6707 6807 6708
f 6708 6807 6808
f 6708 6808 6709
f 6709 6808 6809
f 6709 6809 6710
f 6710 6809 6810
f 6710 6810 6711
f 6711 6810 6811
f 6711 6811 6712
f 6712 6811 6812
f 6712 6812 6713
f 6713 6812 6813
f 6713 6813 6714
f 6714 6813 6814
f 6714 6814 6715
f 6715 6814 6815
f 6715 6815 6716
f 6716 6815 6816
f 6716 6816 6717
f 6717 6816 6817
f 6717 6817 6718
f 6718 6817 6818
f 6718 6818 6719
f 6719 6818 6819
f 6719 6819 6720
f 6720 6819 6820
f 6720 6820 6721
f 6721 6820 6821
f 6721 6821 6722
f 6722 6821 6822
f 6722 6822 6723
f 6723 6822 6823
f 6723 6823 6724
f 6724 6823 6824
f 6724 6824 6725
f 6725 6824 6825
f 6725 6825 6726
f 6726 6825 6826
f 6726 6826 6727
f 6727 6826 6827
f 6727 6827 6728
f 6728 6827 6828
f 6728 6828 6729
f 6729 6828 6829
f 6729 6829 6730
f 6730 6829 6830
f 6730 6830 6731
f 6731 6830 6831
f 6731 6831 6732
f 6732 6831 6832
f 6732 6832 6733
f 6733 6832 6833
f 6733 6833 6734
f 6734 6833 6834
f 6734 6834 6735
f 6735 6834 6835
f 6735 6835 6736
f 6736 6835 6836
f 6736 6836 6737
f 6737 6836 6837
f 6737 6837 6738
f 6738 6837 6838
f 6738 6838 6739
f 6739 6838 6839
f 6739 6839 6740
f 6740 6839 6840
f 6740 6840 6741
f 6741 6840 6841
f 6741 6841 6742
f 6742 6841 6842
f 6742 6842 6743
f 6743 6842 6843
f 6743 6843 6744
f 6744 6843 6844
f 6744 6844 6745
f 6745 6844 6845
f 6745 6845 6746
f 6746 6845 6846
f 6746 6846 6747
f 6747 6846 6847
f 6747 6847 6748
f 6748 6847 6848
f 6748 6848 6749
f 6749 6848 6849
f 6749 6849 6750
f 6750 6849 6850
f 6750 6850 6751
f 6751 6850 6851
f 6751 6851 6752
f 6752 6851 6852
f 6752 6852 6753
f 6753 6852 6853
f 6753 6853 6754
f 6754 6853 6854
f 6754 6854 6755
f 6755 6854 6855
f 6755 6855 6756
f 6756 6855 6856
f 6756 6856 6757
f 6757 6856 6857
f 6757 6857 6758
f 6758 6857 6858
f 6758 6858 6759
f 6759 6858 6859
f 6759 6859 6760
f 6760 6859 6860
f 6760 6860 6761
f 6761 6860 6861
f 6761 6861 6762
f 6762 6861 6862
f 6762 6862 6763
f 6763 6862 6863
f 6763 6863 6764
f 6764 6863 6864
f 6764 6864 6765
f 6765 6864 6865
f 6765 6865 6766
f 6766 6865 6866
f 6766 6866 6767
f 6767 6866 6867
f 6767 6867 6768
f 6768 6867 6868
f 6768 6868 6769
f 6769 6868 6869
f 6769 6869 6770
f 6770 6869 6870
f 6770 6870 6771
f 6771 6870 6871
f 6771 6871 6772
f 6772 6871 6872
f 6772 6872 6773
f 6773 6872 6873
f 6773 6873 6774
f 6774 6873 6874
f 6774 6874 6775
f 6775 6874 6875
f 6775 6875 6776
f 6776 6875 6876
f 6776 6876 6777
f 6777 6876 6877
f 6777 6877 6778
f 6778 6877 6878
f 6778 6878 6779
f 6779 6878 6879
f 6779 6879 6780
f 6780 6879 6880
f 6780 6880 6781
f 6781 6880 6881
f 6781 6881 6782
f 6782 6881 6882
f 6782 6882 6783
f 6783 6882 6883
f 6783 6883 6784
f 6784 6883 6884
f 6784 6884 6785
f 6785 6884 6885
f 6785 6885 6786
f 6786 6885 6886
f 6786 6886 6787
f 6787 6886 6887
f 6787 6887 6788
f 6788 6887 6888
f 6788 6888 6789
f 6789 6888 6889
f 6789 6889 6790
f 6790 6889 6890
f 6790 6890 6791
f 6791 6890 6891
f 6791 6891 6792
f 6792 6891 6892
f 6792 6892 6793
f 6793 6892 6893
f 6793 6893 6794
f 6794 6893 6894
f 6794 6894 6795
f 6795 6894 6895
f 6795 6895 6796
f 6796 6895 6896
f 6796 6896 6797
f 6797 6896 6897
f 6797 6897 6798
f 6798 6897 6898
f 6798 6898 6799
f 6799 6898 6899
f 6799 6899 6800
f 6800 6899 6900
f 6801 6901 6802
f 6802 6901 6902
f 6802 6902 6803
f 6803 6902 6903
f 6803 6903 6804
f 6804 6903 6904
f 6804 6904 6805
f 6805 6904 6905
f 6805 6905 6806
f 6806 6905 6906
f 6806 6906 6807
f 6807 6906 6907
f 6807 6907 6808
f 6808 6907 6908
f 6808 6908 6809
f 6809 6908 6909
f 6809 6909 6810
f 6810 6909 6910
f 6810 6910 6811
f 6811 6910 6911
f 6811 6911 6812
f 6812 6911 6912
f 6812 6912 6813
f 6813 6912 6913
f 6813 6913 6814
f 6814 6913 6914
f 6814 6914 6815
f 6815 6914 6915
f 6815 6915 6816
f 6816 6915 6916
f 6816 6916 6817
f 6817 6916 6917
f 6817 6917 6818
f 6818 6917 6918
f 6818 6918 6819
f 6819 6918 6919
f 6819 6919 6820
f 6820 6919 6920
f 6820 6920 6821
f 6821 6920 6921
f 6821 6921 6822
f 6822 6921 6922
f 6822 6922 6823
f 6823 6922 6923
f 6823 6923 6824
f 6824 6923 6924
f 6824 6924 6825
f 6825 6924 6925
f 6825 6925 6826
f 6826 6925 6926
f 6826 6926 6827
f 6827 6926 6927
f 6827 6927 6828
f 6828 6927 6928
f 6828 6928 6829
f 6829 6928 6929
f 6829 6929 6830
f 6830 6929 6930
f 6830 6930 6831
f 6831 6930 6931
f 6831 6931 6832
f 6832 6931 6932
f 6832 6932 6833
f 6833 6932 6933
f 6833 6933 6834
f 6834 6933 6934
f 6834 6934 6835
f 6835 6934 6935
f 6835 6935 6836
f 6836 6935 6936
f 6836 6936 6837
f 6837 6936 6937
f 6837 6937 6838
f 6838 6937 6938
f 6838 6938 6839
f 6839 6938 6939
f 6839 6939 6840
f 6840 6939 6940
f 6840 6940 6841
f 6841 6940 6941
f 6841 6941 6842
f 6842 6941 6942
f 6842 6942 6843
f 6843 6942 6943
f 6843 6943 6844
f 6844 6943 6944
f 6844 6944 6845
f 6845 6944 6945
f 6845 6945 6846
f 6846 6945 6946
f 6846 6946 6847
f 6847 6946 6947
f 6847 6947 6848
f 6848 6947 6948
f 6848 6948 6849
f 6849 6948 6949
f 6849 6949 6850
f 6850 6949 6950
f 6850 6950 6851
f 6851 6950 6951
f 6851 6951 6852
f 6852 6951 6952
f 6852 6952 6853
f 6853 6952 6953
f 6853 6953 6854
f 6854 6953 6954
f 6854 6954 6855
f 6855 6954 6955
f 6855 6955 6856
f 6856 6955 6956
f 6856 6956 6857
f 6857 6956 6957
f 6857 6957 6858
f 6858 6957 6958
f 6858 6958 6859
f 6859 6958 6959
f 6859 6959 6860
f 6860 6959 6960
f 6860 6960 6861
f 6861 6960 6961
f 6861 6961 6862
f 6862 6961 6962
f 6862 6962 6863
f 6863 6962 6963
f 6863 6963 6864
f 6864 6963 6964
f 6864 6964 6865
f 6865 6964 6965
f 6865 6965 6866
f 6866 6965 6966
f 6866 6966 6867
f 6867 6966 6967
f 6867 6967 6868
f 6868 6967 6968
f 6868 6968 6869
f 6869 6968 6969
f 6869 6969 6870
f 6870 6969 6970
f 6870 6970 6871
f 6871 6970 6971
f 6871 6971 6872
f 6872 6971 6972
f 6872 6972 6873
f 6873 6972 6973
f 6873 6973 6874
f 6874 6973 6974
f 6874 6974 6875
f 6875 6974 6975
f 6875 6975 6876
f 6876 6975 6976
f 6876 6976 6877
f 6877 6976 6977
f 6877 6977 6878
f 6878 6977 6978
f 6878 6978 6879
f 6879 6978 6979
f 6879 6979 6880
f 6880 6979 6980
f 6880 6980 6881
f 6881 6980 6981
f 6881 6981 6882
f 6882 6981 6982
f 6882 6982 6883
f 6883 6982 6983
f 6883 6983 6884
f 6884 6983 6984
f 6884 6984 6885
f 6885 6984 6985
f 6885 6985 6886
f 6886 6985 6986
f 6886 6986 6887
f 6887 6986 6987
f 6887 6987 6888
f 6888 6987 6988
f 6888 6988 6889
f 6889 6988 6989
f 6889 6989 6890
f 6890 6989 6990
f 6890 6990 6891
f 6891 6990 6991
f 6891 6991 6892
f 6892 6991 6992
f 6892 6992 6893
f 6893 6992 6993
f 6893 6993 6894
f 6894 6993 6994
f 6894 6994 6895
f 6895 6994 6995
f 6895 6995 6896
f 6896 6995 6996
f 6896 6996 6897
f 6897 6996 6997
f 6897 6997 6898
f 6898 6997 6998
f 6898 6998 6899
f 6899 6998 6999
f 6899 6999 6900
f 6900 6999 7000
f 6901 7001 6902
f 6902 7001 7002
f 6902 7002 6903
f 6903 7002 7003
f 6903 7003 6904
f 6904 7003 7004
f 6904 7004 6905
f 6905 7004 7005
f 6905 7005 6906
f 6906 7005 7006
f 6906 7006 6907
f 6907 7006 7007
f 6907 7007 6908
f 6908 7007 7008
f 6908 7008 6909
f 6909 7008 7009
f 6909 7009 6910
f 6910 7009 7010
f 6910 7010 6911
f 6911 7010 7011
f 6911 7011 6912
f 6912 7011 7012
f 6912 7012 6913
f 6913 7012 7013
f 6913 7013 6914
f 6914 7013 7014
f 6914 7014 6915
f 6915 7014 7015
f 6915 7015 6916
f 6916 7015 7016
f 6916 7016 6917
f 6917 7016 7017
f 6917 7017 6918
f 6918 7017 7018
f 6918 7018 6919
f 6919 7018 7019
f 6919 7019 6920
f 6920 7019 7020
f 6920 7020 6921
f 6921 7020 7021
f 6921 7021 6922
f 6922 7021 7022
f 6922 7022 6923
f 6923 7022 7023
f 6923 7023 6924
f 6924 7023 7024
f 6924 7024 6925
f 6925 7024 7025
f 6925 7025 6926
f 6926 7025 7026
f 6926 7026 6927
f 6927 7026 7027
f 6927 7027 6928
f 6928 7027 7028
f 6928 7028 6929
f 6929 7028 7029
f 6929 7029 6930
f 6930 7029 7030
f 6930 7030 6931
f 6931 7030 7031
f 6931 7031 6932
f 6932 7031 7032
f 6932 7032 6933
f 6933 7032 7033
f 6933 7033 6934
f 6934 7033 7034
f 6934 7034 6935
f 6935 7034 7035
f 6935 7035 6936
f 6936 7035 7036
f 6936 7036 6937
f 6937 7036 7037
f 6937 7037 6938
f 6938 7037 7038
f 6938 7038 6939
f 6939 7038 7039
f 6939 7039 6940
f 6940 7039 7040
f 6940 7040 6941
f 6941 7040 7041
f 6941 7041 6942
f 6942 7041 7042
f 6942 7042 6943
f 6943 7042 7043
f 6943 7043 6944
f 6944 7043 7044
f 6944 7044 6945
f 6945 7044 7045
f 6945 7045 6946
f 6946 7045 7046
f 6946 7046 6947
f 6947 7046 7047
f 6947 7047 6948
f 6948 7047 7048
f 6948 7048 6949
f 6949 7048 7049
f 6949 7049 6950
f 6950 7049 7050
f 6950 7050 6951
f 6951 7050 7051
f 6951 7051 6952
f 6952 7051 7052
f 6952 7052 6953
f 6953 7052 7053
f 6953 7053 6954
f 6954 7053 7054
f 6954 7054 6955
f 6955 7054 7055
f 6955 7055 6956
f 6956 7055 7056
f 6956 7056 6957
f 6957 7056 7057
f 6957 7057 6958
f 6958 7057 7058
f 6958 7058 6959
f 6959 7058 7059
f 6959 7059 6960
f 6960 7059 7060
f 6960 7060 6961
f 6961 7060 7061
f 6961 7061 6962
f 6962 7061 7062
f 6962 7062 6963
f 6963 7062 7063
f 6963 7063 6964
f 6964 7063 7064
f 6964 7064 6965
f 6965 7064 7065
f 6965 7065 6966
f 6966 7065 7066
f 6966 7066 6967
f 6967 7066 7067
f 6967 7067 6968
f 6968 7067 7068
f 6968 7068 6969
f 6969 7068 7069
f 6969 7069 6970
f 6970 7069 7070
f 6970 7070 6971
f 6971 7070 7071
f 6971 7071 6972
f 6972 7071 7072
f 6972 7072 6973
f 6973 7072 7073
f 6973 7073 6974
f 6974 7073 7074
f 6974 7074 6975
f 6975 7074 7075
f 6975 7075 6976
f 6976 7075 7076
f 6976 7076 6977
f 6977 7076 7077
f 6977 7077 6978
f 6978 7077 7078
f 6978 7078 6979
f 6979 7078 7079
f 6979 7079 6980
f 6980 7079 7080
f 6980 7080 6981
f 6981 7080 7081
f 6981 7081 6982
f 6982 7081 7082
f 6982 7082 6983
f 6983 7082 7083
f 6983 7083 6984
f 6984 7083 7084
f 6984 7084 6985
f 6985 7084 7085
f 6985 7085 6986
f 6986 7085 7086
f 6986 7086 6987
f 6987 7086 7087
f 6987 7087 6988
f 6988 7087 7088
f 6988 7088 6989
f 6989 7088 7089
f 6989 7089 6990
f 6990 7089 7090
f 6990 7090 6991
f 6991 7090 7091
f 6991 7091 6992
f 6992 7091 7092
f 6992 7092 6993
f 6993 7092 7093
f 6993 7093 6994
f 6994 7093 7094
f 6994 7094 6995
f 6995 7094 7095
f 6995 7095 6996
f 6996 7095 7096
f 6996 7096 6997
f 6997 7096 7097
f 6997 7097 6998
f 6998 7097 7098
f 6998 7098 6999
f 6999 7098 7099
f 6999 7099 7000
f 7000 7099 7100
f 7001 7101 7002
f 7002 7101 7102
f 7002 7102 7003
f 7003 7102 7103
f 7003 7103 7004
f 7004 7103 7104
f 7004 7104 7005
f 7005 7104 7105
f 7005 7105 7006
f 7006 7105 7106
f 7006 7106 7007
f 7007 7106 7107
f 7007 7107 7008
f 7008 7107 7108
f 7008 7108 7009
f 7009 7108 7109
f 7009 7109 7010
f 7010 7109 7110
f 7010 7110 7011
f 7011 7110 7111
f 7011 7111 7012
f 7012 7111 7112
f 7012 7112 7013
f 7013 7112 7113
f 7013 7113 7014
f 7014 7113 7114
f 7014 7114 7015
f 7015 7114 7115
f 7015 7115 7016
f 7016 7115 7116
f 7016 7116 7017
f 7017 7116 7117
f 7017 7117 7018
f 7018 7117 7118
f 7018 7118 7019
f 7019 7118 7119
f 7019 7119 7020
f 7020 7119 7120
f 7020 7120 7021
f 7021 7120 7121
f 7021 7121 7022
f 7022 7121 7122
f 7022 7122 7023
f 7023 7122 7123
f 7023 7123 7024
f 7024 7123 7124
f 7024 7124 7025
f 7025 7124 7125
f 7025 7125 7026
f 7026 7125 7126
f 7026 7126 7027
f 7027 7126 7127
f 7027 7127 7028
f 7028 7127 7128
f 7028 7128 7029
f 7029 7128 7129
f 7029 7129 7030
f 7030 7129 7130
f 7030 7130 7031
f 7031 7130 7131
f 7031 7131 7032
f 7032 7131 7132
f 7032 7132 7033
f 7033 7132 7133
f 7033 7133 7034
f 7034 7133 7134
f 7034 7134 7035
f 7035 7134 7135
f 7035 7135 7036
f 7036 7135 7136
f 7036 7136 7037
f 7037 7136 7137
f 7037 7137 7038
f 7038 7137 7138
f 7038 7138 7039
f 7039 7138 7139
f 7039 7139 7040
f 7040 7139 7140
f 7040 7140 7041
f 7041 7140 7141
f 7041 7141 7042
f 7042 7141 7142
f 7042 7142 7043
f 7043 7142 7143
f 7043 7143 7044
f 7044 7143 7144
f 7044 7144 7045
f 7045 7144 7145
f 7045 7145 7046
f 7046 7145 7146
f 7046 7146 7047
f 7047 7146 7147
f 7047 7147 7048
f 7048 7147 7148
f 7048 7148 7049
f 7049 7148 7149
f 7049 7149 7050
f 7050 7149 7150
f 7050 7150 7051
f 7051 7150 7151
f 7051 7151 7052
f 7052 7151 7152
f 7052 7152 7053
f 7053 7152 7153
f 7053 7153 7054
f 7054 7153 7154
f 7054 7154 7055
f 7055 7154 7155
f 7055 7155 7056
f 7056 7155 7156
f 7056 7156 7057
f 7057 7156 7157
f 7057 7157 7058
f 7058 7157 7158
f 7058 7158 7059
f 7059 7158 7159
f 7059 7159 7060
f 7060 7159 7160
f 7060 7160 7061
f 7061 7160 7161
f 7061 7161 7062
f 7062 7161 7162
f 7062 7162 7063
f 7063 7162 7163
f 7063 7163 7064
f 7064 7163 7164
f 7064 7164 7065
f 7065 7164 7165
f 7065 7165 7066
f 7066 7165 7166
f 7066 7166 7067
f 7067 7166 7167
f 7067 7167 7068
f 7068 7167 7168
f 7068 7168 7069
f 7069 7168 7169
f 7069 7169 7070
f 7070 7169 7170
f 7070 7170 7071
f 7071 7170 7171
f 7071 7171 7072
f 7072 7171 7172
f 7072 7172 7073
f 7073 7172 7173
f 7073 7173 7074
f 7074 7173 7174
f 7074 7174 7075
f 7075 7174 7175
f 7075 7175 7076
f 7076 7175 7176
f 7076 7176 7077
f 7077 7176 7177
f 7077 7177 7078
f 7078 7177 7178
f 7078 7178 7079
f 7079 7178 7179
f 7079 7179 7080
f 7080 7179 7180
f 7080 7180 7081
f 7081 7180 7181
f 7081 7181 7082
f 7082 7181 7182
f 7082 7182 7083
f 7083 7182 7183
f 7083 7183 7084
f 7084 7183 7184
f 7084 7184 7085
f 7085 7184 7185
f 7085 7185 7086
f 7086 7185 7186
f 7086 7186 7087
f 7087 7186 7187
f 7087 7187 7088
f 7088 7187 7188
f 7088 7188 7089
f 7089 7188 7189
f 7089 7189 7090
f 7090 7189 7190
f 7090 7190 7091
f 7091 7190 7191
f 7091 7191 7092
f 7092 7191 7192
f 7092 7192 7093
f 7093 7192 7193
f 7093 7193 7094
f 7094 7193 7194
f 7094 7194 7095
f 7095 7194 7195
f 7095 7195 7096
f 7096 7195 7196
f 7096 7196 7097
f 7097 7196 7197
f 7097 7197 7098
f 7098 7197 7198
f 7098 7198 7099
f 7099 7198 7199
f 7099 7199 7100
f 7100 7199 7200
f 7101 7201 7102
f 7102 7201 7202
f 7102 7202 7103
f 7103 7202 7203
f 7103 7203 7104
f 7104 7203 7204
f 7104 7204 7105
f 7105 7204 7205
f 7105 7205 7106
f 7106 7205 7206
f 7106 7206 7107
f 7107 7206 7207
f 7107 7207 7108
f 7108 7207 7208
f 7108 7208 7109
f 7109 7208 7209
f 7109 7209 7110
f 7110 7209 7210
f 7110 7210 7111
f 7111 7210 7211
f 7111 7211 7112
f 7112 7211 7212
f 7112 7212 7113
f 7113 7212 7213
f 7113 7213 7114
f 7114 7213 7214
f 7114 7214 7115
f 7115 7214 7215
f 7115 7215 7116
f 7116 7215 7216
f 7116 7216 7117
f 7117 7216 7217
f 7117 7217 7118
f 7118 7217 7218
f 7118 7218 7119
f 7119 7218 7219
f 7119 7219 7120
f 7120 7219 7220
f 7120 7220 7121
f 7121 7220 7221
f 7121 7221 7122
f 7122 7221 7222
f 7122 7222 7123
f 7123 7222 7223
f 7123 7223 7124
f 7124 7223 7224
f 7124 7224 7125
f 7125 7224 7225
f 7125 7225 7126
f 7126 7225 7226
f 7126 7226 7127
f 7127 7226 7227
f 7127 7227 7128
f 7128 7227 7228
f 7128 7228 7129
f 7129 7228 7229
f 7129 7229 7130
f 7130 7229 7230
f 7130 7230 7131
f 7131 7230 7231
f 7131 7231 7132
f 7132 7231 7232
f 7132 7232 7133
f 7133 7232 7233
f 7133 7233 7134
f 7134 7233 7234
f 7134 7234 7135
f 7135 7234 7235
f 7135 7235 7136
f 7136 7235 7236
f 7136 7236 7137
f 7137 7236 7237
f 7137 7237 7138
f 7138 7237 7238
f 7138 7238 7139
f 7139 7238 7239
f 7139 7239 7140
f 7140 7239 7240
f 7140 7240 7141
f 7141 7240 7241
f 7141 7241 7142
f 7142 7241 7242
f 7142 7242 7143
f 7143 7242 7243
f 7143 7243 7144
f 7144 7243 7244
f 7144 7244 7145
f 7145 7244 7245
f 7145 7245 7146
f 7146 7245 7246
f 7146 7246 7147
f 7147 7246 7247
f 7147 7247 7148
f 7148 7247 7248
f 7148 7248 7149
f 7149 7248 7249
f 7149 7249 7150
f 7150 7249 7250
f 7150 7250 7151
f 7151 7250 7251
f 7151 7251 7152
f 7152 7251 7252
f 7152 7252 7153
f 7153 7252 7253
f 7153 7253 7154
f 7154 7253 7254
f 7154 7254 7155
f 7155 7254 7255
f 7155 7255 7156
f 7156 7255 7256
f 7156 7256 7157
f 7157 7256 7257
f 7157 7257 7158
f 7158 7257 7258
f 7158 7258 7159
f 7159 7258 7259
f 7159 7259 7160
f 7160 7259 7260
f 7160 7260 7161
f 7161 7260 7261
f 7161 7261 7162
f 7162 7261 7262
f 7162 7262 7163
f 7163 7262 7263
f 7163 7263 7164
f 7164 7263 7264
f 7164 7264 7165
f 7165 7264 7265
f 7165 7265 7166
f 7166 7265 7266
f 7166 7266 7167
f 7167 7266 7267
f 7167 7267 7168
f 7168 7267 7268
f 7168 7268 7169
f 7169 7268 7269
f 7169 7269 7170
f 7170 7269 7270
f 7170 7270 7171
f 7171 7270 7271
f 7171 7271 7172
f 7172 7271 7272
f 7172 7272 7173
f 7173 7272 7273
f 7173 7273 7174
f 7174 7273 7274
f 7174 7274 7175
f 7175 7274 7275
f 7175 7275 7176
f 7176 7275 7276
f 7176 7276 7177
f 7177 7276 7277
f 7177 7277 7178
f 7178 7277 7278
f 7178 7278 7179
f 7179 7278 7279
f 7179 7279 7180
f 7180 7279 7280
f 7180 7280 7181
f 7181 7280 7281
f 7181 7281 7182
f 7182 7281 7282
f 7182 7282 7183
f 7183 7282 7283
f 7183 7283 7184
f 7184 7283 7284
f 7184 7284 7185
f 7185 7284 7285
f 7185 7285 7186
f 7186 7285 7286
f 7186 7286 7187
f 7187 7286 7287
f 7187 7287 7188
f 7188 7287 7288
f 7188 7288 7189
f 7189 7288 7289
f 7189 7289 7190
f 7190 7289 7290
f 7190 7290 7191
f 7191 7290 7291
f 7191 7291 7192
f 7192 7291 7292
f 7192 7292 7193
f 7193 7292 7293
f 7193 7293 7194
f 7194 7293 7294
f 7194 7294 7195
f 7195 7294 7295
f 7195 7295 7196
f 7196 7295 7296
f 7196 7296 7197
f 7197 7296 7297
f 7197 7297 7198
f 7198 7297 7298
f 7198 7298 7199
f 7199 7298 7299
f 7199 7299 7200
f 7200 7299 7300
f 7201 7301 7202
f 7202 7301 7302
f 7202 7302 7203
f 7203 7302 7303
f 7203 7303 7204
f 7204 7303 7304
f 7204 7304 7205
f 7205 7304 7305
f 7205 7305 7206
f 7206 7305 7306
f 7206 7306 7207
f 7207 7306 7307
f 7207 7307 7208
f 7208 7307 7308
f 7208 7308 7209
f 7209 7308 7309
f 7209 7309 7210
f 7210 7309 7310
f 7210 7310 7211
f 7211 7310 7311
f 7211 7311 7212
f 7212 7311 7312
f 7212 7312 7213
f 7213 7312 7313
f 7213 7313 7214
f 7214 7313 7314
f 7214 7314 7215
f 7215 7314 7315
f 7215 7315 7216
f 7216 7315 7316
f 7216 7316 7217
f 7217 7316 7317
f 7217 7317 7218
f 7218 7317 7318
f 7218 7318 7219
f 7219 7318 7319
f 7219 7319 7220
f 7220 7319 7320
f 7220 7320 7221
f 7221 7320 7321
f 7221 7321 7222
f 7222 7321 7322
f 7222 7322 7223
f 7223 7322 7323
f 7223 7323 7224
f 7224 7323 7324
f 7224 7324 7225
f 7225 7324 7325
f 7225 7325 7226
f 7226 7325 7326
f 7226 7326 7227
f 7227 7326 7327
f 7227 7327 7228
f 7228 7327 7328
f 7228 7328 7229
f 7229 7328 7329
f 7229 7329 7230
f 7230 7329 7330
f 7230 7330 7231
f 7231 7330 7331
f 7231 7331 7232
f 7232 7331 7332
f 7232 7332 7233
f 7233 7332 7333
f 7233 7333 7234
f 7234 7333 7334
f 7234 7334 7235
f 7235 7334 7335
f 7235 7335 7236
f 7236 7335 7336
f 7236 7336 7237
f 7237 7336 7337
f 7237 7337 7238
f 7238 7337 7338
f 7238 7338 7239
f 7239 7338 7339
f 7239 7339 7240
f 7240 7339 7340
f 7240 7340 7241
f 7241 7340 7341
f 7241 7341 7242
f 7242 7341 7342
f 7242 7342 7243
f 7243 7342 7343
f 7243 7343 7244
f 7244 7343 7344
f 7244 7344 7245
f 7245 7344 7345
f 7245 7345 7246
f 7246 7345 7346
f 7246 7346 7247
f 7247 7346 7347
f 7247 7347 7248
f 7248 7347 7348
f 7248 7348 7249
f 7249 7348 7349
f 7249 7349 7250
f 7250 7349 7350
f 7250 7350 7251
f 7251 7350 7351
f 7251 7351 7252
f 7252 7351 7352
f 7252 7352 7253
f 7253 7352 7353
f 7253 7353 7254
f 7254 7353 7354
f 7254 7354 7255
f 7255 7354 7355
f 7255 7355 7256
f 7256 7355 7356
f 7256 7356 7257
f 7257 7356 7357
f 7257 7357 7258
f 7258 7357 7358
f 7258 7358 7259
f 7259 7358 7359
f 7259 7359 7260
f 7260 7359 7360
f 7260 7360 7261
f 7261 7360 7361
f 7261 7361 7262
f 7262 7361 7362
f 7262 7362 7263
f 7263 7362 7363
f 7263 7363 7264
f 7264 7363 7364
f 7264 7364 7265
f 7265 7364 7365
f 7265 7365 7266
f 7266 7365 7366
f 7266 7366 7267
f 7267 7366 7367
f 7267 7367 7268
f 7268 7367 7368
f 7268 7368 7269
f 7269 7368 7369
f 7269 7369 7270
f 7270 7369 7370
f 7270 7370 7271
f 7271 7370 7371
f 7271 7371 7272
f 7272 7371 7372
f 7272 7372 7273
f 7273 7372 7373
f 7273 7373 7274
f 7274 7373 7374
f 7274 7374 7275
f 7275 7374 7375
f 7275 7375 7276
f 7276 7375 7376
f 7276 7376 7277
f 7277 7376 7377
f 7277 7377 7278
f 7278 7377 7378
f 7278 7378 7279
f 7279 7378 7379
f 7279 7379 7280
f 7280 7379 7380
f 7280 7380 7281
f 7281 7380 7381
f 7281 7381 7282
f 7282 7381 7382
f 7282 7382 7283
f 7283 7382 7383
f 7283 7383 7284
f 7284 7383 7384
f 7284 7384 7285
f 7285 7384 7385
f 7285 7385 7286
f 7286 7385 7386
f 7286 7386 7287
f 7287 7386 7387
f 7287 7387 7288
f 7288 7387 7388
f 7288 7388 7289
f 7289 7388 7389
f 7289 7389 7290
f 7290 7389 7390
f 7290 7390 7291
f 7291 7390 7391
f 7291 7391 7292
f 7292 7391 7392
f 7292 7392 7293
f 7293 7392 7393
f 7293 7393 7294
f 7294 7393 7394
f 7294 7394 7295
f 7295 7394 7395
f 7295 7395 7296
f 7296 7395 7396
f 7296 7396 7297
f 7297 7396 7397
f 7297 7397 7298
f 7298 7397 7398
f 7298 7398 7299
f 7299 7398 7399
f 7299 7399 7300
f 7300 7399 7400
f 7301 7401 7302
f 7302 7401 7402
f 7302 7402 7303
f 7303 7402 7403
f 7303 7403 7304
f 7304 7403 7404
f 7304 7404 7305
f 7305 7404 7405
f 7305 7405 7306
f 7306 7405 7406
f 7306 7406 7307
f 7307 7406 7407
f 7307 7407 7308
f 7308 7407 7408
f 7308 7408 7309
f 7309 7408 7409
f 7309 7409 7310
f 7310 7409 7410
f 7310 7410 7311
f 7311 7410 7411
f 7311 7411 7312
f 7312 7411 7412
f 7312 7412 7313
f 7313 7412 7413
f 7313 7413 7314
f 7314 7413 7414
f 7314 7414 7315
f 7315 7414 7415
f 7315 7415 7316
f 7316 7415 7416
f 7316 7416 7317
f 7317 7416 7417
f 7317 7417 7318
f 7318 7417 7418
f 7318 7418 7319
f 7319 7418 7419
f 7319 7419 7320
f 7320 7419 7420
f 7320 7420 7321
f 7321 7420 7421
f 7321 7421 7322
f 7322 7421 7422
f 7322 7422 7323
f 7323 7422 7423
f 7323 7423 7324
f 7324 7423 7424
f 7324 7424 7325
f 7325 7424 7425
f 7325 7425 7326
f 7326 7425 7426
f 7326 7426 7327
f 7327 7426 7427
f 7327 7427 7328
f 7328 7427 7428
f 7328 7428 7329
f 7329 7428 7429
f 7329 7429 7330
f 7330 7429 7430
f 7330 7430 7331
f 7331 7430 7431
f 7331 7431 7332
f 7332 7431 7432
f 7332 7432 7333
f 7333 7432 7433
f 7333 7433 7334
f 7334 7433 7434
f 7334 7434 7335
f 7335 7434 7435
f 7335 7435 7336
f 7336 7435 7436
f 7336 7436 7337
f 7337 7436 7437
f 7337 7437 7338
f 7338 7437 7438
f 7338 7438 7339
f 7339 7438 7439
f 7339 7439 7340
f 7340 7439 7440
f 7340 7440 7341
f 7341 7440 7441
f 7341 7441 7342
f 7342 7441 7442
f 7342 7442 7343
f 7343 7442 7443
f 7343 7443 7344
f 7344 7443 7444
f 7344 7444 7345
f 7345 7444 7445
f 7345 7445 7346
f 7346 7445 7446
f 7346 7446 7347
f 7347 7446 7447
f 7347 7447 7348
f 7348 7447 7448
f 7348 7448 7349
f 7349 7448 7449
f 7349 7449 7350
f 7350 7449 7450
f 7350 7450 7351
f 7351 7450 7451
f 7351 7451 7352
f 7352 7451 7452
f 7352 7452 7353
f 7353 7452 7453
f 7353 7453 7354
f 7354 7453 7454
f 7354 7454 7355
f 7355 7454 7455
f 7355 7455 7356
f 7356 7455 7456
f 7356 7456 7357
f 7357 7456 7457
f 7357 7457 7358
f 7358 7457 7458
f 7358 7458 7359
f 7359 7458 7459
f 7359 7459 7360
f 7360 7459 7460
f 7360 7460 7361
f 7361 7460 7461
f 7361 7461 7362
f 7362 7461 7462
f 7362 7462 7363
f 7363 7462 7463
f 7363 7463 7364
f 7364 7463 7464
f 7364 7464 7365
f 7365 7464 7465
f 7365 7465 7366
f 7366 7465 7466
f 7366 7466 7367
f 7367 7466 7467
f 7367 7467 7368
f 7368 7467 7468
f 7368 7468 7369
f 7369 7468 7469
f 7369 7469 7370
f 7370 7469 7470
f 7370 7470 7371
f 7371 7470 7471
f 7371 7471 7372
f 7372 7471 7472
f 7372 7472 7373
f 7373 7472 7473
f 7373 7473 7374
f 7374 7473 7474
f 7374 7474 7375
f 7375 7474 7475
f 7375 7475 7376
f 7376 7475 7476
f 7376 7476 7377
f 7377 7476 7477
f 7377 7477 7378
f 7378 7477 7478
f 7378 7478 7379
f 7379 7478 7479
f 7379 7479 7380
f 7380 7479 7480
f 7380 7480 7381
f 7381 7480 7481
f 7381 7481 7382
f 7382 7481 7482
f 7382 7482 7383
f 7383 7482 7483
f 7383 7483 7384
f 7384 7483 7484
f 7384 7484 7385
f 7385 7484 7485
f 7385 7485 7386
f 7386 7485 7486
f 7386 7486 7387
f 7387 7486 7487
f 7387 7487 7388
f 7388 7487 7488
f 7388 7488 7389
f 7389 7488 7489
f 7389 7489 7390
f 7390 7489 7490
f 7390 7490 7391
f 7391 7490 7491
f 7391 7491 7392
f 7392 7491 7492
f 7392 7492 7393
f 7393 7492 7493
f 7393 7493 7394
f 7394 7493 7494
f 7394 7494 7395
f 7395 7494 7495
f 7395 7495 7396
f 7396 7495 7496
f 7396 7496 7397
f 7397 7496 7497
f 7397 7497 7398
f 7398 7497 7498
f 7398 7498 7399
f 7399 7498 7499
f 7399 7499 7400
f 7400 7499 7500
f 7401 7501 7402
f 7402 7501 7502
f 7402 7502 7403
f 7403 7502 7503
f 7403 7503 7404
f 7404 7503 7504
f 7404 7504 7405
f 7405 7504 7505
f 7405 7505 7406
f 7406 7505 7506
f 7406 7506 7407
f 7407 7506 7507
f 7407 7507 7408
f 7408 7507 7508
f 7408 7508 7409
f 7409 7508 7509
f 7409 7509 7410
f 7410 7509 7510
f 7410 7510 7411
f 7411 7510 7511
f 7411 7511 7412
f 7412 7511 7512
f 7412 7512 7413
f 7413 7512 7513
f 7413 7513 7414
f 7414 7513 7514
f 7414 7514 7415
f 7415 7514 7515
f 7415 7515 7416
f 7416 7515 7516
f 7416 7516 7417
f 7417 7516 7517
f 7417 7517 7418
f 7418 7517 7518
f 7418 7518 7419
f 7419 7518 7519
f 7419 7519 7420
f 7420 7519 7520
f 7420 7520 7421
f 7421 7520 7521
f 7421 7521 7422
f 7422 7521 7522
f 7422 7522 7423
f 7423 7522 7523
f 7423 7523 7424
f 7424 7523 7524
f 7424 7524 7425
f 7425 7524 7525
f 7425 7525 7426
f 7426 7525 7526
f 7426 7526 7427
f 7427 7526 7527
f 7427 7527 7428
f 7428 7527 7528
f 7428 7528 7429
f 7429 7528 7529
f 7429 7529 7430
f 7430 7529 7530
f 7430 7530 7431
f 7431 7530 7531
f 7431 7531 7432
f 7432 7531 7532
f 7432 7532 7433
f 7433 7532 7533
f 7433 7533 7434
f 7434 7533 7534
f 7434 7534 7435
f 7435 7534 7535
f 7435 7535 7436
f 7436 7535 7536
f 7436 7536 7437
f 7437 7536 7537
f 7437 7537 7438
f 7438 7537 7538
f 7438 7538 7439
f 7439 7538 7539
f 7439 7539 7440
f 7440 7539 7540
f 7440 7540 7441
f 7441 7540 7541
f 7441 7541 7442
f 7442 7541 7542
f 7442 7542 7443
f 7443 7542 7543
f 7443 7543 7444
f 7444 7543 7544
f 7444 7544 7445
f 7445 7544 7545
f 7445 7545 7446
f 7446 7545 7546
f 7446 7546 7447
f 7447 7546 7547
f 7447 7547 7448
f 7448 7547 7548
f 7448 7548 7449
f 7449 7548 7549
f 7449 7549 7450
f 7450 7549 7550
f 7450 7550 7451
f 7451 7550 7551
f 7451 7551 7452
f 7452 7551 7552
f 7452 7552 7453
f 7453 7552 7553
f 7453 7553 7454
f 7454 7553 7554
f 7454 7554 7455
f 7455 7554 7555
f 7455 7555 7456
f 7456 7555 7556
f 7456 7556 7457
f 7457 7556 7557
f 7457 7557 7458
f 7458 7557 7558
f 7458 7558 7459
f 7459 7558 7559
f 7459 7559 7460
f 7460 7559 7560
f 7460 7560 7461
f 7461 7560 7561
f 7461 7561 7462
f 7462 7561 7562
f 7462 7562 7463
f 7463 7562 7563
f 7463 7563 7464
f 7464 7563 7564
f 7464 7564 7465
f 7465 7564 7565
f 7465 7565 7466
f 7466 7565 7566
f 7466 7566 7467
f 7467 7566 7567
f 7467 7567 7468
f 7468 7567 7568
f 7468 7568 7469
f 7469 7568 7569
f 7469 7569 7470
f 7470 7569 7570
f 7470 7570 7471
f 7471 7570 7571
f 7471 7571 7472
f 7472 7571 7572
f 7472 7572 7473
f 7473 7572 7573
f 7473 7573 7474
f 7474 7573 7574
f 7474 7574 7475
f 7475 7574 7575
f 7475 7575 7476
f 7476 7575 7576
f 7476 7576 7477
f 7477 7576 7577
f 7477 7577 7478
f 7478 7577 7578
f 7478 7578 7479
f 7479 7578 7579
f 7479 7579 7480
f 7480 7579 7580
f 7480 7580 7481
f 7481 7580 7581
f 7481 7581 7482
f 7482 7581 7582
f 7482 7582 7483
f 7483 7582 7583
f 7483 7583 7484
f 7484 7583 7584
f 7484 7584 7485
f 7485 7584 7585
f 7485 7585 7486
f 7486 7585 7586
f 7486 7586 7487
f 7487 7586 7587
f 7487 7587 7488
f 7488 7587 7588
f 7488 7588 7489
f 7489 7588 7589
f 7489 7589 7490
f 7490 7589 7590
f 7490 7590 7491
f 7491 7590 7591
f 7491 7591 7492
f 7492 7591 7592
f 7492 7592 7493
f 7493 7592 7593
f 7493 7593 7494
f 7494 7593 7594
f 7494 7594 7495
f 7495 7594 7595
f 7495 7595 7496
f 7496 7595 7596
f 7496 7596 7497
f 7497 7596 7597
f 7497 7597 7498
f 7498 7597 7598
f 7498 7598 7499
f 7499 7598 7599
f 7499 7599 7500
f 7500 7599 7600
f 7501 7601 7502
f 7502 7601 7602
f 7502 7602 7503
f 7503 7602 7603
f 7503 7603 7504
f 7504 7603 7604
f 7504 7604 7505
f 7505 7604 7605
f 7505 7605 7506
f 7506 7605 7606
f 7506 7606 7507
f 7507 7606 7607
f 7507 7607 7508
f 7508 7607 7608
f 7508 7608 7509
f 7509 7608 7609
f 7509 7609 7510
f 7510 7609 7610
f 7510 7610 7511
f 7511 7610 7611
f 7511 7611 7512
f 7512 7611 7612
f 7512 7612 7513
f 7513 7612 7613
f 7513 7613 7514
f 7514 7613 7614
f 7514 7614 7515
f 7515 7614 7615
f 7515 7615 7516
f 7516 7615 7616
f 7516 7616 7517
f 7517 7616 7617
f 7517 7617 7518
f 7518 7617 7618
f 7518 7618 7519
f 7519 7618 7619
f 7519 7619 7520
f 7520 7619 7620
f 7520 7620 7521
f 7521 7620 7621
f 7521 7621 7522
f 7522 7621 7622
f 7522 7622 7523
f 7523 7622 7623
f 7523 7623 7524
f 7524 7623 7624
f 7524 7624 7525
f 7525 7624 7625
f 7525 7625 7526
f 7526 7625 7626
f 7526 7626 7527
f 7527 7626 7627
f 7527 7627 7528
f 7528 7627 7628
f 7528 7628 7529
f 7529 7628 7629
f 7529 7629 7530
f 7530 7629 7630
f 7530 7630 7531
f 7531 7630 7631
f 7531 7631 7532
f 7532 7631 7632
f 7532 7632 7533
f 7533 7632 7633
f 7533 7633 7534
f 7534 7633 7634
f 7534 7634 7535
f 7535 7634 7635
f 7535 7635 7536
f 7536 7635 7636
f 7536 7636 7537
f 7537 7636 7637
f 7537 7637 7538
f 7538 7637 7638
f 7538 7638 7539
f 7539 7638 7639
f 7539 7639 7540
f 7540 7639 7640
f 7540 7640 7541
f 7541 7640 7641
f 7541 7641 7542
f 7542 7641 7642
f 7542 7642 7543
f 7543 7642 7643
f 7543 7643 7544
f 7544 7643 7644
f 7544 7644 7545
f 7545 7644 7645
f 7545 7645 7546
f 7546 7645 7646
f 7546 7646 7547
f 7547 7646 7647
f 7547 7647 7548
f 7548 7647 7648
f 7548 7648 7549
f 7549 7648 7649
f 7549 7649 7550
f 7550 7649 7650
f 7550 7650 7551
f 7551 7650 7651
f 7551 7651 7552
f 7552 7651 7652
f 7552 7652 7553
f 7553 7652 7653
f 7553 7653 7554
f 7554 7653 7654
f 7554 7654 7555
f 7555 7654 7655
f 7555 7655 7556
f 7556 7655 7656
f 7556 7656 7557
f 7557 7656 7657
f 7557 7657 7558
f 7558 7657 7658
f 7558 7658 7559
f 7559 7658 7659
f 7559 7659 7560
f 7560 7659 7660
f 7560 7660 7561
f 7561 7660 7661
f 7561 7661 7562
f 7562 7661 7662
f 7562 7662 7563
f 7563 7662 7663
f 7563 7663 7564
f 7564 7663 7664
f 7564 7664 7565
f 7565 7664 7665
f 7565 7665 7566
f 7566 7665 7666
f 7566 7666 7567
f 7567 7666 7667
f 7567 7667 7568
f 7568 7667 7668
f 7568 7668 7569
f 7569 7668 7669
f 7569 7669 7570
f 7570 7669 7670
f 7570 7670 7571
f 7571 7670 7671
f 7571 7671 7572
f 7572 7671 7672
f 7572 7672 7573
f 7573 7672 7673
f 7573 7673 7574
f 7574 7673 7674
f 7574 7674 7575
f 7575 7674 7675
f 7575 7675 7576
f 7576 7675 7676
f 7576 7676 7577
f 7577 7676 7677
f 7577 7677 7578
f 7578 7677 7678
f 7578 7678 7579
f 7579 7678 7679
f 7579 7679 7580
f 7580 7679 7680
f 7580 7680 7581
f 7581 7680 7681
f 7581 7681 7582
f 7582 7681 7682
f 7582 7682 7583
f 7583 7682 7683
f 7583 7683 7584
f 7584 7683 7684
f 7584 7684 7585
f 7585 7684 7685
f 7585 7685 7586
f 7586 7685 7686
f 7586 7686 7587
f 7587 7686 7687
f 7587 7687 7588
f 7588 7687 7688
f 7588 7688 7589
f 7589 7688 7689
f 7589 7689 7590
f 7590 7689 7690
f 7590 7690 7591
f 7591 7690 7691
f 7591 7691 7592
f 7592 7691 7692
f 7592 7692 7593
f 7593 7692 7693
f 7593 7693 7594
f 7594 7693 7694
f 7594 7694 7595
f 7595 7694 7695
f 7595 7695 7596
f 7596 7695 7696
f 7596 7696 7597
f 7597 7696 7697
f 7597 7697 7598
f 7598 7697 7698
f 7598 7698 7599
f 7599 7698 7699
f 7599 7699 7600
f 7600 7699 7700
f 7601 7701 7602
f 7602 7701 7702
f 7602 7702 7603
f 7603 7702 7703
f 7603 7703 7604
f 7604 7703 7704
f 7604 7704 7605
f 7605 7704 7705
f 7605 7705 7606
f 7606 7705 7706
f 7606 7706 7607
f 7607 7706 7707
f 7607 7707 7608
f 7608 7707 7708
f 7608 7708 7609
f 7609 7708 7709
f 7609 7709 7610
f 7610 7709 7710
f 7610 7710 7611
f 7611 7710 7711
f 7611 7711 7612
f 7612 7711 7712
f 7612 7712 7613
f 7613 7712 7713
f 7613 7713 7614
f 7614 7713 7714
f 7614 7714 7615
f 7615 7714 7715
f 7615 7715 7616
f 7616 7715 7716
f 7616 7716 7617
f 7617 7716 7717
f 7617 7717 7618
f 7618 7717 7718
f 7618 7718 7619
f 7619 7718 7719
f 7619 7719 7620
f 7620 7719 7720
f 7620 7720 7621
f 7621 7720 7721
f 7621 7721 7622
f 7622 7721 7722
f 7622 7722 7623
f 7623 7722 7723
f 7623 7723 7624
f 7624 7723 7724
f 7624 7724 7625
f 7625 7724 7725
f 7625 7725 7626
f 7626 7725 7726
f 7626 7726 7627
f 7627 7726 7727
f 7627 7727 7628
f 7628 7727 7728
f 7628 7728 7629
f 7629 7728 7729
f 7629 7729 7630
f 7630 7729 7730
f 7630 7730 7631
f 7631 7730 7731
f 7631 7731 7632
f 7632 7731 7732
f 7632 7732 7633
f 7633 7732 7733
f 7633 7733 7634
f 7634 7733 7734
f 7634 7734 7635
f 7635 7734 7735
f 7635 7735 7636
f 7636 7735 7736
f 7636 7736 7637
f 7637 7736 7737
f 7637 7737 7638
f 7638 7737 7738
f 7638 7738 7639
f 7639 7738 7739
f 7639 7739 7640
f 7640 7739 7740
f 7640 7740 7641
f 7641 7740 7741
f 7641 7741 7642
f 7642 7741 7742
f 7642 7742 7643
f 7643 7742 7743
f 7643 7743 7644
f 7644 7743 7744
f 7644 7744 7645
f 7645 7744 7745
f 7645 7745 7646
f 7646 7745 7746
f 7646 7746 7647
f 7647 7746 7747
f 7647 7747 7648
f 7648 7747 7748
f 7648 7748 7649
f 7649 7748 7749
f 7649 7749 7650
f 7650 7749 7750
f 7650 7750 7651
f 7651 7750 7751
f 7651 7751 7652
f 7652 7751 7752
f 7652 7752 7653
f 7653 7752 7753
f 7653 7753 7654
f 7654 7753 7754
f 7654 7754 7655
f 7655 7754 7755
f 7655 7755 7656
f 7656 7755 7756
f 7656 7756 7657
f 7657 7756 7757
f 7657 7757 7658
f 7658 7757 7758
f 7658 7758 7659
f 7659 7758 7759
f 7659 7759 7660
f 7660 7759 7760
f 7660 7760 7661
f 7661 7760 7761
f 7661 7761 7662
f 7662 7761 7762
f 7662 7762 7663
f 7663 7762 7763
f 7663 7763 7664
f 7664 7763 7764
f 7664 7764 7665
f 7665 7764 7765
f 7665 7765 7666
f 7666 7765 7766
f 7666 7766 7667
f 7667 7766 7767
f 7667 7767 7668
f 7668 7767 7768
f 7668 7768 7669
f 7669 7768 7769
f 7669 7769 7670
f 7670 7769 7770
f 7670 7770 7671
f 7671 7770 7771
f 7671 7771 7672
f 7672 7771 7772
f 7672 7772 7673
f 7673 7772 7773
f 7673 7773 7674
f 7674 7773 7774
f 7674 7774 7675
f 7675 7774 7775
f 7675 7775 7676
f 7676 7775 7776
f 7676 7776 7677
f 7677 7776 7777
f 7677 7777 7678
f 7678 7777 7778
f 7678 7778 7679
f 7679 7778 7779
f 7679 7779 7680
f 7680 7779 7780
f 7680 7780 7681
f 7681 7780 7781
f 7681 7781 7682
f 7682 7781 7782
f 7682 7782 7683
f 7683 7782 7783
f 7683 7783 7684
f 7684 7783 7784
f 7684 7784 7685
f 7685 7784 7785
f 7685 7785 7686
f 7686 7785 7786
f 7686 7786 7687
f 7687 7786 7787
f 7687 7787 7688
f 7688 7787 7788
f 7688 7788 7689
f 7689 7788 7789
f 7689 7789 7690
f 7690 7789 7790
f 7690 7790 7691
f 7691 7790 7791
f 7691 7791 7692
f 7692 7791 7792
f 7692 7792 7693
f 7693 7792 7793
f 7693 7793 7694
f 7694 7793 7794
f 7694 7794 7695
f 7695 7794 7795
f 7695 7795 7696
f 7696 7795 7796
f 7696 7796 7697
f 7697 7796 7797
f 7697 7797 7698
f 7698 7797 7798
f 7698 7798 7699
f 7699 7798 7799
f 7699 7799 7700
f 7700 7799 7800
f 7701 7801 7702
f 7702 7801 7802
f 7702 7802 7703
f 7703 7802 7803
f 7703 7803 7704
f 7704 7803 7804
f 7704 7804 7705
f 7705 7804 7805
f 7705 7805 7706
f 7706 7805 7806
f 7706 7806 7707
f 7707 7806 7807
f 7707 7807 7708
f 7708 7807 7808
f 7708 7808 7709
f 7709 7808 7809
f 7709 7809 7710
f 7710 7809 7810
f 7710 7810 7711
f 7711 7810 7811
f 7711 7811 7712
f 7712 7811 7812
f 7712 7812 7713
f 7713 7812 7813
f 7713 7813 7714
f 7714 7813 7814
f 7714 7814 7715
f 7715 7814 7815
f 7715 7815 7716
f 7716 7815 7816
f 7716 7816 7717
f 7717 7816 7817
f 7717 7817 7718
f 7718 7817 7818
f 7718 7818 7719
f 7719 7818 7819
f 7719 7819 7720
f 7720 7819 7820
f 7720 7820 7721
f 7721 7820 7821
f 7721 7821 7722
f 7722 7821 7822
f 7722 7822 7723
f 7723 7822 7823
f 7723 7823 7724
f 7724 7823 7824
f 7724 7824 7725
f 7725 7824 7825
f 7725 7825 7726
f 7726 7825 7826
f 7726 7826 7727
f 7727 7826 7827
f 7727 7827 7728
f 7728 7827 7828
f 7728 7828 7729
f 7729 7828 7829
f 7729 7829 7730
f 7730 7829 7830
f 7730 7830 7731
f 7731 7830 7831
f 7731 7831 7732
f 7732 7831 7832
f 7732 7832 7733
f 7733 7832 7833
f 7733 7833 7734
f 7734 7833 7834
f 7734 7834 7735
f 7735 7834 7835
f 7735 7835 7736
f 7736 7835 7836
f 7736 7836 7737
f 7737 7836 7837
f 7737 7837 7738
f 7738 7837 7838
f 7738 7838 7739
f 7739 7838 7839
f 7739 7839 7740
f 7740 7839 7840
f 7740 7840 7741
f 7741 7840 7841
f 7741 7841 7742
f 7742 7841 7842
f 7742 7842 7743
f 7743 7842 7843
f 7743 7843 7744
f 7744 7843 7844
f 7744 7844 7745
f 7745 7844 7845
f 7745 7845 7746
f 7746 7845 7846
f 7746 7846 7747
f 7747 7846 7847
f 7747 7847 7748
f 7748 7847 7848
f 7748 7848 7749
f 7749 7848 7849
f 7749 7849 7750
f 7750 7849 7850
f 7750 7850 7751
f 7751 7850 7851
f 7751 7851 7752
f 7752 7851 7852
f 7752 7852 7753
f 7753 7852 7853
f 7753 7853 7754
f 7754 7853 7854
f 7754 7854 7755
f 7755 7854 7855
f 7755 7855 7756
f 7756 7855 7856
f 7756 7856 7757
f 7757 7856 7857
f 7757 7857 7758
f 7758 7857 7858
f 7758 7858 7759
f 7759 7858 7859
f 7759 7859 7760
f 7760 7859 7860
f 7760 7860 7761
f 7761 7860 7861
f 7761 7861 7762
f 7762 7861 7862
f 7762 7862 7763
f 7763 7862 7863
f 7763 7863 7764
f 7764 7863 7864
f 7764 7864 7765
f 7765 7864 7865
f 7765 7865 7766
f 7766 7865 7866
f 7766 7866 7767
f 7767 7866 7867
f 7767 7867 7768
f 7768 7867 7868
f 7768 7868 7769
f 7769 7868 7869
f 7769 7869 7770
f 7770 7869 7870
f 7770 7870 7771
f 7771 7870 7871
f 7771 7871 7772
f 7772 7871 7872
f 7772 7872 7773
f 7773 7872 7873
f 7773 7873 7774
f 7774 7873 7874
f 7774 7874 7775
f 7775 7874 7875
f 7775 7875 7776
f 7776 7875 7876
f 7776 7876 7777
f 7777 7876 7877
f 7777 7877 7778
f 7778 7877 7878
f 7778 7878 7779
f 7779 7878 7879
f 7779 7879 7780
f 7780 7879 7880
f 7780 7880 7781
f 7781 7880 7881
f 7781 7881 7782
f 7782 7881 7882
f 7782 7882 7783
f 7783 7882 7883
f 7783 7883 7784
f 7784 7883 7884
f 7784 7884 7785
f 7785 7884 7885
f 7785 7885 7786
f 7786 7885 7886
f 7786 7886 7787
f 7787 7886 7887
f 7787 7887 7788
f 7788 7887 7888
f 7788 7888 7789
f 7789 7888 7889
f 7789 7889 7790
f 7790 7889 7890
f 7790 7890 7791
f 7791 7890 7891
f 7791 7891 7792
f 7792 7891 7892
f 7792 7892 7793
f 7793 7892 7893
f 7793 7893 7794
f 7794 7893 7894
f 7794 7894 7795
f 7795 7894 7895
f 7795 7895 7796
f 7796 7895 7896
f 7796 7896 7797
f 7797 7896 7897
f 7797 7897 7798
f 7798 7897 7898
f 7798 7898 7799
f 7799 7898 7899
f 7799 7899 7800
f 7800 7899 7900
f 7801 7901 7802
f 7802 7901 7902
f 7802 7902 7803
f 7803 7902 7903
f 7803 7903 7804
f 7804 7903 7904
f 7804 7904 7805
f 7805 7904 7905
f 7805 7905 7806
f 7806 7905 7906
f 7806 7906 7807
f 7807 7906 7907
f 7807 7907 7808
f 7808 7907 7908
f 7808 7908 7809
f 7809 7908 7909
f 7809 7909 7810
f 7810 7909 7910
f 7810 7910 7811
f 7811 7910 7911
f 7811 7911 7812
f 7812 7911 7912
f 7812 7912 7813
f 7813 7912 7913
f 7813 7913 7814
f 7814 7913 7914
f 7814 7914 7815
f 7815 7914 7915
f 7815 7915 7816
f 7816 7915 7916
f 7816 7916 7817
f 7817 7916 7917
f 7817 7917 7818
f 7818 7917 7918
f 7818 7918 7819
f 7819 7918 7919
f 7819 7919 7820
f 7820 7919 7920
f 7820 7920 7821
f 7821 7920 7921
f 7821 7921 7822
f 7822 7921 7922
f 7822 7922 7823
f 7823 7922 7923
f 7823 7923 7824
f 7824 7923 7924
f 7824 7924 7825
f 7825 7924 7925
f 7825 7925 7826
f 7826 7925 7926
f 7826 7926 7827
f 7827 7926 7927
f 7827 7927 7828
f 7828 7927 7928
f 7828 7928 7829
f 7829 7928 7929
f 7829 7929 7830
f 7830 7929 7930
f 7830 7930 7831
f 7831 7930 7931
f 7831 7931 7832
f 7832 7931 7932
f 7832 7932 7833
f 7833 7932 7933
f 7833 7933 7834
f 7834 7933 7934
f 7834 7934 7835
f 7835 7934 7935
f 7835 7935 7836
f 7836 7935 7936
f 7836 7936 7837
f 7837 7936 7937
f 7837 7937 7838
f 7838 7937 7938
f 7838 7938 7839
f 7839 7938 7939
f 7839 7939 7840
f 7840 7939 7940
f 7840 7940 7841
f 7841 7940 7941
f 7841 7941 7842
f 7842 7941 7942
f 7842 7942 7843
f 7843 7942 7943
f 7843 7943 7844
f 7844 7943 7944
f 7844 7944 7845
f 7845 7944 7945
f 7845 7945 7846
f 7846 7945 7946
f 7846 7946 7847
f 7847 7946 7947
f 7847 7947 7848
f 7848 7947 7948
f 7848 7948 7849
f 7849 7948 7949
f 7849 7949 7850
f 7850 7949 7950
f 7850 7950 7851
f 7851 7950 7951
f 7851 7951 7852
f 7852 7951 7952
f 7852 7952 7853
f 7853 7952 7953
f 7853 7953 7854
f 7854 7953 7954
f 7854 7954 7855
f 7855 7954 7955
f 7855 7955 7856
f 7856 7955 7956
f 7856 7956 7857
f 7857 7956 7957
f 7857 7957 7858
f 7858 7957 7958
f 7858 7958 7859
f 7859 7958 7959
f 7859 7959 7860
f 7860 7959 7960
f 7860 7960 7861
f 7861 7960 7961
f 7861 7961 7862
f 7862 7961 7962
f 7862 7962 7863
f 7863 7962 7963
f 7863 7963 7864
f 7864 7963 7964
f 7864 7964 7865
f 7865 7964 7965
f 7865 7965 7866
f 7866 7965 7966
f 7866 7966 7867
f 7867 7966 7967
f 7867 7967 7868
f 7868 7967 7968
f 7868 7968 7869
f 7869 7968 7969
f 7869 7969 7870
f 7870 7969 7970
f 7870 7970 7871
f 7871 7970 7971
f 7871 7971 7872
f 7872 7971 7972
f 7872 7972 7873
f 7873 7972 7973
f 7873 7973 7874
f 7874 7973 7974
f 7874 7974 7875
f 7875 7974 7975
f 7875 7975 7876
f 7876 7975 7976
f 7876 7976 7877
f 7877 7976 7977
f 7877 7977 7878
f 7878 7977 7978
f 7878 7978 7879
f 7879 7978 7979
f 7879 7979 7880
f 7880 7979 7980
f 7880 7980 7881
f 7881 7980 7981
f 7881 7981 7882
f 7882 7981 7982
f 7882 7982 7883
f 7883 7982 7983
f 7883 7983 7884
f 7884 7983 7984
f 7884 7984 7885
f 7885 7984 7985
f 7885 7985 7886
f 7886 7985 7986
f 7886 7986 7887
f 7887 7986 7987
f 7887 7987 7888
f 7888 7987 7988
f 7888 7988 7889
f 7889 7988 7989
f 7889 7989 7890
f 7890 7989 7990
f 7890 7990 7891
f 7891 7990 7991
f 7891 7991 7892
f 7892 7991 7992
f 7892 7992 7893
f 7893 7992 7993
f 7893 7993 7894
f 7894 7993 7994
f 7894 7994 7895
f 7895 7994 7995
f 7895 7995 7896
f 7896 7995 7996
f 7896 7996 7897
f 7897 7996 7997
f 7897 7997 7898
f 7898 7997 7998
f 7898 7998 7899
f 7899 7998 7999
f 7899 7999 7900
f 7900 7999 8000
f 7901 8001 7902
f 7902 8001 8002
f 7902 8002 7903
f 7903 8002 8003
f 7903 8003 7904
f 7904 8003 8004
f 7904 8004 7905
f 7905 8004 8005
f 7905 8005 7906
f 7906 8005 8006
f 7906 8006 7907
f 7907 8006 8007
f 7907 8007 7908
f 7908 8007 8008
f 7908 8008 7909
f 7909 8008 8009
f 7909 8009 7910
f 7910 8009 8010
f 7910 8010 7911
f 7911 8010 8011
f 7911 8011 7912
f 7912 8011 8012
f 7912 8012 7913
f 7913 8012 8013
f 7913 8013 7914
f 7914 8013 8014
f 7914 8014 7915
f 7915 8014 8015
f 7915 8015 7916
f 7916 8015 8016
f 7916 8016 7917
f 7917 8016 8017
f 7917 8017 7918
f 7918 8017 8018
f 7918 8018 7919
f 7919 8018 8019
f 7919 8019 7920
f 7920 8019 8020
f 7920 8020 7921
f 7921 8020 8021
f 7921 8021 7922
f 7922 8021 8022
f 7922 8022 7923
f 7923 8022 8023
f 7923 8023 7924
f 7924 8023 8024
f 7924 8024 7925
f 7925 8024 8025
f 7925 8025 7926
f 7926 8025 8026
f 7926 8026 7927
f 7927 8026 8027
f 7927 8027 7928
f 7928 8027 8028
f 7928 8028 7929
f 7929 8028 8029
f 7929 8029 7930
f 7930 8029 8030
f 7930 8030 7931
f 7931 8030 8031
f 7931 8031 7932
f 7932 8031 8032
f 7932 8032 7933
f 7933 8032 8033
f 7933 8033 7934
f 7934 8033 8034
f 7934 8034 7935
f 7935 8034 8035
f 7935 8035 7936
f 7936 8035 8036
f 7936 8036 7937
f 7937 8036 8037
f 7937 8037 7938
f 7938 8037 8038
f 7938 8038 7939
f 7939 8038 8039
f 7939 8039 7940
f 7940 8039 8040
f 7940 8040 7941
f 7941 8040 8041
f 7941 8041 7942
f 7942 8041 8042
f 7942 8042 7943
f 7943 8042 8043
f 7943 8043 7944
f 7944 8043 8044
f 7944 8044 7945
f 7945 8044 8045
f 7945 8045 7946
f 7946 8045 8046
f 7946 8046 7947
f 7947 8046 8047
f 7947 8047 7948
f 7948 8047 8048
f 7948 8048 7949
f 7949 8048 8049
f 7949 8049 7950
f 7950 8049 8050
f 7950 8050 7951
f 7951 8050 8051
f 7951 8051 7952
f 7952 8051 8052
f 7952 8052 7953
f 7953 8052 8053
f 7953 8053 7954
f 7954 8053 8054
f 7954 8054 7955
f 7955 8054 8055
f 7955 8055 7956
f 7956 8055 8056
f 7956 8056 7957
f 7957 8056 8057
f 7957 8057 7958
f 7958 8057 8058
f 7958 8058 7959
f 7959 8058 8059
f 7959 8059 7960
f 7960 8059 8060
f 7960 8060 7961
f 7961 8060 8061
f 7961 8061 7962
f 7962 8061 8062
f 7962 8062 7963
f 7963 8062 8063
f 7963 8063 7964
f 7964 8063 8064
f 7964 8064 7965
f 7965 8064 8065
f 7965 8065 7966
f 7966 8065 8066
f 7966 8066 7967
f 7967 8066 8067
f 7967 8067 7968
f 7968 8067 8068
f 7968 8068 7969
f 7969 8068 8069
f 7969 8069 7970
f 7970 8069 8070
f 7970 8070 7971
f 7971 8070 8071
f 7971 8071 7972
f 7972 8071 8072
f 7972 8072 7973
f 7973 8072 8073
f 7973 8073 7974
f 7974 8073 8074
f 7974 8074 7975
f 7975 8074 8075
f 7975 8075 7976
f 7976 8075 8076
f 7976 8076 7977
f 7977 8076 8077
f 7977 8077 7978
f 7978 8077 8078
f 7978 8078 7979
f 7979 8078 8079
f 7979 8079 7980
f 7980 8079 8080
f 7980 8080 7981
f 7981 8080 8081
f 7981 8081 7982
f 7982 8081 8082
f 7982 8082 7983
f 7983 8082 8083
f 7983 8083 7984
f 7984 8083 8084
f 7984 8084 7985
f 7985 8084 8085
f 7985 8085 7986
f 7986 8085 8086
f 7986 8086 7987
f 7987 8086 8087
f 7987 8087 7988
f 7988 8087 8088
f 7988 8088 7989
f 7989 8088 8089
f 7989 8089 7990
f 7990 8089 8090
f 7990 8090 7991
f 7991 8090 8091
f 7991 8091 7992
f 7992 8091 8092
f 7992 8092 7993
f 7993 8092 8093
f 7993 8093 7994
f 7994 8093 8094
f 7994 8094 7995
f 7995 8094 8095
f 7995 8095 7996
f 7996 8095 8096
f 7996 8096 7997
f 7997 8096 8097
f 7997 8097 7998
f 7998 8097 8098
f 7998 8098 7999
f 7999 8098 8099
f 7999 8099 8000
f 8000 8099 8100
f 8001 8101 8002
f 8002 8101 8102
f 8002 8102 8003
f 8003 8102 8103
f 8003 8103 8004
f 8004 8103 8104
f 8004 8104 8005
f 8005 8104 8105
f 8005 8105 8006
f 8006 8105 8106
f 8006 8106 8007
f 8007 8106 8107
f 8007 8107 8008
f 8008 8107 8108
f 8008 8108 8009
f 8009 8108 8109
f 8009 8109 8010
f 8010 8109 8110
f 8010 8110 8011
f 8011 8110 8111
f 8011 8111 8012
f 8012 8111 8112
f 8012 8112 8013
f 8013 8112 8113
f 8013 8113 8014
f 8014 8113 8114
f 8014 8114 8015
f 8015 8114 8115
f 8015 8115 8016
f 8016 8115 8116
f 8016 8116 8017
f 8017 8116 8117
f 8017 8117 8018
f 8018 8117 8118
f 8018 8118 8019
f 8019 8118 8119
f 8019 8119 8020
f 8020 8119 8120
f 8020 8120 8021
f 8021 8120 8121
f 8021 8121 8022
f 8022 8121 8122
f 8022 8122 8023
f 8023 8122 8123
f 8023 8123 8024
f 8024 8123 8124
f 8024 8124 8025
f 8025 8124 8125
f 8025 8125 8026
f 8026 8125 8126
f 8026 8126 8027
f 8027 8126 8127
f 8027 8127 8028
f 8028 8127 8128
f 8028 8128 8029
f 8029 8128 8129
f 8029 8129 8030
f 8030 8129 8130
f 8030 8130 8031
f 8031 8130 8131
f 8031 8131 8032
f 8032 8131 8132
f 8032 8132 8033
f 8033 8132 8133
f 8033 8133 8034
f 8034 8133 8134
f 8034 8134 8035
f 8035 8134 8135
f 8035 8135 8036
f 8036 8135 8136
f 8036 8136 8037
f 8037 8136 8137
f 8037 8137 8038
f 8038 8137 8138
f 8038 8138 8039
f 8039 8138 8139
f 8039 8139 8040
f 8040 8139 8140
f 8040 8140 8041
f 8041 8140 8141
f 8041 8141 8042
f 8042 8141 8142
f 8042 8142 8043
f 8043 8142 8143
f 8043 8143 8044
f 8044 8143 8144
f 8044 8144 8045
f 8045 8144 8145
f 8045 8145 8046
f 8046 8145 8146
f 8046 8146 8047
f 8047 8146 8147
f 8047 8147 8048
f 8048 8147 8148
f 8048 8148 8049
f 8049 8148 8149
f 8049 8149 8050
f 8050 8149 8150
f 8050 8150 8051
f 8051 8150 8151
f 8051 8151 8052
f 8052 8151 8152
f 8052 8152 8053
f 8053 8152 8153
f 8053 8153 8054
f 8054 8153 8154
f 8054 8154 8055
f 8055 8154 8155
f 8055 8155 8056
f 8056 8155 8156
f 8056 8156 8057
f 8057 8156 8157
f 8057 8157 8058
f 8058 8157 8158
f 8058 8158 8059
f 8059 8158 8159
f 8059 8159 8060
f 8060 8159 8160
f 8060 8160 8061
f 8061 8160 8161
f 8061 8161 8062
f 8062 8161 8162
f 8062 8162 8063
f 8063 8162 8163
f 8063 8163 8064
f 8064 8163 8164
f 8064 8164 8065
f 8065 8164 8165
f 8065 8165 8066
f 8066 8165 8166
f 8066 8166 8067
f 8067 8166 8167
f 8067 8167 8068
f 8068 8167 8168
f 8068 8168 8069
f 8069 8168 8169
f 8069 8169 8070
f 8070 8169 8170
f 8070 8170 8071
f 8071 8170 8171
f 8071 8171 8072
f 8072 8171 8172
f 8072 8172 8073
f 8073 8172 8173
f 8073 8173 8074
f 8074 8173 8174
f 8074 8174 8075
f 8075 8174 8175
f 8075 8175 8076
f 8076 8175 8176
f 8076 8176 8077
f 8077 8176 8177
f 8077 8177 8078
f 8078 8177 8178
f 8078 8178 8079
f 8079 8178 8179
f 8079 8179 8080
f 8080 8179 8180
f 8080 8180 8081
f 8081 8180 8181
f 8081 8181 8082
f 8082 8181 8182
f 8082 8182 8083
f 8083 8182 8183
f 8083 8183 8084
f 8084 8183 8184
f 8084 8184 8085
f 8085 8184 8185
f 8085 8185 8086
f 8086 8185 8186
f 8086 8186 8087
f 8087 8186 8187
f 8087 8187 8088
f 8088 8187 8188
f 8088 8188 8089
f 8089 8188 8189
f 8089 8189 8090
f 8090 8189 8190
f 8090 8190 8091
f 8091 8190 8191
f 8091 8191 8092
f 8092 8191 8192
f 8092 8192 8093
f 8093 8192 8193
f 8093 8193 8094
f 8094 8193 8194
f 8094 8194 8095
f 8095 8194 8195
f 8095 8195 8096
f 8096 8195 8196
f 8096 8196 8097
f 8097 8196 8197
f 8097 8197 8098
f 8098 8197 8198
f 8098 8198 8099
f 8099 8198 8199
f 8099 8199 8100
f 8100 8199 8200
f 8101 8201 8102
f 8102 8201 8202
f 8102 8202 8103
f 8103 8202 8203
f 8103 8203 8104
f 8104 8203 8204
f 8104 8204 8105
f 8105 8204 8205
f 8105 8205 8106
f 8106 8205 8206
f 8106 8206 8107
f 8107 8206 8207
f 8107 8207 8108
f 8108 8207 8208
f 8108 8208 8109
f 8109 8208 8209
f 8109 8209 8110
f 8110 8209 8210
f 8110 8210 8111
f 8111 8210 8211
f 8111 8211 8112
f 8112 8211 8212
f 8112 8212 8113
f 8113 8212 8213
f 8113 8213 8114
f 8114 8213 8214
f 8114 8214 8115
f 8115 8214 8215
f 8115 8215 8116
f 8116 8215 8216
f 8116 8216 8117
f 8117 8216 8217
f 8117 8217 8118
f 8118 8217 8218
f 8118 8218 8119
f 8119 8218 8219
f 8119 8219 8120
f 8120 8219 8220
f 8120 8220 8121
f 8121 8220 8221
f 8121 8221 8122
f 8122 8221 8222
f 8122 8222 8123
f 8123 8222 8223
f 8123 8223 8124
f 8124 8223 8224
f 8124 8224 8125
f 8125 8224 8225
f 8125 8225 8126
f 8126 8225 8226
f 8126 8226 8127
f 8127 8226 8227
f 8127 8227 8128
f 8128 8227 8228
f 8128 8228 8129
f 8129 8228 8229
f 8129 8229 8130
f 8130 8229 8230
f 8130 8230 8131
f 8131 8230 8231
f 8131 8231 8132
f 8132 8231 8232
f 8132 8232 8133
f 8133 8232 8233
f 8133 8233 8134
f 8134 8233 8234
f 8134 8234 8135
f 8135 8234 8235
f 8135 8235 8136
f 8136 8235 8236
f 8136 8236 8137
f 8137 8236 8237
f 8137 8237 8138
f 8138 8237 8238
f 8138 8238 8139
f 8139 8238 8239
f 8139 8239 8140
f 8140 8239 8240
f 8140 8240 8141
f 8141 8240 8241
f 8141 8241 8142
f 8142 8241 8242
f 8142 8242 8143
f 8143 8242 8243
f 8143 8243 8144
f 8144 8243 8244
f 8144 8244 8145
f 8145 8244 8245
f 8145 8245 8146
f 8146 8245 8246
f 8146 8246 8147
f 8147 8246 8247
f 8147 8247 8148
f 8148 8247 8248
f 8148 8248 8149
f 8149 8248 8249
f 8149 8249 8150
f 8150 8249 8250
f 8150 8250 8151
f 8151 8250 8251
f 8151 8251 8152
f 8152 8251 8252
f 8152 8252 8153
f 8153 8252 8253
f 8153 8253 8154
f 8154 8253 8254
f 8154 8254 8155
f 8155 8254 8255
f 8155 8255 8156
f 8156 8255 8256
f 8156 8256 8157
f 8157 8256 8257
f 8157 8257 8158
f 8158 8257 8258
f 8158 8258 8159
f 8159 8258 8259
f 8159 8259 8160
f 8160 8259 8260
f 8160 8260 8161
f 8161 8260 8261
f 8161 8261 8162
f 8162 8261 8262
f 8162 8262 8163
f 8163 8262 8263
f 8163 8263 8164
f 8164 8263 8264
f 8164 8264 8165
f 8165 8264 8265
f 8165 8265 8166
f 8166 8265 8266
f 8166 8266 8167
f 8167 8266 8267
f 8167 8267 8168
f 8168 8267 8268
f 8168 8268 8169
f 8169 8268 8269
f 8169 8269 8170
f 8170 8269 8270
f 8170 8270 8171
f 8171 8270 8271
f 8171 8271 8172
f 8172 8271 8272
f 8172 8272 8173
f 8173 8272 8273
f 8173 8273 8174
f 8174 8273 8274
f 8174 8274 8175
f 8175 8274 8275
f 8175 8275 8176
f 8176 8275 8276
f 8176 8276 8177
f 8177 8276 8277
f 8177 8277 8178
f 8178 8277 8278
f 8178 8278 8179
f 8179 8278 8279
f 8179 8279 8180
f 8180 8279 8280
f 8180 8280 8181
f 8181 8280 8281
f 8181 8281 8182
f 8182 8281 8282
f 8182 8282 8183
f 8183 8282 8283
f 8183 8283 8184
f 8184 8283 8284
f 8184 8284 8185
f 8185 8284 8285
f 8185 8285 8186
f 8186 8285 8286
f 8186 8286 8187
f 8187 8286 8287
f 8187 8287 8188
f 8188 8287 8288
f 8188 8288 8189
f 8189 8288 8289
f 8189 8289 8190
f 8190 8289 8290
f 8190 8290 8191
f 8191 8290 8291
f 8191 8291 8192
f 8192 8291 8292
f 8192 8292 8193
f 8193 8292 8293
f 8193 8293 8194
f 8194 8293 8294
f 8194 8294 8195
f 8195 8294 8295
f 8195 8295 8196
f 8196 8295 8296
f 8196 8296 8197
f 8197 8296 8297
f 8197 8297 8198
f 8198 8297 8298
f 8198 8298 8199
f 8199 8298 8299
f 8199 8299 8200
f 8200 8299 8300
f 8201 8301 8202
f 8202 8301 8302
f 8202 8302 8203
f 8203 8302 8303
f 8203 8303 8204
f 8204 8303 8304
f 8204 8304 8205
f 8205 8304 8305
f 8205 8305 8206
f 8206 8305 8306
f 8206 8306 8207
f 8207 8306 8307
f 8207 8307 8208
f 8208 8307 8308
f 8208 8308 8209
f 8209 8308 8309
f 8209 8309 8210
f 8210 8309 8310
f 8210 8310 8211
f 8211 8310 8311
f 8211 8311 8212
f 8212 8311 8312
f 8212 8312 8213
f 8213 8312 8313
f 8213 8313 8214
f 8214 8313 8314
f 8214 8314 8215
f 8215 8314 8315
f 8215 8315 8216
f 8216 8315 8316
f 8216 8316 8217
f 8217 8316 8317
f 8217 8317 8218
f 8218 8317 8318
f 8218 8318 8219
f 8219 8318 8319
f 8219 8319 8220
f 8220 8319 8320
f 8220 8320 8221
f 8221 8320 8321
f 8221 8321 8222
f 8222 8321 8322
f 8222 8322 8223
f 8223 8322 8323
f 8223 8323 8224
f 8224 8323 8324
f 8224 8324 8225
f 8225 8324 8325
f 8225 8325 8226
f 8226 8325 8326
f 8226 8326 8227
f 8227 8326 8327
f 8227 8327 8228
f 8228 8327 8328
f 8228 8328 8229
f 8229 8328 8329
f 8229 8329 8230
f 8230 8329 8330
f 8230 8330 8231
f 8231 8330 8331
f 8231 8331 8232
f 8232 8331 8332
f 8232 8332 8233
f 8233 8332 8333
f 8233 8333 8234
f 8234 8333 8334
f 8234 8334 8235
f 8235 8334 8335
f 8235 8335 8236
f 8236 8335 8336
f 8236 8336 8237
f 8237 8336 8337
f 8237 8337 8238
f 8238 8337 8338
f 8238 8338 8239
f 8239 8338 8339
f 8239 8339 8240
f 8240 8339 8340
f 8240 8340 8241
f 8241 8340 8341
f 8241 8341 8242
f 8242 8341 8342
f 8242 8342 8243
f 8243 8342 8343
f 8243 8343 8244
f 8244 8343 8344
f 8244 8344 8245
f 8245 8344 8345
f 8245 8345 8246
f 8246 8345 8346
f 8246 8346 8247
f 8247 8346 8347
f 8247 8347 8248
f 8248 8347 8348
f 8248 8348 8249
f 8249 8348 8349
f 8249 8349 8250
f 8250 8349 8350
f 8250 8350 8251
f 8251 8350 8351
f 8251 8351 8252
f 8252 8351 8352
f 8252 8352 8253
f 8253 8352 8353
f 8253 8353 8254
f 8254 8353 8354
f 8254 8354 8255
f 8255 8354 8355
f 8255 8355 8256
f 8256 8355 8356
f 8256 8356 8257
f 8257 8356 8357
f 8257 8357 8258
f 8258 8357 8358
f 8258 8358 8259
f 8259 8358 8359
f 8259 8359 8260
f 8260 8359 8360
f 8260 8360 8261
f 8261 8360 8361
f 8261 8361 8262
f 8262 8361 8362
f 8262 8362 8263
f 8263 8362 8363
f 8263 8363 8264
f 8264 8363 8364
f 8264 8364 8265
f 8265 8364 8365
f 8265 8365 8266
f 8266 8365 8366
f 8266 8366 8267
f 8267 8366 8367
f 8267 8367 8268
f 8268 8367 8368
f 8268 8368 8269
f 8269 8368 8369
f 8269 8369 8270
f 8270 8369 8370
f 8270 8370 8271
f 8271 8370 8371
f 8271 8371 8272
f 8272 8371 8372
f 8272 8372 8273
f 8273 8372 8373
f 8273 8373 8274
f 8274 8373 8374
f 8274 8374 8275
f 8275 8374 8375
f 8275 8375 8276
f 8276 8375 8376
f 8276 8376 8277
f 8277 8376 8377
f 8277 8377 8278
f 8278 8377 8378
f 8278 8378 8279
f 8279 8378 8379
f 8279 8379 8280
f 8280 8379 8380
f 8280 8380 8281
f 8281 8380 8381
f 8281 8381 8282
f 8282 8381 8382
f 8282 8382 8283
f 8283 8382 8383
f 8283 8383 8284
f 8284 8383 8384
f 8284 8384 8285
f 8285 8384 8385
f 8285 8385 8286
f 8286 8385 8386
f 8286 8386 8287
f 8287 8386 8387
f 8287 8387 8288
f 8288 8387 8388
f 8288 8388 8289
f 8289 8388 8389
f 8289 8389 8290
f 8290 8389 8390
f 8290 8390 8291
f 8291 8390 8391
f 8291 8391 8292
f 8292 8391 8392
f 8292 8392 8293
f 8293 8392 8393
f 8293 8393 8294
f 8294 8393 8394
f 8294 8394 8295
f 8295 8394 8395
f 8295 8395 8296
f 8296 8395 8396
f 8296 8396 8297
f 8297 8396 8397
f 8297 8397 8298
f 8298 8397 8398
f 8298 8398 8299
f 8299 8398 8399
f 8299 8399 8300
f 8300 8399 8400
f 8301 8401 8302
f 8302 8401 8402
f 8302 8402 8303
f 8303 8402 8403
f 8303 8403 8304
f 8304 8403 8404
f 8304 8404 8305
f 8305 8404 8405
f 8305 8405 8306
f 8306 8405 8406
f 8306 8406 8307
f 8307 8406 8407
f 8307 8407 8308
f 8308 8407 8408
f 8308 8408 8309
f 8309 8408 8409
f 8309 8409 8310
f 8310 8409 8410
f 8310 8410 8311
f 8311 8410 8411
f 8311 8411 8312
f 8312 8411 8412
f 8312 8412 8313
f 8313 8412 8413
f 8313 8413 8314
f 8314 8413 8414
f 8314 8414 8315
f 8315 8414 8415
f 8315 8415 8316
f 8316 8415 8416
f 8316 8416 8317
f 8317 8416 8417
f 8317 8417 8318
f 8318 8417 8418
f 8318 8418 8319
f 8319 8418 8419
f 8319 8419 8320
f 8320 8419 8420
f 8320 8420 8321
f 8321 8420 8421
f 8321 8421 8322
f 8322 8421 8422
f 8322 8422 8323
f 8323 8422 8423
f 8323 8423 8324
f 8324 8423 8424
f 8324 8424 8325
f 8325 8424 8425
f 8325 8425 8326
f 8326 8425 8426
f 8326 8426 8327
f 8327 8426 8427
f 8327 8427 8328
f 8328 8427 8428
f 8328 8428 8329
f 8329 8428 8429
f 8329 8429 8330
f 8330 8429 8430
f 8330 8430 8331
f 8331 8430 8431
f 8331 8431 8332
f 8332 8431 8432
f 8332 8432 8333
f 8333 8432 8433
f 8333 8433 8334
f 8334 8433 8434
f 8334 8434 8335
f 8335 8434 8435
f 8335 8435 8336
f 8336 8435 8436
f 8336 8436 8337
f 8337 8436 8437
f 8337 8437 8338
f 8338 8437 8438
f 8338 8438 8339
f 8339 8438 8439
f 8339 8439 8340
f 8340 8439 8440
f 8340 8440 8341
f 8341 8440 8441
f 8341 8441 8342
f 8342 8441 8442
f 8342 8442 8343
f 8343 8442 8443
f 8343 8443 8344
f 8344 8443 8444
f 8344 8444 8345
f 8345 8444 8445
f 8345 8445 8346
f 8346 8445 8446
f 8346 8446 8347
f 8347 8446 8447
f 8347 8447 8348
f 8348 8447 8448
f 8348 8448 8349
f 8349 8448 8449
f 8349 8449 8350
f 8350 8449 8450
f 8350 8450 8351
f 8351 8450 8451
f 8351 8451 8352
f 8352 8451 8452
f 8352 8452 8353
f 8353 8452 8453
f 8353 8453 8354
f 8354 8453 8454
f 8354 8454 8355
f 8355 8454 8455
f 8355 8455 8356
f 8356 8455 8456
f 8356 8456 8357
f 8357 8456 8457
f 8357 8457 8358
f 8358 8457 8458
f 8358 8458 8359
f 8359 8458 8459
f 8359 8459 8360
f 8360 8459 8460
f 8360 8460 8361
f 8361 8460 8461
f 8361 8461 8362
f 8362 8461 8462
f 8362 8462 8363
f 8363 8462 8463
f 8363 8463 8364
f 8364 8463 8464
f 8364 8464 8365
f 8365 8464 8465
f 8365 8465 8366
f 8366 8465 8466
f 8366 8466 8367
f 8367 8466 8467
f 8367 8467 8368
f 8368 8467 8468
f 8368 8468 8369
f 8369 8468 8469
f 8369 8469 8370
f 8370 8469 8470
f 8370 8470 8371
f 8371 8470 8471
f 8371 8471 8372
f 8372 8471 8472
f 8372 8472 8373
f 8373 8472 8473
f 8373 8473 8374
f 8374 8473 8474
f 8374 8474 8375
f 8375 8474 8475
f 8375 8475 8376
f 8376 8475 8476
f 8376 8476 8377
f 8377 8476 8477
f 8377 8477 8378
f 8378 8477 8478
f 8378 8478 8379
f 8379 8478 8479
f 8379 8479 8380
f 8380 8479 8480
f 8380 8480 8381
f 8381 8480 8481
f 8381 8481 8382
f 8382 8481 8482
f 8382 8482 8383
f 8383 8482 8483
f 8383 8483 8384
f 8384 8483 8484
f 8384 8484 8385
f 8385 8484 8485
f 8385 8485 8386
f 8386 8485 8486
f 8386 8486 8387
f 8387 8486 8487
f 8387 8487 8388
f 8388 8487 8488
f 8388 8488 8389
f 8389 8488 8489
f 8389 8489 8390
f 8390 8489 8490
f 8390 8490 8391
f 8391 8490 8491
f 8391 8491 8392
f 8392 8491 8492
f 8392 8492 8393
f 8393 8492 8493
f 8393 8493 8394
f 8394 8493 8494
f 8394 8494 8395
f 8395 8494 8495
f 8395 8495 8396
f 8396 8495 8496
f 8396 8496 8397
f 8397 8496 8497
f 8397 8497 8398
f 8398 8497 8498
f 8398 8498 8399
f 8399 8498 8499
f 8399 8499 8400
f 8400 8499 8500
f 8401 8501 8402
f 8402 8501 8502
f 8402 8502 8403
f 8403 8502 8503
f 8403 8503 8404
f 8404 8503 8504
f 8404 8504 8405
f 8405 8504 8505
f 8405 8505 8406
f 8406 8505 8506
f 8406 8506 8407
f 8407 8506 8507
f 8407 8507 8408
f 8408 8507 8508
f 8408 8508 8409
f 8409 8508 8509
f 8409 8509 8410
f 8410 8509 8510
f 8410 8510 8411
f 8411 8510 8511
f 8411 8511 8412
f 8412 8511 8512
f 8412 8512 8413
f 8413 8512 8513
f 8413 8513 8414
f 8414 8513 8514
f 8414 8514 8415
f 8415 8514 8515
f 8415 8515 8416
f 8416 8515 8516
f 8416 8516 8417
f 8417 8516 8517
f 8417 8517 8418
f 8418 8517 8518
f 8418 8518 8419
f 8419 8518 8519
f 8419 8519 8420
f 8420 8519 8520
f 8420 8520 8421
f 8421 8520 8521
f 8421 8521 8422
f 8422 8521 8522
f 8422 8522 8423
f 8423 8522 8523
f 8423 8523 8424
f 8424 8523 8524
f 8424 8524 8425
f 8425 8524 8525
f 8425 8525 8426
f 8426 8525 8526
f 8426 8526 8427
f 8427 8526 8527
f 8427 8527 8428
f 8428 8527 8528
f 8428 8528 8429
f 8429 8528 8529
f 8429 8529 8430
f 8430 8529 8530
f 8430 8530 8431
f 8431 8530 8531
f 8431 8531 8432
f 8432 8531 8532
f 8432 8532 8433
f 8433 8532 8533
f 8433 8533 8434
f 8434 8533 8534
f 8434 8534 8435
f 8435 8534 8535
f 8435 8535 8436
f 8436 8535 8536
f 8436 8536 8437
f 8437 8536 8537
f 8437 8537 8438
f 8438 8537 8538
f 8438 8538 8439
f 8439 8538 8539
f 8439 8539 8440
f 8440 8539 8540
f 8440 8540 8441
f 8441 8540 8541
f 8441 8541 8442
f 8442 8541 8542
f 8442 8542 8443
f 8443 8542 8543
f 8443 8543 8444
f 8444 8543 8544
f 8444 8544 8445
f 8445 8544 8545
f 8445 8545 8446
f 8446 8545 8546
f 8446 8546 8447
f 8447 8546 8547
f 8447 8547 8448
f 8448 8547 8548
f 8448 8548 8449
f 8449 8548 8549
f 8449 8549 8450
f 8450 8549 8550
f 8450 8550 8451
f 8451 8550 8551
f 8451 8551 8452
f 8452 8551 8552
f 8452 8552 8453
f 8453 8552 8553
f 8453 8553 8454
f 8454 8553 8554
f 8454 8554 8455
f 8455 8554 8555
f 8455 8555 8456
f 8456 8555 8556
f 8456 8556 8457
f 8457 8556 8557
f 8457 8557 8458
f 8458 8557 8558
f 8458 8558 8459
f 8459 8558 8559
f 8459 8559 8460
f 8460 8559 8560
f 8460 8560 8461
f 8461 8560 8561
f 8461 8561 8462
f 8462 8561 8562
f 8462 8562 8463
f 8463 8562 8563
f 8463 8563 8464
f 8464 8563 8564
f 8464 8564 8465
f 8465 8564 8565
f 8465 8565 8466
f 8466 8565 8566
f 8466 8566 8467
f 8467 8566 8567
f 8467 8567 8468
f 8468 8567 8568
f 8468 8568 8469
f 8469 8568 8569
f 8469 8569 8470
f 8470 8569 8570
f 8470 8570 8471
f 8471 8570 8571
f 8471 8571 8472
f 8472 8571 8572
f 8472 8572 8473
f 8473 8572 8573
f 8473 8573 8474
f 8474 8573 8574
f 8474 8574 8475
f 8475 8574 8575
f 8475 8575 8476
f 8476 8575 8576
f 8476 8576 8477
f 8477 8576 8577
f 8477 8577 8478
f 8478 8577 8578
f 8478 8578 8479
f 8479 8578 8579
f 8479 8579 8480
f 8480 8579 8580
f 8480 8580 8481
f 8481 8580 8581
f 8481 8581 8482
f 8482 8581 8582
f 8482 8582 8483
f 8483 8582 8583
f 8483 8583 8484
f 8484 8583 8584
f 8484 8584 8485
f 8485 8584 8585
f 8485 8585 8486
f 8486 8585 8586
f 8486 8586 8487
f 8487 8586 8587
f 8487 8587 8488
f 8488 8587 8588
f 8488 8588 8489
f 8489 8588 8589
f 8489 8589 8490
f 8490 8589 8590
f 8490 8590 8491
f 8491 8590 8591
f 8491 8591 8492
f 8492 8591 8592
f 8492 8592 8493
f 8493 8592 8593
f 8493 8593 8494
f 8494 8593 8594
f 8494 8594 8495
f 8495 8594 8595
f 8495 8595 8496
f 8496 8595 8596
f 8496 8596 8497
f 8497 8596 8597
f 8497 8597 8498
f 8498 8597 8598
f 8498 8598 8499
f 8499 8598 8599
f 8499 8599 8500
f 8500 8599 8600
f 8501 8601 8502
f 8502 8601 8602
f 8502 8602 8503
f 8503 8602 8603
f 8503 8603 8504
f 8504 8603 8604
f 8504 8604 8505
f 8505 8604 8605
f 8505 8605 8506
f 8506 8605 8606
f 8506 8606 8507
f 8507 8606 8607
f 8507 8607 8508
f 8508 8607 8608
f 8508 8608 8509
f 8509 8608 8609
f 8509 8609 8510
f 8510 8609 8610
f 8510 8610 8511
f 8511 8610 8611
f 8511 8611 8512
f 8512 8611 8612
f 8512 8612 8513
f 8513 8612 8613
f 8513 8613 8514
f 8514 8613 8614
f 8514 8614 8515
f 8515 8614 8615
f 8515 8615 8516
f 8516 8615 8616
f 8516 8616 8517
f 8517 8616 8617
f 8517 8617 8518
f 8518 8617 8618
f 8518 8618 8519
f 8519 8618 8619
f 8519 8619 8520
f 8520 8619 8620
f 8520 8620 8521
f 8521 8620 8621
f 8521 8621 8522
f 8522 8621 8622
f 8522 8622 8523
f 8523 8622 8623
f 8523 8623 8524
f 8524 8623 8624
f 8524 8624 8525
f 8525 8624 8625
f 8525 8625 8526
f 8526 8625 8626
f 8526 8626 8527
f 8527 8626 8627
f 8527 8627 8528
f 8528 8627 8628
f 8528 8628 8529
f 8529 8628 8629
f 8529 8629 8530
f 8530 8629 8630
f 8530 8630 8531
f 8531 8630 8631
f 8531 8631 8532
f 8532 8631 8632
f 8532 8632 8533
f 8533 8632 8633
f 8533 8633 8534
f 8534 8633 8634
f 8534 8634 8535
f 8535 8634 8635
f 8535 8635 8536
f 8536 8635 8636
f 8536 8636 8537
f 8537 8636 8637
f 8537 8637 8538
f 8538 8637 8638
f 8538 8638 8539
f 8539 8638 8639
f 8539 8639 8540
f 8540 8639 8640
f 8540 8640 8541
f 8541 8640 8641
f 8541 8641 8542
f 8542 8641 8642
f 8542 8642 8543
f 8543 8642 8643
f 8543 8643 8544
f 8544 8643 8644
f 8544 8644 8545
f 8545 8644 8645
f 8545 8645 8546
f 8546 8645 8646
f 8546 8646 8547
f 8547 8646 8647
f 8547 8647 8548
f 8548 8647 8648
f 8548 8648 8549
f 8549 8648 8649
f 8549 8649 8550
f 8550 8649 8650
f 8550 8650 8551
f 8551 8650 8651
f 8551 8651 8552
f 8552 8651 8652
f 8552 8652 8553
f 8553 8652 8653
f 8553 8653 8554
f 8554 8653 8654
f 8554 8654 8555
f 8555 8654 8655
f 8555 8655 8556
f 8556 8655 8656
f 8556 8656 8557
f 8557 8656 8657
f 8557 8657 8558
f 8558 8657 8658
f 8558 8658 8559
f 8559 8658 8659
f 8559 8659 8560
f 8560 8659 8660
f 8560 8660 8561
f 8561 8660 8661
f 8561 8661 8562
f 8562 8661 8662
f 8562 8662 8563
f 8563 8662 8663
f 8563 8663 8564
f 8564 8663 8664
f 8564 8664 8565
f 8565 8664 8665
f 8565 8665 8566
f 8566 8665 8666
f 8566 8666 8567
f 8567 8666 8667
f 8567 8667 8568
f 8568 8667 8668
f 8568 8668 8569
f 8569 8668 8669
f 8569 8669 8570
f 8570 8669 8670
f 8570 8670 8571
f 8571 8670 8671
f 8571 8671 8572
f 8572 8671 8672
f 8572 8672 8573
f 8573 8672 8673
f 8573 8673 8574
f 8574 8673 8674
f 8574 8674 8575
f 8575 8674 8675
f 8575 8675 8576
f 8576 8675 8676
f 8576 8676 8577
f 8577 8676 8677
f 8577 8677 8578
f 8578 8677 8678
f 8578 8678 8579
f 8579 8678 8679
f 8579 8679 8580
f 8580 8679 8680
f 8580 8680 8581
f 8581 8680 8681
f 8581 8681 8582
f 8582 8681 8682
f 8582 8682 8583
f 8583 8682 8683
f 8583 8683 8584
f 8584 8683 8684
f 8584 8684 8585
f 8585 8684 8685
f 8585 8685 8586
f 8586 8685 8686
f 8586 8686 8587
f 8587 8686 8687
f 8587 8687 8588
f 8588 8687 8688
f 8588 8688 8589
f 8589 8688 8689
f 8589 8689 8590
f 8590 8689 8690
f 8590 8690 8591
f 8591 8690 8691
f 8591 8691 8592
f 8592 8691 8692
f 8592 8692 8593
f 8593 8692 8693
f 8593 8693 8594
f 8594 8693 8694
f 8594 8694 8595
f 8595 8694 8695
f 8595 8695 8596
f 8596 8695 8696
f 8596 8696 8597
f 8597 8696 8697
f 8597 8697 8598
f 8598 8697 8698
f 8598 8698 8599
f 8599 8698 8699
f 8599 8699 8600
f 8600 8699 8700
f 8601 8701 8602
f 8602 8701 8702
f 8602 8702 8603
f 8603 8702 8703
f 8603 8703 8604
f 8604 8703 8704
f 8604 8704 8605
f 8605 8704 8705
f 8605 8705 8606
f 8606 8705 8706
f 8606 8706 8607
f 8607 8706 8707
f 8607 8707 8608
f 8608 8707 8708
f 8608 8708 8609
f 8609 8708 8709
f 8609 8709 8610
f 8610 8709 8710
f 8610 8710 8611
f 8611 8710 8711
f 8611 8711 8612
f 8612 8711 8712
f 8612 8712 8613
f 8613 8712 8713
f 8613 8713 8614
f 8614 8713 8714
f 8614 8714 8615
f 8615 8714 8715
f 8615 8715 8616
f 8616 8715 8716
f 8616 8716 8617
f 8617 8716 8717
f 8617 8717 8618
f 8618 8717 8718
f 8618 8718 8619
f 8619 8718 8719
f 8619 8719 8620
f 8620 8719 8720
f 8620 8720 8621
f 8621 8720 8721
f 8621 8721 8622
f 8622 8721 8722
f 8622 8722 8623
f 8623 8722 8723
f 8623 8723 8624
f 8624 8723 8724
f 8624 8724 8625
f 8625 8724 8725
f 8625 8725 8626
f 8626 8725 8726
f 8626 8726 8627
f 8627 8726 8727
f 8627 8727 8628
f 8628 8727 8728
f 8628 8728 8629
f 8629 8728 8729
f 8629 8729 8630
f 8630 8729 8730
f 8630 8730 8631
f 8631 8730 8731
f 8631 8731 8632
f 8632 8731 8732
f 8632 8732 8633
f 8633 8732 8733
f 8633 8733 8634
f 8634 8733 8734
f 8634 8734 8635
f 8635 8734 8735
f 8635 8735 8636
f 8636 8735 8736
f 8636 8736 8637
f 8637 8736 8737
f 8637 8737 8638
f 8638 8737 8738
f 8638 8738 8639
f 8639 8738 8739
f 8639 8739 8640
f 8640 8739 8740
f 8640 8740 8641
f 8641 8740 8741
f 8641 8741 8642
f 8642 8741 8742
f 8642 8742 8643
f 8643 8742 8743
f 8643 8743 8644
f 8644 8743 8744
f 8644 8744 8645
f 8645 8744 8745
f 8645 8745 8646
f 8646 8745 8746
f 8646 8746 8647
f 8647 8746 8747
f 8647 8747 8648
f 8648 8747 8748
f 8648 8748 8649
f 8649 8748 8749
f 8649 8749 8650
f 8650 8749 8750
f 8650 8750 8651
f 8651 8750 8751
f 8651 8751 8652
f 8652 8751 8752
f 8652 8752 8653
f 8653 8752 8753
f 8653 8753 8654
f 8654 8753 8754
f 8654 8754 8655
f 8655 8754 8755
f 8655 8755 8656
f 8656 8755 8756
f 8656 8756 8657
f 8657 8756 8757
f 8657 8757 8658
f 8658 8757 8758
f 8658 8758 8659
f 8659 8758 8759
f 8659 8759 8660
f 8660 8759 8760
f 8660 8760 8661
f 8661 8760 8761
f 8661 8761 8662
f 8662 8761 8762
f 8662 8762 8663
f 8663 8762 8763
f 8663 8763 8664
f 8664 8763 8764
f 8664 8764 8665
f 8665 8764 8765
f 8665 8765 8666
f 8666 8765 8766
f 8666 8766 8667
f 8667 8766 8767
f 8667 8767 8668
f 8668 8767 8768
f 8668 8768 8669
f 8669 8768 8769
f 8669 8769 8670
f 8670 8769 8770
f 8670 8770 8671
f 8671 8770 8771
f 8671 8771 8672
f 8672 8771 8772
f 8672 8772 8673
f 8673 8772 8773
f 8673 8773 8674
f 8674 8773 8774
f 8674 8774 8675
f 8675 8774 8775
f 8675 8775 8676
f 8676 8775 8776
f 8676 8776 8677
f 8677 8776 8777
f 8677 8777 8678
f 8678 8777 8778
f 8678 8778 8679
f 8679 8778 8779
f 8679 8779 8680
f 8680 8779 8780
f 8680 8780 8681
f 8681 8780 8781
f 8681 8781 8682
f 8682 8781 8782
f 8682 8782 8683
f 8683 8782 8783
f 8683 8783 8684
f 8684 8783 8784
f 8684 8784 8685
f 8685 8784 8785
f 8685 8785 8686
f 8686 8785 8786
f 8686 8786 8687
f 8687 8786 8787
f 8687 8787 8688
f 8688 8787 8788
f 8688 8788 8689
f 8689 8788 8789
f 8689 8789 8690
f 8690 8789 8790
f 8690 8790 8691
f 8691 8790 8791
f 8691 8791 8692
f 8692 8791 8792
f 8692 8792 8693
f 8693 8792 8793
f 8693 8793 8694
f 8694 8793 8794
f 8694 8794 8695
f 8695 8794 8795
f 8695 8795 8696
f 8696 8795 8796
f 8696 8796 8697
f 8697 8796 8797
f 8697 8797 8698
f 8698 8797 8798
f 8698 8798 8699
f 8699 8798 8799
f 8699 8799 8700
f 8700 8799 8800
f 8701 8801 8702
f 8702 8801 8802
f 8702 8802 8703
f 8703 8802 8803
f 8703 8803 8704
f 8704 8803 8804
f 8704 8804 8705
f 8705 8804 8805
f 8705 8805 8706
f 8706 8805 8806
f 8706 8806 8707
f 8707 8806 8807
f 8707 8807 8708
f 8708 8807 8808
f 8708 8808 8709
f 8709 8808 8809
f 8709 8809 8710
f 8710 8809 8810
f 8710 8810 8711
f 8711 8810 8811
f 8711 8811 8712
f 8712 8811 8812
f 8712 8812 8713
f 8713 8812 8813
f 8713 8813 8714
f 8714 8813 8814
f 8714 8814 8715
f 8715 8814 8815
f 8715 8815 8716
f 8716 8815 8816
f 8716 8816 8717
f 8717 8816 8817
f 8717 8817 8718
f 8718 8817 8818
f 8718 8818 8719
f 8719 8818 8819
f 8719 8819 8720
f 8720 8819 8820
f 8720 8820 8721
f 8721 8820 8821
f 8721 8821 8722
f 8722 8821 8822
f 8722 8822 8723
f 8723 8822 8823
f 8723 8823 8724
f 8724 8823 8824
f 8724 8824 8725
f 8725 8824 8825
f 8725 8825 8726
f 8726 8825 8826
f 8726 8826 8727
f 8727 8826 8827
f 8727 8827 8728
f 8728 8827 8828
f 8728 8828 8729
f 8729 8828 8829
f 8729 8829 8730
f 8730 8829 8830
f 8730 8830 8731
f 8731 8830 8831
f 8731 8831 8732
f 8732 8831 8832
f 8732 8832 8733
f 8733 8832 8833
f 8733 8833 8734
f 8734 8833 8834
f 8734 8834 8735
f 8735 8834 8835
f 8735 8835 8736
f 8736 8835 8836
f 8736 8836 8737
f 8737 8836 8837
f 8737 8837 8738
f 8738 8837 8838
f 8738 8838 8739
f 8739 8838 8839
f 8739 8839 8740
f 8740 8839 8840
f 8740 8840 8741
f 8741 8840 8841
f 8741 8841 8742
f 8742 8841 8842
f 8742 8842 8743
f 8743 8842 8843
f 8743 8843 8744
f 8744 8843 8844
f 8744 8844 8745
f 8745 8844 8845
f 8745 8845 8746
f 8746 8845 8846
f 8746 8846 8747
f 8747 8846 8847
f 8747 8847 8748
f 8748 8847 8848
f 8748 8848 8749
f 8749 8848 8849
f 8749 8849 8750
f 8750 8849 8850
f 8750 8850 8751
f 8751 8850 8851
f 8751 8851 8752
f 8752 8851 8852
f 8752 8852 8753
f 8753 8852 8853
f 8753 8853 8754
f 8754 8853 8854
f 8754 8854 8755
f 8755 8854 8855
f 8755 8855 8756
f 8756 8855 8856
f 8756 8856 8757
f 8757 8856 8857
f 8757 8857 8758
f 8758 8857 8858
f 8758 8858 8759
f 8759 8858 8859
f 8759 8859 8760
f 8760 8859 8860
f 8760 8860 8761
f 8761 8860 8861
f 8761 8861 8762
f 8762 8861 8862
f 8762 8862 8763
f 8763 8862 8863
f 8763 8863 8764
f 8764 8863 8864
f 8764 8864 8765
f 8765 8864 8865
f 8765 8865 8766
f 8766 8865 8866
f 8766 8866 8767
f 8767 8866 8867
f 8767 8867 8768
f 8768 8867 8868
f 8768 8868 8769
f 8769 8868 8869
f 8769 8869 8770
f 8770 8869 8870
f 8770 8870 8771
f 8771 8870 8871
f 8771 8871 8772
f 8772 8871 8872
f 8772 8872 8773
f 8773 8872 8873
f 8773 8873 8774
f 8774 8873 8874
f 8774 8874 8775
f 8775 8874 8875
f 8775 8875 8776
f 8776 8875 8876
f 8776 8876 8777
f 8777 8876 8877
f 8777 8877 8778
f 8778 8877 8878
f 8778 8878 8779
f 8779 8878 8879
f 8779 8879 8780
f 8780 8879 8880
f 8780 8880 8781
f 8781 8880 8881
f 8781 8881 8782
f 8782 8881 8882
f 8782 8882 8783
f 8783 8882 8883
f 8783 8883 8784
f 8784 8883 8884
f 8784 8884 8785
f 8785 8884 8885
f 8785 8885 8786
f 8786 8885 8886
f 8786 8886 8787
f 8787 8886 8887
f 8787 8887 8788
f 8788 8887 8888
f 8788 8888 8789
f 8789 8888 8889
f 8789 8889 8790
f 8790 8889 8890
f 8790 8890 8791
f 8791 8890 8891
f 8791 8891 8792
f 8792 8891 8892
f 8792 8892 8793
f 8793 8892 8893
f 8793 8893 8794
f 8794 8893 8894
f 8794 8894 8795
f 8795 8894 8895
f 8795 8895 8796
f 8796 8895 8896
f 8796 8896 8797
f 8797 8896 8897
f 8797 8897 8798
f 8798 8897 8898
f 8798 8898 8799
f 8799 8898 8899
f 8799 8899 8800
f 8800 8899 8900
f 8801 8901 8802
f 8802 8901 8902
f 8802 8902 8803
f 8803 8902 8903
f 8803 8903 8804
f 8804 8903 8904
f 8804 8904 8805
f 8805 8904 8905
f 8805 8905 8806
f 8806 8905 8906
f 8806 8906 8807
f 8807 8906 8907
f 8807 8907 8808
f 8808 8907 8908
f 8808 8908 8809
f 8809 8908 8909
f 8809 8909 8810
f 8810 8909 8910
f 8810 8910 8811
f 8811 8910 8911
f 8811 8911 8812
f 8812 8911 8912
f 8812 8912 8813
f 8813 8912 8913
f 8813 8913 8814
f 8814 8913 8914
f 8814 8914 8815
f 8815 8914 8915
f 8815 8915 8816
f 8816 8915 8916
f 8816 8916 8817
f 8817 8916 8917
f 8817 8917 8818
f 8818 8917 8918
f 8818 8918 8819
f 8819 8918 8919
f 8819 8919 8820
f 8820 8919 8920
f 8820 8920 8821
f 8821 8920 8921
f 8821 8921 8822
f 8822 8921 8922
f 8822 8922 8823
f 8823 8922 8923
f 8823 8923 8824
f 8824 8923 8924
f 8824 8924 8825
f 8825 8924 8925
f 8825 8925 8826
f 8826 8925 8926
f 8826 8926 8827
f 8827 8926 8927
f 8827 8927 8828
f 8828 8927 8928
f 8828 8928 8829
f 8829 8928 8929
f 8829 8929 8830
f 8830 8929 8930
f 8830 8930 8831
f 8831 8930 8931
f 8831 8931 8832
f 8832 8931 8932
f 8832 8932 8833
f 8833 8932 8933
f 8833 8933 8834
f 8834 8933 8934
f 8834 8934 8835
f 8835 8934 8935
f 8835 8935 8836
f 8836 8935 8936
f 8836 8936 8837
f 8837 8936 8937
f 8837 8937 8838
f 8838 8937 8938
f 8838 8938 8839
f 8839 8938 8939
f 8839 8939 8840
f 8840 8939 8940
f 8840 8940 8841
f 8841 8940 8941
f 8841 8941 8842
f 8842 8941 8942
f 8842 8942 8843
f 8843 8942 8943
f 8843 8943 8844
f 8844 8943 8944
f 8844 8944 8845
f 8845 8944 8945
f 8845 8945 8846
f 8846 8945 8946
f 8846 8946 8847
f 8847 8946 8947
f 8847 8947 8848
f 8848 8947 8948
f 8848 8948 8849
f 8849 8948 8949
f 8849 8949 8850
f 8850 8949 8950
f 8850 8950 8851
f 8851 8950 8951
f 8851 8951 8852
f 8852 8951 8952
f 8852 8952 8853
f 8853 8952 8953
f 8853 8953 8854
f 8854 8953 8954
f 8854 8954 8855
f 8855 8954 8955
f 8855 8955 8856
f 8856 8955 8956
f 8856 8956 8857
f 8857 8956 8957
f 8857 8957 8858
f 8858 8957 8958
f 8858 8958 8859
f 8859 8958 8959
f 8859 8959 8860
f 8860 8959 8960
f 8860 8960 8861
f 8861 8960 8961
f 8861 8961 8862
f 8862 8961 8962
f 8862 8962 8863
f 8863 8962 8963
f 8863 8963 8864
f 8864 8963 8964
f 8864 8964 8865
f 8865 8964 8965
f 8865 8965 8866
f 8866 8965 8966
f 8866 8966 8867
f 8867 8966 8967
f 8867 8967 8868
f 8868 8967 8968
f 8868 8968 8869
f 8869 8968 8969
f 8869 8969 8870
f 8870 8969 8970
f 8870 8970 8871
f 8871 8970 8971
f 8871 8971 8872
f 8872 8971 8972
f 8872 8972 8873
f 8873 8972 8973
f 8873 8973 8874
f 8874 8973 8974
f 8874 8974 8875
f 8875 8974 8975
f 8875 8975 8876
f 8876 8975 8976
f 8876 8976 8877
f 8877 8976 8977
f 8877 8977 8878
f 8878 8977 8978
f 8878 8978 8879
f 8879 8978 8979
f 8879 8979 8880
f 8880 8979 8980
f 8880 8980 8881
f 8881 8980 8981
f 8881 8981 8882
f 8882 8981 8982
f 8882 8982 8883
f 8883 8982 8983
f 8883 8983 8884
f 8884 8983 8984
f 8884 8984 8885
f 8885 8984 8985
f 8885 8985 8886
f 8886 8985 8986
f 8886 8986 8887
f 8887 8986 8987
f 8887 8987 8888
f 8888 8987 8988
f 8888 8988 8889
f 8889 8988 8989
f 8889 8989 8890
f 8890 8989 8990
f 8890 8990 8891
f 8891 8990 8991
f 8891 8991 8892
f 8892 8991 8992
f 8892 8992 8893
f 8893 8992 8993
f 8893 8993 8894
f 8894 8993 8994
f 8894 8994 8895
f 8895 8994 8995
f 8895 8995 8896
f 8896 8995 8996
f 8896 8996 8897
f 8897 8996 8997
f 8897 8997 8898
f 8898 8997 8998
f 8898 8998 8899
f 8899 8998 8999
f 8899 8999 8900
f 8900 8999 9000
f 8901 9001 8902
f 8902 9001 9002
f 8902 9002 8903
f 8903 9002 9003
f 8903 9003 8904
f 8904 9003 9004
f 8904 9004 8905
f 8905 9004 9005
f 8905 9005 8906
f 8906 9005 9006
f 8906 9006 8907
f 8907 9006 9007
f 8907 9007 8908
f 8908 9007 9008
f 8908 9008 8909
f 8909 9008 9009
f 8909 9009 8910
f 8910 9009 9010
f 8910 9010 8911
f 8911 9010 9011
f 8911 9011 8912
f 8912 9011 9012
f 8912 9012 8913
f 8913 9012 9013
f 8913 9013 8914
f 8914 9013 9014
f 8914 9014 8915
f 8915 9014 9015
f 8915 9015 8916
f 8916 9015 9016
f 8916 9016 8917
f 8917 9016 9017
f 8917 9017 8918
f 8918 9017 9018
f 8918 9018 8919
f 8919 9018 9019
f 8919 9019 8920
f 8920 9019 9020
f 8920 9020 8921
f 8921 9020 9021
f 8921 9021 8922
f 8922 9021 9022
f 8922 9022 8923
f 8923 9022 9023
f 8923 9023 8924
f 8924 9023 9024
f 8924 9024 8925
f 8925 9024 9025
f 8925 9025 8926
f 8926 9025 9026
f 8926 9026 8927
f 8927 9026 9027
f 8927 9027 8928
f 8928 9027 9028
f 8928 9028 8929
f 8929 9028 9029
f 8929 9029 8930
f 8930 9029 9030
f 8930 9030 8931
f 8931 9030 9031
f 8931 9031 8932
f 8932 9031 9032
f 8932 9032 8933
f 8933 9032 9033
f 8933 9033 8934
f 8934 9033 9034
f 8934 9034 8935
f 8935 9034 9035
f 8935 9035 8936
f 8936 9035 9036
f 8936 9036 8937
f 8937 9036 9037
f 8937 9037 8938
f 8938 9037 9038
f 8938 9038 8939
f 8939 9038 9039
f 8939 9039 8940
f 8940 9039 9040
f 8940 9040 8941
f 8941 9040 9041
f 8941 9041 8942
f 8942 9041 9042
f 8942 9042 8943
f 8943 9042 9043
f 8943 9043 8944
f 8944 9043 9044
f 8944 9044 8945
f 8945 9044 9045
f 8945 9045 8946
f 8946 9045 9046
f 8946 9046 8947
f 8947 9046 9047
f 8947 9047 8948
f 8948 9047 9048
f 8948 9048 8949
f 8949 9048 9049
f 8949 9049 8950
f 8950 9049 9050
f 8950 9050 8951
f 8951 9050 9051
f 8951 9051 8952
f 8952 9051 9052
f 8952 9052 8953
f 8953 9052 9053
f 8953 9053 8954
f 8954 9053 9054
f 8954 9054 8955
f 8955 9054 9055
f 8955 9055 8956
f 8956 9055 9056
f 8956 9056 8957
f 8957 9056 9057
f 8957 9057 8958
f 8958 9057 9058
f 8958 9058 8959
f 8959 9058 9059
f 8959 9059 8960
f 8960 9059 9060
f 8960 9060 8961
f 8961 9060 9061
f 8961 9061 8962
f 8962 9061 9062
f 8962 9062 8963
f 8963 9062 9063
f 8963 9063 8964
f 8964 9063 9064
f 8964 9064 8965
f 8965 9064 9065
f 8965 9065 8966
f 8966 9065 9066
f 8966 9066 8967
f 8967 9066 9067
f 8967 9067 8968
f 8968 9067 9068
f 8968 9068 8969
f 8969 9068 9069
f 8969 9069 8970
f 8970 9069 9070
f 8970 9070 8971
f 8971 9070 9071
f 8971 9071 8972
f 8972 9071 9072
f 8972 9072 8973
f 8973 9072 9073
f 8973 9073 8974
f 8974 9073 9074
f 8974 9074 8975
f 8975 9074 9075
f 8975 9075 8976
f 8976 9075 9076
f 8976 9076 8977
f 8977 9076 9077
f 8977 9077 8978
f 8978 9077 9078
f 8978 9078 8979
f 8979 9078 9079
f 8979 9079 8980
f 8980 9079 9080
f 8980 9080 8981
f 8981 9080 9081
f 8981 9081 8982
f 8982 9081 9082
f 8982 9082 8983
f 8983 9082 9083
f 8983 9083 8984
f 8984 9083 9084
f 8984 9084 8985
f 8985 9084 9085
f 8985 9085 8986
f 8986 9085 9086
f 8986 9086 8987
f 8987 9086 9087
f 8987 9087 8988
f 8988 9087 9088
f 8988 9088 8989
f 8989 9088 9089
f 8989 9089 8990
f 8990 9089 9090
f 8990 9090 8991
f 8991 9090 9091
f 8991 9091 8992
f 8992 9091 9092
f 8992 9092 8993
f 8993 9092 9093
f 8993 9093 8994
f 8994 9093 9094
f 8994 9094 8995
f 8995 9094 9095
f 8995 9095 8996
f 8996 9095 9096
f 8996 9096 8997
f 8997 9096 9097
f 8997 9097 8998
f 8998 9097 9098
f 8998 9098 8999
f 8999 9098 9099
f 8999 9099 9000
f 9000 9099 9100
f 9001 9101 9002
f 9002 9101 9102
f 9002 9102 9003
f 9003 9102 9103
f 9003 9103 9004
f 9004 9103 9104
f 9004 9104 9005
f 9005 9104 9105
f 9005 9105 9006
f 9006 9105 9106
f 9006 9106 9007
f 9007 9106 9107
f 9007 9107 9008
f 9008 9107 9108
f 9008 9108 9009
f 9009 9108 9109
f 9009 9109 9010
f 9010 9109 9110
f 9010 9110 9011
f 9011 9110 9111
f 9011 9111 9012
f 9012 9111 9112
f 9012 9112 9013
f 9013 9112 9113
f 9013 9113 9014
f 9014 9113 9114
f 9014 9114 9015
f 9015 9114 9115
f 9015 9115 9016
f 9016 9115 9116
f 9016 9116 9017
f 9017 9116 9117
f 9017 9117 9018
f 9018 9117 9118
f 9018 9118 9019
f 9019 9118 9119
f 9019 9119 9020
f 9020 9119 9120
f 9020 9120 9021
f 9021 9120 9121
f 9021 9121 9022
f 9022 9121 9122
f 9022 9122 9023
f 9023 9122 9123
f 9023 9123 9024
f 9024 9123 9124
f 9024 9124 9025
f 9025 9124 9125
f 9025 9125 9026
f 9026 9125 9126
f 9026 9126 9027
f 9027 9126 9127
f 9027 9127 9028
f 9028 9127 9128
f 9028 9128 9029
f 9029 9128 9129
f 9029 9129 9030
f 9030 9129 9130
f 9030 9130 9031
f 9031 9130 9131
f 9031 9131 9032
f 9032 9131 9132
f 9032 9132 9033
f 9033 9132 9133
f 9033 9133 9034
f 9034 9133 9134
f 9034 9134 9035
f 9035 9134 9135
f 9035 9135 9036
f 9036 9135 9136
f 9036 9136 9037
f 9037 9136 9137
f 9037 9137 9038
f 9038 9137 9138
f 9038 9138 9039
f 9039 9138 9139
f 9039 9139 9040
f 9040 9139 9140
f 9040 9140 9041
f 9041 9140 9141
f 9041 9141 9042
f 9042 9141 9142
f 9042 9142 9043
f 9043 9142 9143
f 9043 9143 9044
f 9044 9143 9144
f 9044 9144 9045
f 9045 9144 9145
f 9045 9145 9046
f 9046 9145 9146
f 9046 9146 9047
f 9047 9146 9147
f 9047 9147 9048
f 9048 9147 9148
f 9048 9148 9049
f 9049 9148 9149
f 9049 9149 9050
f 9050 9149 9150
f 9050 9150 9051
f 9051 9150 9151
f 9051 9151 9052
f 9052 9151 9152
f 9052 9152 9053
f 9053 9152 9153
f 9053 9153 9054
f 9054 9153 9154
f 9054 9154 9055
f 9055 9154 9155
f 9055 9155 9056
f 9056 9155 9156
f 9056 9156 9057
f 9057 9156 9157
f 9057 9157 9058
f 9058 9157 9158
f 9058 9158 9059
f 9059 9158 9159
f 9059 9159 9060
f 9060 9159 9160
f 9060 9160 9061
f 9061 9160 9161
f 9061 9161 9062
f 9062 9161 9162
f 9062 9162 9063
f 9063 9162 9163
f 9063 9163 9064
f 9064 9163 9164
f 9064 9164 9065
f 9065 9164 9165
f 9065 9165 9066
f 9066 9165 9166
f 9066 9166 9067
f 9067 9166 9167
f 9067 9167 9068
f 9068 9167 9168
f 9068 9168 9069
f 9069 9168 9169
f 9069 9169 9070
f 9070 9169 9170
f 9070 9170 9071
f 9071 9170 9171
f 9071 9171 9072
f 9072 9171 9172
f 9072 9172 9073
f 9073 9172 9173
f 9073 9173 9074
f 9074 9173 9174
f 9074 9174 9075
f 9075 9174 9175
f 9075 9175 9076
f 9076 9175 9176
f 9076 9176 9077
f 9077 9176 9177
f 9077 9177 9078
f 9078 9177 9178
f 9078 9178 9079
f 9079 9178 9179
f 9079 9179 9080
f 9080 9179 9180
f 9080 9180 9081
f 9081 9180 9181
f 9081 9181 9082
f 9082 9181 9182
f 9082 9182 9083
f 9083 9182 9183
f 9083 9183 9084
f 9084 9183 9184
f 9084 9184 9085
f 9085 9184 9185
f 9085 9185 9086
f 9086 9185 9186
f 9086 9186 9087
f 9087 9186 9187
f 9087 9187 9088
f 9088 9187 9188
f 9088 9188 9089
f 9089 9188 9189
f 9089 9189 9090
f 9090 9189 9190
f 9090 9190 9091
f 9091 9190 9191
f 9091 9191 9092
f 9092 9191 9192
f 9092 9192 9093
f 9093 9192 9193
f 9093 9193 9094
f 9094 9193 9194
f 9094 9194 9095
f 9095 9194 9195
f 9095 9195 9096
f 9096 9195 9196
f 9096 9196 9097
f 9097 9196 9197
f 9097 9197 9098
f 9098 9197 9198
f 9098 9198 9099
f 9099 9198 9199
f 9099 9199 9100
f 9100 9199 9200
f 9101 9201 9102
f 9102 9201 9202
f 9102 9202 9103
f 9103 9202 9203
f 9103 9203 9104
f 9104 9203 9204
f 9104 9204 9105
f 9105 9204 9205
f 9105 9205 9106
f 9106 9205 9206
f 9106 9206 9107
f 9107 9206 9207
f 9107 9207 9108
f 9108 9207 9208
f 9108 9208 9109
f 9109 9208 9209
f 9109 9209 9110
f 9110 9209 9210
f 9110 9210 9111
f 9111 9210 9211
f 9111 9211 9112
f 9112 9211 9212
f 9112 9212 9113
f 9113 9212 9213
f 9113 9213 9114
f 9114 9213 9214
f 9114 9214 9115
f 9115 9214 9215
f 9115 9215 9116
f 9116 9215 9216
f 9116 9216 9117
f 9117 9216 9217
f 9117 9217 9118
f 9118 9217 9218
f 9118 9218 9119
f 9119 9218 9219
f 9119 9219 9120
f 9120 9219 9220
f 9120 9220 9121
f 9121 9220 9221
f 9121 9221 9122
f 9122 9221 9222
f 9122 9222 9123
f 9123 9222 9223
f 9123 9223 9124
f 9124 9223 9224
f 9124 9224 9125
f 9125 9224 9225
f 9125 9225 9126
f 9126 9225 9226
f 9126 9226 9127
f 9127 9226 9227
f 9127 9227 9128
f 9128 9227 9228
f 9128 9228 9129
f 9129 9228 9229
f 9129 9229 9130
f 9130 9229 9230
f 9130 9230 9131
f 9131 9230 9231
f 9131 9231 9132
f 9132 9231 9232
f 9132 9232 9133
f 9133 9232 9233
f 9133 9233 9134
f 9134 9233 9234
f 9134 9234 9135
f 9135 9234 9235
f 9135 9235 9136
f 9136 9235 9236
f 9136 9236 9137
f 9137 9236 9237
f 9137 9237 9138
f 9138 9237 9238
f 9138 9238 9139
f 9139 9238 9239
f 9139 9239 9140
f 9140 9239 9240
f 9140 9240 9141
f 9141 9240 9241
f 9141 9241 9142
f 9142 9241 9242
f 9142 9242 9143
f 9143 9242 9243
f 9143 9243 9144
f 9144 9243 9244
f 9144 9244 9145
f 9145 9244 9245
f 9145 9245 9146
f 9146 9245 9246
f 9146 9246 9147
f 9147 9246 9247
f 9147 9247 9148
f 9148 9247 9248
f 9148 9248 9149
f 9149 9248 9249
f 9149 9249 9150
f 9150 9249 9250
f 9150 9250 9151
f 9151 9250 9251
f 9151 9251 9152
f 9152 9251 9252
f 9152 9252 9153
f 9153 9252 9253
f 9153 9253 9154
f 9154 9253 9254
f 9154 9254 9155
f 9155 9254 9255
f 9155 9255 9156
f 9156 9255 9256
f 9156 9256 9157
f 9157 9256 9257
f 9157 9257 9158
f 9158 9257 9258
f 9158 9258 9159
f 9159 9258 9259
f 9159 9259 9160
f 9160 9259 9260
f 9160 9260 9161
f 9161 9260 9261
f 9161 9261 9162
f 9162 9261 9262
f 9162 9262 9163
f 9163 9262 9263
f 9163 9263 9164
f 9164 9263 9264
f 9164 9264 9165
f 9165 9264 9265
f 9165 9265 9166
f 9166 9265 9266
f 9166 9266 9167
f 9167 9266 9267
f 9167 9267 9168
f 9168 9267 9268
f 9168 9268 9169
f 9169 9268 9269
f 9169 9269 9170
f 9170 9269 9270
f 9170 9270 9171
f 9171 9270 9271
f 9171 9271 9172
f 9172 9271 9272
f 9172 9272 9173
f 9173 9272 9273
f 9173 9273 9174
f 9174 9273 9274
f 9174 9274 9175
f 9175 9274 9275
f 9175 9275 9176
f 9176 9275 9276
f 9176 9276 9177
f 9177 9276 9277
f 9177 9277 9178
f 9178 9277 9278
f 9178 9278 9179
f 9179 9278 9279
f 9179 9279 9180
f 9180 9279 9280
f 9180 9280 9181
f 9181 9280 9281
f 9181 9281 9182
f 9182 9281 9282
f 9182 9282 9183
f 9183 9282 9283
f 9183 9283 9184
f 9184 9283 9284
f 9184 9284 9185
f 9185 9284 9285
f 9185 9285 9186
f 9186 9285 9286
f 9186 9286 9187
f 9187 9286 9287
f 9187 9287 9188
f 9188 9287 9288
f 9188 9288 9189
f 9189 9288 9289
f 9189 9289 9190
f 9190 9289 9290
f 9190 9290 9191
f 9191 9290 9291
f 9191 9291 9192
f 9192 9291 9292
f 9192 9292 9193
f 9193 9292 9293
f 9193 9293 9194
f 9194 9293 9294
f 9194 9294 9195
f 9195 9294 9295
f 9195 9295 9196
f 9196 9295 9296
f 9196 9296 9197
f 9197 9296 9297
f 9197 9297 9198
f 9198 9297 9298
f 9198 9298 9199
f 9199 9298 9299
f 9199 9299 9200
f 9200 9299 9300
f 9201 9301 9202
f 9202 9301 9302
f 9202 9302 9203
f 9203 9302 9303
f 9203 9303 9204
f 9204 9303 9304
f 9204 9304 9205
f 9205 9304 9305
f 9205 9305 9206
f 9206 9305 9306
f 9206 9306 9207
f 9207 9306 9307
f 9207 9307 9208
f 9208 9307 9308
f 9208 9308 9209
f 9209 9308 9309
f 9209 9309 9210
f 9210 9309 9310
f 9210 9310 9211
f 9211 9310 9311
f 9211 9311 9212
f 9212 9311 9312
f 9212 9312 9213
f 9213 9312 9313
f 9213 9313 9214
f 9214 9313 9314
f 9214 9314 9215
f 9215 9314 9315
f 9215 9315 9216
f 9216 9315 9316
f 9216 9316 9217
f 9217 9316 9317
f 9217 9317 9218
f 9218 9317 9318
f 9218 9318 9219
f 9219 9318 9319
f 9219 9319 9220
f 9220 9319 9320
f 9220 9320 9221
f 9221 9320 9321
f 9221 9321 9222
f 9222 9321 9322
f 9222 9322 9223
f 9223 9322 9323
f 9223 9323 9224
f 9224 9323 9324
f 9224 9324 9225
f 9225 9324 9325
f 9225 9325 9226
f 9226 9325 9326
f 9226 9326 9227
f 9227 9326 9327
f 9227 9327 9228
f 9228 9327 9328
f 9228 9328 9229
f 9229 9328 9329
f 9229 9329 9230
f 9230 9329 9330
f 9230 9330 9231
f 9231 9330 9331
f 9231 9331 9232
f 9232 9331 9332
f 9232 9332 9233
f 9233 9332 9333
f 9233 9333 9234
f 9234 9333 9334
f 9234 9334 9235
f 9235 9334 9335
f 9235 9335 9236
f 9236 9335 9336
f 9236 9336 9237
f 9237 9336 9337
f 9237 9337 9238
f 9238 9337 9338
f 9238 9338 9239
f 9239 9338 9339
f 9239 9339 9240
f 9240 9339 9340
f 9240 9340 9241
f 9241 9340 9341
f 9241 9341 9242
f 9242 9341 9342
f 9242 9342 9243
f 9243 9342 9343
f 9243 9343 9244
f 9244 9343 9344
f 9244 9344 9245
f 9245 9344 9345
f 9245 9345 9246
f 9246 9345 9346
f 9246 9346 9247
f 9247 9346 9347
f 9247 9347 9248
f 9248 9347 9348
f 9248 9348 9249
f 9249 9348 9349
f 9249 9349 9250
f 9250 9349 9350
f 9250 9350 9251
f 9251 9350 9351
f 9251 9351 9252
f 9252 9351 9352
f 9252 9352 9253
f 9253 9352 9353
f 9253 9353 9254
f 9254 9353 9354
f 9254 9354 9255
f 9255 9354 9355
f 9255 9355 9256
f 9256 9355 9356
f 9256 9356 9257
f 9257 9356 9357
f 9257 9357 9258
f 9258 9357 9358
f 9258 9358 9259
f 9259 9358 9359
f 9259 9359 9260
f 9260 9359 9360
f 9260 9360 9261
f 9261 9360 9361
f 9261 9361 9262
f 9262 9361 9362
f 9262 9362 9263
f 9263 9362 9363
f 9263 9363 9264
f 9264 9363 9364
f 9264 9364 9265
f 9265 9364 9365
f 9265 9365 9266
f 9266 9365 9366
f 9266 9366 9267
f 9267 9366 9367
f 9267 9367 9268
f 9268 9367 9368
f 9268 9368 9269
f 9269 9368 9369
f 9269 9369 9270
f 9270 9369 9370
f 9270 9370 9271
f 9271 9370 9371
f 9271 9371 9272
f 9272 9371 9372
f 9272 9372 9273
f 9273 9372 9373
f 9273 9373 9274
f 9274 9373 9374
f 9274 9374 9275
f 9275 9374 9375
f 9275 9375 9276
f 9276 9375 9376
f 9276 9376 9277
f 9277 9376 9377
f 9277 9377 9278
f 9278 9377 9378
f 9278 9378 9279
f 9279 9378 9379
f 9279 9379 9280
f 9280 9379 9380
f 9280 9380 9281
f 9281 9380 9381
f 9281 9381 9282
f 9282 9381 9382
f 9282 9382 9283
f 9283 9382 9383
f 9283 9383 9284
f 9284 9383 9384
f 9284 9384 9285
f 9285 9384 9385
f 9285 9385 9286
f 9286 9385 9386
f 9286 9386 9287
f 9287 9386 9387
f 9287 9387 9288
f 9288 9387 9388
f 9288 9388 9289
f 9289 9388 9389
f 9289 9389 9290
f 9290 9389 9390
f 9290 9390 9291
f 9291 9390 9391
f 9291 9391 9292
f 9292 9391 9392
f 9292 9392 9293
f 9293 9392 9393
f 9293 9393 9294
f 9294 9393 9394
f 9294 9394 9295
f 9295 9394 9395
f 9295 9395 9296
f 9296 9395 9396
f 9296 9396 9297
f 9297 9396 9397
f 9297 9397 9298
f 9298 9397 9398
f 9298 9398 9299
f 9299 9398 9399
f 9299 9399 9300
f 9300 9399 9400
f 9301 9401 9302
f 9302 9401 9402
f 9302 9402 9303
f 9303 9402 9403
f 9303 9403 9304
f 9304 9403 9404
f 9304 9404 9305
f 9305 9404 9405
f 9305 9405 9306
f 9306 9405 9406
f 9306 9406 9307
f 9307 9406 9407
f 9307 9407 9308
f 9308 9407 9408
f 9308 9408 9309
f 9309 9408 9409
f 9309 9409 9310
f 9310 9409 9410
f 9310 9410 9311
f 9311 9410 9411
f 9311 9411 9312
f 9312 9411 9412
f 9312 9412 9313
f 9313 9412 9413
f 9313 9413 9314
f 9314 9413 9414
f 9314 9414 9315
f 9315 9414 9415
f 9315 9415 9316
f 9316 9415 9416
f 9316 9416 9317
f 9317 9416 9417
f 9317 9417 9318
f 9318 9417 9418
f 9318 9418 9319
f 9319 9418 9419
f 9319 9419 9320
f 9320 9419 9420
f 9320 9420 9321
f 9321 9420 9421
f 9321 9421 9322
f 9322 9421 9422
f 9322 9422 9323
f 9323 9422 9423
f 9323 9423 9324
f 9324 9423 9424
f 9324 9424 9325
f 9325 9424 9425
f 9325 9425 9326
f 9326 9425 9426
f 9326 9426 9327
f 9327 9426 9427
f 9327 9427 9328
f 9328 9427 9428
f 9328 9428 9329
f 9329 9428 9429
f 9329 9429 9330
f 9330 9429 9430
f 9330 9430 9331
f 9331 9430 9431
f 9331 9431 9332
f 9332 9431 9432
f 9332 9432 9333
f 9333 9432 9433
f 9333 9433 9334
f 9334 9433 9434
f 9334 9434 9335
f 9335 9434 9435
f 9335 9435 9336
f 9336 9435 9436
f 9336 9436 9337
f 9337 9436 9437
f 9337 9437 9338
f 9338 9437 9438
f 9338 9438 9339
f 9339 9438 9439
f 9339 9439 9340
f 9340 9439 9440
f 9340 9440 9341
f 9341 9440 9441
f 9341 9441 9342
f 9342 9441 9442
f 9342 9442 9343
f 9343 9442 9443
f 9343 9443 9344
f 9344 9443 9444
f 9344 9444 9345
f 9345 9444 9445
f 9345 9445 9346
f 9346 9445 9446
f 9346 9446 9347
f 9347 9446 9447
f 9347 9447 9348
f 9348 9447 9448
f 9348 9448 9349
f 9349 9448 9449
f 9349 9449 9350
f 9350 9449 9450
f 9350 9450 9351
f 9351 9450 9451
f 9351 9451 9352
f 9352 9451 9452
f 9352 9452 9353
f 9353 9452 9453
f 9353 9453 9354
f 9354 9453 9454
f 9354 9454 9355
f 9355 9454 9455
f 9355 9455 9356
f 9356 9455 9456
f 9356 9456 9357
f 9357 9456 9457
f 9357 9457 9358
f 9358 9457 9458
f 9358 9458 9359
f 9359 9458 9459
f 9359 9459 9360
f 9360 9459 9460
f 9360 9460 9361
f 9361 9460 9461
f 9361 9461 9362
f 9362 9461 9462
f 9362 9462 9363
f 9363 9462 9463
f 9363 9463 9364
f 9364 9463 9464
f 9364 9464 9365
f 9365 9464 9465
f 9365 9465 9366
f 9366 9465 9466
f 9366 9466 9367
f 9367 9466 9467
f 9367 9467 9368
f 9368 9467 9468
f 9368 9468 9369
f 9369 9468 9469
f 9369 9469 9370
f 9370 9469 9470
f 9370 9470 9371
f 9371 9470 9471
f 9371 9471 9372
f 9372 9471 9472
f 9372 9472 9373
f 9373 9472 9473
f 9373 9473 9374
f 9374 9473 9474
f 9374 9474 9375
f 9375 9474 9475
f 9375 9475 9376
f 9376 9475 9476
f 9376 9476 9377
f 9377 9476 9477
f 9377 9477 9378
f 9378 9477 9478
f 9378 9478 9379
f 9379 9478 9479
f 9379 9479 9380
f 9380 9479 9480
f 9380 9480 9381
f 9381 9480 9481
f 9381 9481 9382
f 9382 9481 9482
f 9382 9482 9383
f 9383 9482 9483
f 9383 9483 9384
f 9384 9483 9484
f 9384 9484 9385
f 9385 9484 9485
f 9385 9485 9386
f 9386 9485 9486
f 9386 9486 9387
f 9387 9486 9487
f 9387 9487 9388
f 9388 9487 9488
f 9388 9488 9389
f 9389 9488 9489
f 9389 9489 9390
f 9390 9489 9490
f 9390 9490 9391
f 9391 9490 9491
f 9391 9491 9392
f 9392 9491 9492
f 9392 9492 9393
f 9393 9492 9493
f 9393 9493 9394
f 9394 9493 9494
f 9394 9494 9395
f 9395 9494 9495
f 9395 9495 9396
f 9396 9495 9496
f 9396 9496 9397
f 9397 9496 9497
f 9397 9497 9398
f 9398 9497 9498
f 9398 9498 9399
f 9399 9498 9499
f 9399 9499 9400
f 9400 9499 9500
f 9401 9501 9402
f 9402 9501 9502
f 9402 9502 9403
f 9403 9502 9503
f 9403 9503 9404
f 9404 9503 9504
f 9404 9504 9405
f 9405 9504 9505
f 9405 9505 9406
f 9406 9505 9506
f 9406 9506 9407
f 9407 9506 9507
f 9407 9507 9408
f 9408 9507 9508
f 9408 9508 9409
f 9409 9508 9509
f 9409 9509 9410
f 9410 9509 9510
f 9410 9510 9411
f 9411 9510 9511
f 9411 9511 9412
f 9412 9511 9512
f 9412 9512 9413
f 9413 9512 9513
f 9413 9513 9414
f 9414 9513 9514
f 9414 9514 9415
f 9415 9514 9515
f 9415 9515 9416
f 9416 9515 9516
f 9416 9516 9417
f 9417 9516 9517
f 9417 9517 9418
f 9418 9517 9518
f 9418 9518 9419
f 9419 9518 9519
f 9419 9519 9420
f 9420 9519 9520
f 9420 9520 9421
f 9421 9520 9521
f 9421 9521 9422
f 9422 9521 9522
f 9422 9522 9423
f 9423 9522 9523
f 9423 9523 9424
f 9424 9523 9524
f 9424 9524 9425
f 9425 9524 9525
f 9425 9525 9426
f 9426 9525 9526
f 9426 9526 9427
f 9427 9526 9527
f 9427 9527 9428
f 9428 9527 9528
f 9428 9528 9429
f 9429 9528 9529
f 9429 9529 9430
f 9430 9529 9530
f 9430 9530 9431
f 9431 9530 9531
f 9431 9531 9432
f 9432 9531 9532
f 9432 9532 9433
f 9433 9532 9533
f 9433 9533 9434
f 9434 9533 9534
f 9434 9534 9435
f 9435 9534 9535
f 9435 9535 9436
f 9436 9535 9536
f 9436 9536 9437
f 9437 9536 9537
f 9437 9537 9438
f 9438 9537 9538
f 9438 9538 9439
f 9439 9538 9539
f 9439 9539 9440
f 9440 9539 9540
f 9440 9540 9441
f 9441 9540 9541
f 9441 9541 9442
f 9442 9541 9542
f 9442 9542 9443
f 9443 9542 9543
f 9443 9543 9444
f 9444 9543 9544
f 9444 9544 9445
f 9445 9544 9545
f 9445 9545 9446
f 9446 9545 9546
f 9446 9546 9447
f 9447 9546 9547
f 9447 9547 9448
f 9448 9547 9548
f 9448 9548 9449
f 9449 9548 9549
f 9449 9549 9450
f 9450 9549 9550
f 9450 9550 9451
f 9451 9550 9551
f 9451 9551 9452
f 9452 9551 9552
f 9452 9552 9453
f 9453 9552 9553
f 9453 9553 9454
f 9454 9553 9554
f 9454 9554 9455
f 9455 9554 9555
f 9455 9555 9456
f 9456 9555 9556
f 9456 9556 9457
f 9457 9556 9557
f 9457 9557 9458
f 9458 9557 9558
f 9458 9558 9459
f 9459 9558 9559
f 9459 9559 9460
f 9460 9559 9560
f 9460 9560 9461
f 9461 9560 9561
f 9461 9561 9462
f 9462 9561 9562
f 9462 9562 9463
f 9463 9562 9563
f 9463 9563 9464
f 9464 9563 9564
f 9464 9564 9465
f 9465 9564 9565
f 9465 9565 9466
f 9466 9565 9566
f 9466 9566 9467
f 9467 9566 9567
f 9467 9567 9468
f 9468 9567 9568
f 9468 9568 9469
f 9469 9568 9569
f 9469 9569 9470
f 9470 9569 9570
f 9470 9570 9471
f 9471 9570 9571
f 9471 9571 9472
f 9472 9571 9572
f 9472 9572 9473
f 9473 9572 9573
f 9473 9573 9474
f 9474 9573 9574
f 9474 9574 9475
f 9475 9574 9575
f 9475 9575 9476
f 9476 9575 9576
f 9476 9576 9477
f 9477 9576 9577
f 9477 9577 9478
f 9478 9577 9578
f 9478 9578 9479
f 9479 9578 9579
f 9479 9579 9480
f 9480 9579 9580
f 9480 9580 9481
f 9481 9580 9581
f 9481 9581 9482
f 9482 9581 9582
f 9482 9582 9483
f 9483 9582 9583
f 9483 9583 9484
f 9484 9583 9584
f 9484 9584 9485
f 9485 9584 9585
f 9485 9585 9486
f 9486 9585 9586
f 9486 9586 9487
f 9487 9586 9587
f 9487 9587 9488
f 9488 9587 9588
f 9488 9588 9489
f 9489 9588 9589
f 9489 9589 9490
f 9490 9589 9590
f 9490 9590 9491
f 9491 9590 9591
f 9491 9591 9492
f 9492 9591 9592
f 9492 9592 9493
f 9493 9592 9593
f 9493 9593 9494
f 9494 9593 9594
f 9494 9594 9495
f 9495 9594 9595
f 9495 9595 9496
f 9496 9595 9596
f 9496 9596 9497
f 9497 9596 9597
f 9497 9597 9498
f 9498 9597 9598
f 9498 9598 9499
f 9499 9598 9599
f 9499 9599 9500
f 9500 9599 9600
f 9501 9601 9502
f 9502 9601 9602
f 9502 9602 9503
f 9503 9602 9603
f 9503 9603 9504
f 9504 9603 9604
f 9504 9604 9505
f 9505 9604 9605
f 9505 9605 9506
f 9506 9605 9606
f 9506 9606 9507
f 9507 9606 9607
f 9507 9607 9508
f 9508 9607 9608
f 9508 9608 9509
f 9509 9608 9609
f 9509 9609 9510
f 9510 9609 9610
f 9510 9610 9511
f 9511 9610 9611
f 9511 9611 9512
f 9512 9611 9612
f 9512 9612 9513
f 9513 9612 9613
f 9513 9613 9514
f 9514 9613 9614
f 9514 9614 9515
f 9515 9614 9615
f 9515 9615 9516
f 9516 9615 9616
f 9516 9616 9517
f 9517 9616 9617
f 9517 9617 9518
f 9518 9617 9618
f 9518 9618 9519
f 9519 9618 9619
f 9519 9619 9520
f 9520 9619 9620
f 9520 9620 9521
f 9521 9620 9621
f 9521 9621 9522
f 9522 9621 9622
f 9522 9622 9523
f 9523 9622 9623
f 9523 9623 9524
f 9524 9623 9624
f 9524 9624 9525
f 9525 9624 9625
f 9525 9625 9526
f 9526 9625 9626
f 9526 9626 9527
f 9527 9626 9627
f 9527 9627 9528
f 9528 9627 9628
f 9528 9628 9529
f 9529 9628 9629
f 9529 9629 9530
f 9530 9629 9630
f 9530 9630 9531
f 9531 9630 9631
f 9531 9631 9532
f 9532 9631 9632
f 9532 9632 9533
f 9533 9632 9633
f 9533 9633 9534
f 9534 9633 9634
f 9534 9634 9535
f 9535 9634 9635
f 9535 9635 9536
f 9536 9635 9636
f 9536 9636 9537
f 9537 9636 9637
f 9537 9637 9538
f 9538 9637 9638
f 9538 9638 9539
f 9539 9638 9639
f 9539 9639 9540
f 9540 9639 9640
f 9540 9640 9541
f 9541 9640 9641
f 9541 9641 9542
f 9542 9641 9642
f 9542 9642 9543
f 9543 9642 9643
f 9543 9643 9544
f 9544 9643 9644
f 9544 9644 9545
f 9545 9644 9645
f 9545 9645 9546
f 9546 9645 9646
f 9546 9646 9547
f 9547 9646 9647
f 9547 9647 9548
f 9548 9647 9648
f 9548 9648 9549
f 9549 9648 9649
f 9549 9649 9550
f 9550 9649 9650
f 9550 9650 9551
f 9551 9650 9651
f 9551 9651 9552
f 9552 9651 9652
f 9552 9652 9553
f 9553 9652 9653
f 9553 9653 9554
f 9554 9653 9654
f 9554 9654 9555
f 9555 9654 9655
f 9555 9655 9556
f 9556 9655 9656
f 9556 9656 9557
f 9557 9656 9657
f 9557 9657 9558
f 9558 9657 9658
f 9558 9658 9559
f 9559 9658 9659
f 9559 9659 9560
f 9560 9659 9660
f 9560 9660 9561
f 9561 9660 9661
f 9561 9661 9562
f 9562 9661 9662
f 9562 9662 9563
f 9563 9662 9663
f 9563 9663 9564
f 9564 9663 9664
f 9564 9664 9565
f 9565 9664 9665
f 9565 9665 9566
f 9566 9665 9666
f 9566 9666 9567
f 9567 9666 9667
f 9567 9667 9568
f 9568 9667 9668
f 9568 9668 9569
f 9569 9668 9669
f 9569 9669 9570
f 9570 9669 9670
f 9570 9670 9571
f 9571 9670 9671
f 9571 9671 9572
f 9572 9671 9672
f 9572 9672 9573
f 9573 9672 9673
f 9573 9673 9574
f 9574 9673 9674
f 9574 9674 9575
f 9575 9674 9675
f 9575 9675 9576
f 9576 9675 9676
f 9576 9676 9577
f 9577 9676 9677
f 9577 9677 9578
f 9578 9677 9678
f 9578 9678 9579
f 9579 9678 9679
f 9579 9679 9580
f 9580 9679 9680
f 9580 9680 9581
f 9581 9680 9681
f 9581 9681 9582
f 9582 9681 9682
f 9582 9682 9583
f 9583 9682 9683
f 9583 9683 9584
f 9584 9683 9684
f 9584 9684 9585
f 9585 9684 9685
f 9585 9685 9586
f 9586 9685 9686
f 9586 9686 9587
f 9587 9686 9687
f 9587 9687 9588
f 9588 9687 9688
f 9588 9688 9589
f 9589 9688 9689
f 9589 9689 9590
f 9590 9689 9690
f 9590 9690 9591
f 9591 9690 9691
f 9591 9691 9592
f 9592 9691 9692
f 9592 9692 9593
f 9593 9692 9693
f 9593 9693 9594
f 9594 9693 9694
f 9594 9694 9595
f 9595 9694 9695
f 9595 9695 9596
f 9596 9695 9696
f 9596 9696 9597
f 9597 9696 9697
f 9597 9697 9598
f 9598 9697 9698
f 9598 9698 9599
f 9599 9698 9699
f 9599 9699 9600
f 9600 9699 9700
f 9601 9701 9602
f 9602 9701 9702
f 9602 9702 9603
f 9603 9702 9703
f 9603 9703 9604
f 9604 9703 9704
f 9604 9704 9605
f 9605 9704 9705
f 9605 9705 9606
f 9606 9705 9706
f 9606 9706 9607
f 9607 9706 9707
f 9607 9707 9608
f 9608 9707 9708
f 9608 9708 9609
f 9609 9708 9709
f 9609 9709 9610
f 9610 9709 9710
f 9610 9710 9611
f 9611 9710 9711
f 9611 9711 9612
f 9612 9711 9712
f 9612 9712 9613
f 9613 9712 9713
f 9613 9713 9614
f 9614 9713 9714
f 9614 9714 9615
f 9615 9714 9715
f 9615 9715 9616
f 9616 9715 9716
f 9616 9716 9617
f 9617 9716 9717
f 9617 9717 9618
f 9618 9717 9718
f 9618 9718 9619
f 9619 9718 9719
f 9619 9719 9620
f 9620 9719 9720
f 9620 9720 9621
f 9621 9720 9721
f 9621 9721 9622
f 9622 9721 9722
f 9622 9722 9623
f 9623 9722 9723
f 9623 9723 9624
f 9624 9723 9724
f 9624 9724 9625
f 9625 9724 9725
f 9625 9725 9626
f 9626 9725 9726
f 9626 9726 9627
f 9627 9726 9727
f 9627 9727 9628
f 9628 9727 9728
f 9628 9728 9629
f 9629 9728 9729
f 9629 9729 9630
f 9630 9729 9730
f 9630 9730 9631
f 9631 9730 9731
f 9631 9731 9632
f 9632 9731 9732
f 9632 9732 9633
f 9633 9732 9733
f 9633 9733 9634
f 9634 9733 9734
f 9634 9734 9635
f 9635 9734 9735
f 9635 9735 9636
f 9636 9735 9736
f 9636 9736 9637
f 9637 9736 9737
f 9637 9737 9638
f 9638 9737 9738
f 9638 9738 9639
f 9639 9738 9739
f 9639 9739 9640
f 9640 9739 9740
f 9640 9740 9641
f 9641 9740 9741
f 9641 9741 9642
f 9642 9741 9742
f 9642 9742 9643
f 9643 9742 9743
f 9643 9743 9644
f 9644 9743 9744
f 9644 9744 9645
f 9645 9744 9745
f 9645 9745 9646
f 9646 9745 9746
f 9646 9746 9647
f 9647 9746 9747
f 9647 9747 9648
f 9648 9747 9748
f 9648 9748 9649
f 9649 9748 9749
f 9649 9749 9650
f 9650 9749 9750
f 9650 9750 9651
f 9651 9750 9751
f 9651 9751 9652
f 9652 9751 9752
f 9652 9752 9653
f 9653 9752 9753
f 9653 9753 9654
f 9654 9753 9754
f 9654 9754 9655
f 9655 9754 9755
f 9655 9755 9656
f 9656 9755 9756
f 9656 9756 9657
f 9657 9756 9757
f 9657 9757 9658
f 9658 9757 9758
f 9658 9758 9659
f 9659 9758 9759
f 9659 9759 9660
f 9660 9759 9760
f 9660 9760 9661
f 9661 9760 9761
f 9661 9761 9662
f 9662 9761 9762
f 9662 9762 9663
f 9663 9762 9763
f 9663 9763 9664
f 9664 9763 9764
f 9664 9764 9665
f 9665 9764 9765
f 9665 9765 9666
f 9666 9765 9766
f 9666 9766 9667
f 9667 9766 9767
f 9667 9767 9668
f 9668 9767 9768
f 9668 9768 9669
f 9669 9768 9769
f 9669 9769 9670
f 9670 9769 9770
f 9670 9770 9671
f 9671 9770 9771
f 9671 9771 9672
f 9672 9771 9772
f 9672 9772 9673
f 9673 9772 9773
f 9673 9773 9674
f 9674 9773 9774
f 9674 9774 9675
f 9675 9774 9775
f 9675 9775 9676
f 9676 9775 9776
f 9676 9776 9677
f 9677 9776 9777
f 9677 9777 9678
f 9678 9777 9778
f 9678 9778 9679
f 9679 9778 9779
f 9679 9779 9680
f 9680 9779 9780
f 9680 9780 9681
f 9681 9780 9781
f 9681 9781 9682
f 9682 9781 9782
f 9682 9782 9683
f 9683 9782 9783
f 9683 9783 9684
f 9684 9783 9784
f 9684 9784 9685
f 9685 9784 9785
f 9685 9785 9686
f 9686 9785 9786
f 9686 9786 9687
f 9687 9786 9787
f 9687 9787 9688
f 9688 9787 9788
f 9688 9788 9689
f 9689 9788 9789
f 9689 9789 9690
f 9690 9789 9790
f 9690 9790 9691
f 9691 9790 9791
f 9691 9791 9692
f 9692 9791 9792
f 9692 9792 9693
f 9693 9792 9793
f 9693 9793 9694
f 9694 9793 9794
f 9694 9794 9695
f 9695 9794 9795
f 9695 9795 9696
f 9696 9795 9796
f 9696 9796 9697
f 9697 9796 9797
f 9697 9797 9698
f 9698 9797 9798
f 9698 9798 9699
f 9699 9798 9799
f 9699 9799 9700
f 9700 9799 9800
f 9701 9801 9702
f 9702 9801 9802
f 9702 9802 9703
f 9703 9802 9803
f 9703 9803 9704
f 9704 9803 9804
f 9704 9804 9705
f 9705 9804 9805
f 9705 9805 9706
f 9706 9805 9806
f 9706 9806 9707
f 9707 9806 9807
f 9707 9807 9708
f 9708 9807 9808
f 9708 9808 9709
f 9709 9808 9809
f 9709 9809 9710
f 9710 9809 9810
f 9710 9810 9711
f 9711 9810 9811
f 9711 9811 9712
f 9712 9811 9812
f 9712 9812 9713
f 9713 9812 9813
f 9713 9813 9714
f 9714 9813 9814
f 9714 9814 9715
f 9715 9814 9815
f 9715 9815 9716
f 9716 9815 9816
f 9716 9816 9717
f 9717 9816 9817
f 9717 9817 9718
f 9718 9817 9818
f 9718 9818 9719
f 9719 9818 9819
f 9719 9819 9720
f 9720 9819 9820
f 9720 9820 9721
f 9721 9820 9821
f 9721 9821 9722
f 9722 9821 9822
f 9722 9822 9723
f 9723 9822 9823
f 9723 9823 9724
f 9724 9823 9824
f 9724 9824 9725
f 9725 9824 9825
f 9725 9825 9726
f 9726 9825 9826
f 9726 9826 9727
f 9727 9826 9827
f 9727 9827 9728
f 9728 9827 9828
f 9728 9828 9729
f 9729 9828 9829
f 9729 9829 9730
f 9730 9829 9830
f 9730 9830 9731
f 9731 9830 9831
f 9731 9831 9732
f 9732 9831 9832
f 9732 9832 9733
f 9733 9832 9833
f 9733 9833 9734
f 9734 9833 9834
f 9734 9834 9735
f 9735 9834 9835
f 9735 9835 9736
f 9736 9835 9836
f 9736 9836 9737
f 9737 9836 9837
f 9737 9837 9738
f 9738 9837 9838
f 9738 9838 9739
f 9739 9838 9839
f 9739 9839 9740
f 9740 9839 9840
f 9740 9840 9741
f 9741 9840 9841
f 9741 9841 9742
f 9742 9841 9842
f 9742 9842 9743
f 9743 9842 9843
f 9743 9843 9744
f 9744 9843 9844
f 9744 9844 9745
f 9745 9844 9845
f 9745 9845 9746
f 9746 9845 9846
f 9746 9846 9747
f 9747 9846 9847
f 9747 9847 9748
f 9748 9847 9848
f 9748 9848 9749
f 9749 9848 9849
f 9749 9849 9750
f 9750 9849 9850
f 9750 9850 9751
f 9751 9850 9851
f 9751 9851 9752
f 9752 9851 9852
f 9752 9852 9753
f 9753 9852 9853
f 9753 9853 9754
f 9754 9853 9854
f 9754 9854 9755
f 9755 9854 9855
f 9755 9855 9756
f 9756 9855 9856
f 9756 9856 9757
f 9757 9856 9857
f 9757 9857 9758
f 9758 9857 9858
f 9758 9858 9759
f 9759 9858 9859
f 9759 9859 9760
f 9760 9859 9860
f 9760 9860 9761
f 9761 9860 9861
f 9761 9861 9762
f 9762 9861 9862
f 9762 9862 9763
f 9763 9862 9863
f 9763 9863 9764
f 9764 9863 9864
f 9764 9864 9765
f 9765 9864 9865
f 9765 9865 9766
f 9766 9865 9866
f 9766 9866 9767
f 9767 9866 9867
f 9767 9867 9768
f 9768 9867 9868
f 9768 9868 9769
f 9769 9868 9869
f 9769 9869 9770
f 9770 9869 9870
f 9770 9870 9771
f 9771 9870 9871
f 9771 9871 9772
f 9772 9871 9872
f 9772 9872 9773
f 9773 9872 9873
f 9773 9873 9774
f 9774 9873 9874
f 9774 9874 9775
f 9775 9874 9875
f 9775 9875 9776
f 9776 9875 9876
f 9776 9876 9777
f 9777 9876 9877
f 9777 9877 9778
f 9778 9877 9878
f 9778 9878 9779
f 9779 9878 9879
f 9779 9879 9780
f 9780 9879 9880
f 9780 9880 9781
f 9781 9880 9881
f 9781 9881 9782
f 9782 9881 9882
f 9782 9882 9783
f 9783 9882 9883
f 9783 9883 9784
f 9784 9883 9884
f 9784 9884 9785
f 9785 9884 9885
f 9785 9885 9786
f 9786 9885 9886
f 9786 9886 9787
f 9787 9886 9887
f 9787 9887 9788
f 9788 9887 9888
f 9788 9888 9789
f 9789 9888 9889
f 9789 9889 9790
f 9790 9889 9890
f 9790 9890 9791
f 9791 9890 9891
f 9791 9891 9792
f 9792 9891 9892
f 9792 9892 9793
f 9793 9892 9893
f 9793 9893 9794
f 9794 9893 9894
f 9794 9894 9795
f 9795 9894 9895
f 9795 9895 9796
f 9796 9895 9896
f 9796 9896 9797
f 9797 9896 9897
f 9797 9897 9798
f 9798 9897 9898
f 9798 9898 9799
f 9799 9898 9899
f 9799 9899 9800
f 9800 9899 9900
f 9801 9901 9802
f 9802 9901 9902
f 9802 9902 9803
f 9803 9902 9903
f 9803 9903 9804
f 9804 9903 9904
f 9804 9904 9805
f 9805 9904 9905
f 9805 9905 9806
f 9806 9905 9906
f 9806 9906 9807
f 9807 9906 9907
f 9807 9907 9808
f 9808 9907 9908
f 9808 9908 9809
f 9809 9908 9909
f 9809 9909 9810
f 9810 9909 9910
f 9810 9910 9811
f 9811 9910 9911
f 9811 9911 9812
f 9812 9911 9912
f 9812 9912 9813
f 9813 9912 9913
f 9813 9913 9814
f 9814 9913 9914
f 9814 9914 9815
f 9815 9914 9915
f 9815 9915 9816
f 9816 9915 9916
f 9816 9916 9817
f 9817 9916 9917
f 9817 9917 9818
f 9818 9917 9918
f 9818 9918 9819
f 9819 9918 9919
f 9819 9919 9820
f 9820 9919 9920
f 9820 9920 9821
f 9821 9920 9921
f 9821 9921 9822
f 9822 9921 9922
f 9822 9922 9823
f 9823 9922 9923
f 9823 9923 9824
f 9824 9923 9924
f 9824 9924 9825
f 9825 9924 9925
f 9825 9925 9826
f 9826 9925 9926
f 9826 9926 9827
f 9827 9926 9927
f 9827 9927 9828
f 9828 9927 9928
f 9828 9928 9829
f 9829 9928 9929
f 9829 9929 9830
f 9830 9929 9930
f 9830 9930 9831
f 9831 9930 9931
f 9831 9931 9832
f 9832 9931 9932
f 9832 9932 9833
f 9833 9932 9933
f 9833 9933 9834
f 9834 9933 9934
f 9834 9934 9835
f 9835 9934 9935
f 9835 9935 9836
f 9836 9935 9936
f 9836 9936 9837
f 9837 9936 9937
f 9837 9937 9838
f 9838 9937 9938
f 9838 9938 9839
f 9839 9938 9939
f 9839 9939 9840
f 9840 9939 9940
f 9840 9940 9841
f 9841 9940 9941
f 9841 9941 9842
f 9842 9941 9942
f 9842 9942 9843
f 9843 9942 9943
f 9843 9943 9844
f 9844 9943 9944
f 9844 9944 9845
f 9845 9944 9945
f 9845 9945 9846
f 9846 9945 9946
f 9846 9946 9847
f 9847 9946 9947
f 9847 9947 9848
f 9848 9947 9948
f 9848 9948 9849
f 9849 9948 9949
f 9849 9949 9850
f 9850 9949 9950
f 9850 9950 9851
f 9851 9950 9951
f 9851 9951 9852
f 9852 9951 9952
f 9852 9952 9853
f 9853 9952 9953
f 9853 9953 9854
f 9854 9953 9954
f 9854 9954 9855
f 9855 9954 9955
f 9855 9955 9856
f 9856 9955 9956
f 9856 9956 9857
f 9857 9956 9957
f 9857 9957 9858
f 9858 9957 9958
f 9858 9958 9859
f 9859 9958 9959
f 9859 9959 9860
f 9860 9959 9960
f 9860 9960 9861
f 9861 9960 9961
f 9861 9961 9862
f 9862 9961 9962
f 9862 9962 9863
f 9863 9962 9963
f 9863 9963 9864
f 9864 9963 9964
f 9864 9964 9865
f 9865 9964 9965
f 9865 9965 9866
f 9866 9965 9966
f 9866 9966 9867
f 9867 9966 9967
f 9867 9967 9868
f 9868 9967 9968
f 9868 9968 9869
f 9869 9968 9969
f 9869 9969 9870
f 9870 9969 9970
f 9870 9970 9871
f 9871 9970 9971
f 9871 9971 9872
f 9872 9971 9972
f 9872 9972 9873
f 9873 9972 9973
f 9873 9973 9874
f 9874 9973 9974
f 9874 9974 9875
f 9875 9974 9975
f 9875 9975 9876
f 9876 9975 9976
f 9876 9976 9877
f 9877 9976 9977
f 9877 9977 9878
f 9878 9977 9978
f 9878 9978 9879
f 9879 9978 9979
f 9879 9979 9880
f 9880 9979 9980
f 9880 9980 9881
f 9881 9980 9981
f 9881 9981 9882
f 9882 9981 9982
f 9882 9982 9883
f 9883 9982 9983
f 9883 9983 9884
f 9884 9983 9984
f 9884 9984 9885
f 9885 9984 9985
f 9885 9985 9886
f 9886 9985 9986
f 9886 9986 9887
f 9887 9986 9987
f 9887 9987 9888
f 9888 9987 9988
f 9888 9988 9889
f 9889 9988 9989
f 9889 9989 9890
f 9890 9989 9990
f 9890 9990 9891
f 9891 9990 9991
f 9891 9991 9892
f 9892 9991 9992
f 9892 9992 9893
f 9893 9992 9993
f 9893 9993 9894
f 9894 9993 9994
f 9894 9994 9895
f 9895 9994 9995
f 9895 9995 9896
f 9896 9995 9996
f 9896 9996 9897
f 9897 9996 9997
f 9897 9997 9898
f 9898 9997 9998
f 9898 9998 9899
f 9899 9998 9999
f 9899 9999 9900
f 9900 9999 10000
